controller,tier,condition,fault_type,fault_severity,seed_idx,trial_seed,success,collision,timeout,stuck_oscillation,path_length,time_to_goal,min_clearance,steering_smoothness,final_goal_distance,steps
A_baseline,sparse,clean,,,0,404653,False,True,False,False,458.0,400,2.4615726903817405,8.086404100246911,89.78157423010276,229
A_baseline,sparse,clean,,,1,215753,False,True,False,False,260.0,400,1.6601128703484587,6.075552847112896,121.65818374392138,130
A_baseline,sparse,clean,,,2,944924,True,False,False,False,121.99999999999999,61,3.5351971344860886,12.36577569710496,2.500707661083839,61
A_baseline,sparse,clean,,,3,12413,False,True,False,False,748.0000000000001,400,1.9391683840540956,14.544241252770245,93.54512751134173,374
A_baseline,sparse,clean,,,4,839153,False,True,False,False,632.0,400,1.799091157482918,7.638409219764721,129.17209959688623,316
A_baseline,sparse,clean,,,5,26206,False,True,False,False,606.0,400,2.1604075365945885,7.655608222548877,76.48006136568934,303
A_baseline,sparse,clean,,,6,85702,False,True,False,False,318.0,400,2.9898101886209765,9.219084515056483,40.92111055247199,159
A_baseline,sparse,clean,,,7,720542,False,True,False,False,242.0,400,2.1779939838431517,4.993064063575382,128.16140398682467,121
A_baseline,sparse,clean,,,8,43194,False,True,False,False,79.99999999999999,400,2.4063504861264744,6.493876734924436,45.270774883002986,40
A_baseline,sparse,clean,,,9,76840,False,True,False,False,304.0,400,4.424846513603742,9.526895846327536,62.584214400952256,152
A_baseline,sparse,clean,,,10,827195,False,False,True,False,800.0,400,4.667474371079116,8.53165324394234,78.19477078870624,400
A_baseline,sparse,clean,,,11,891107,True,False,False,False,118.0,59,7.166636514082489,7.440084505362131,3.5346606274622006,59
A_baseline,sparse,clean,,,12,419585,False,True,False,False,662.0,400,2.237742896468498,7.8637857249005085,76.4142220856574,331
A_baseline,sparse,clean,,,13,197278,False,True,False,False,708.0,400,1.6493103456563125,11.852034876612482,95.2777327456544,354
A_baseline,sparse,clean,,,14,662269,False,True,False,False,396.0,400,1.7228500938232512,6.729057131282027,59.73252049586951,198
A_baseline,sparse,clean,,,15,666954,False,True,False,False,10.000000000000004,400,3.29919391420953,40.0,109.66936303076642,5
A_baseline,sparse,clean,,,16,764983,True,False,False,False,372.00000000000006,186,5.6166127998594275,13.438169019174193,3.031699112597255,186
A_baseline,sparse,clean,,,17,888532,True,False,False,False,122.0,61,8.368409123890709,7.752464814802883,3.0439309209526697,61
A_baseline,sparse,clean,,,18,155719,False,True,False,False,332.0,400,3.273271162947572,8.351842942986664,48.95554253637579,166
A_baseline,sparse,clean,,,19,579943,False,True,False,False,269.99999999999994,400,1.923872338549774,15.469301830790789,91.54885517592939,135
A_baseline,sparse,clean,,,20,727353,False,True,False,False,362.0,400,2.7668044425293172,11.356177408665136,7.219512371371335,181
A_baseline,sparse,clean,,,21,6151,False,True,False,False,310.0,400,1.6967573096371384,9.133535710088417,67.97118723453413,155
A_baseline,sparse,clean,,,22,710788,False,True,False,False,107.99999999999999,400,2.9167048692478366,7.962147806531271,87.87652680867086,54
A_baseline,sparse,clean,,,23,138531,False,True,False,False,62.0,400,3.5268285776370485,27.173955872090104,59.75453778198047,31
A_baseline,sparse,clean,,,24,281206,False,True,False,False,444.0,400,2.526065178924348,4.418270062260225,101.55314597829205,222
A_baseline,sparse,clean,,,25,90320,False,True,False,False,134.00000000000003,400,1.6987303911726426,8.189991235774672,20.021322582175344,67
A_baseline,sparse,clean,,,26,473688,False,True,False,False,370.0,400,2.179821705835853,4.961985674390108,57.542666517834206,185
A_baseline,sparse,clean,,,27,950752,False,True,False,False,548.0,400,2.1414055686704043,10.615703503409758,128.26077830571415,274
A_baseline,sparse,clean,,,28,974050,True,False,False,False,132.0,66,7.9421843489510815,15.517701331341476,2.904791520809113,66
A_baseline,sparse,clean,,,29,162968,True,False,False,False,128.0,64,11.484435173768887,7.28238334869649,3.805890579856637,64
A_baseline,sparse,clean,,,30,247501,False,True,False,False,170.0,400,2.934157756992812,12.50345600914513,57.864839409584675,85
A_baseline,sparse,clean,,,31,611736,False,True,False,False,224.0,400,3.235419849091982,14.462761898380673,85.6949238668103,112
A_baseline,sparse,clean,,,32,202663,False,True,False,False,352.0,400,2.8805156486600088,8.662971552260835,76.2232273868767,176
A_baseline,sparse,clean,,,33,749349,True,False,False,False,118.0,59,5.893157406130801,5.1161685994843324,3.541549562247084,59
A_baseline,sparse,clean,,,34,67944,False,True,False,False,650.0,400,1.8736266263517225,12.221552207959986,89.44504550838018,325
A_baseline,sparse,clean,,,35,667972,False,True,False,False,458.0,400,2.3435204499525604,6.658076095043648,38.9797062794713,229
A_baseline,sparse,clean,,,36,284085,True,False,False,False,120.0,60,10.764405640223066,6.382279666453846,3.8263751562091177,60
A_baseline,sparse,clean,,,37,56648,False,True,False,False,364.00000000000006,400,1.974849449452416,9.883710359773525,10.855885594284505,182
A_baseline,sparse,clean,,,38,883846,False,True,False,False,26.0,400,1.936153866889383,48.0858996110993,94.06944788447726,13
A_baseline,sparse,clean,,,39,542999,False,True,False,False,177.99999999999997,400,3.078727498029971,9.497088190130741,63.331164897359244,89
A_baseline,sparse,clean,,,40,876790,True,False,False,False,128.00000000000003,64,4.989149778331404,14.691924526597878,2.4462700377908453,64
A_baseline,sparse,clean,,,41,864562,False,True,False,False,406.0,400,2.1587109735745282,16.780888223873713,74.6723947208832,203
A_baseline,sparse,clean,,,42,110485,False,True,False,False,302.00000000000006,400,2.7445318145234276,7.092636940421893,85.88643889164831,151
A_baseline,sparse,clean,,,43,8300,False,True,False,False,20.000000000000007,400,2.0041089517044544,52.0,99.19298993327678,10
A_baseline,sparse,clean,,,44,503793,False,True,False,False,34.00000000000001,400,3.2312332186721915,31.51788492906259,85.23740055188385,17
A_baseline,sparse,clean,,,45,352372,True,False,False,False,116.0,58,6.493957525632912,8.763384152056341,3.727141032429772,58
A_baseline,sparse,clean,,,46,454845,False,False,True,False,800.0,400,2.7225298976392653,9.615759646041141,76.67940476677772,400
A_baseline,sparse,clean,,,47,837206,False,False,True,False,800.0,400,2.9587229773416848,5.401623233595025,84.26803274027583,400
A_baseline,sparse,clean,,,48,834851,False,True,False,False,48.0,400,2.2895738455145174,7.694709292278557,79.61625885088847,24
A_baseline,sparse,clean,,,49,457512,False,True,False,False,179.99999999999997,400,2.1042901560620906,7.157919551979049,62.45472928673828,90
A_baseline,sparse,fault_dropout,dropout,,0,404653,False,True,False,False,140.0,400,1.7269209443745994,2.123278358333579,25.13142704886441,70
A_baseline,sparse,fault_dropout,dropout,,1,215753,False,True,False,False,112.00000000000003,400,3.2284724157356206,3.147038322644088,21.02442998117216,56
A_baseline,sparse,fault_dropout,dropout,,2,944924,False,True,False,False,366.0,400,2.7348214637599817,9.091186971148966,19.60796154764656,183
A_baseline,sparse,fault_dropout,dropout,,3,12413,True,False,False,False,400.0,200,4.825299193279302,13.681918604282616,3.507623942360145,200
A_baseline,sparse,fault_dropout,dropout,,4,839153,False,True,False,False,177.99999999999997,400,1.6308602630570244,3.787008717148604,59.772739789904136,89
A_baseline,sparse,fault_dropout,dropout,,5,26206,False,True,False,False,59.99999999999999,400,1.9534015366996487,8.302133415872978,105.34550543772535,30
A_baseline,sparse,fault_dropout,dropout,,6,85702,False,True,False,False,92.0,400,2.3735419460221525,13.449075477450643,45.477412350322936,46
A_baseline,sparse,fault_dropout,dropout,,7,720542,False,True,False,False,140.0,400,2.028458687850509,3.5649799418684984,30.578099701496175,70
A_baseline,sparse,fault_dropout,dropout,,8,43194,False,True,False,False,103.99999999999999,400,2.073236296152296,2.106103548770824,21.099074441258804,52
A_baseline,sparse,fault_dropout,dropout,,9,76840,False,True,False,False,466.0,400,2.389781719039194,6.2975091345213,128.57057850512103,233
A_baseline,sparse,fault_dropout,dropout,,10,827195,False,True,False,False,90.0,400,1.8408485717618286,3.4702938805191645,32.22250861931439,45
A_baseline,sparse,fault_dropout,dropout,,11,891107,False,False,True,False,800.0,400,4.475013846265083,4.422953665203696,68.16649676698874,400
A_baseline,sparse,fault_dropout,dropout,,12,419585,False,True,False,False,128.0,400,2.177379828675279,1.936824082902517,19.30647610039897,64
A_baseline,sparse,fault_dropout,dropout,,13,197278,False,True,False,False,56.0,400,1.5959439044528332,9.670277362372348,66.88659303956791,28
A_baseline,sparse,fault_dropout,dropout,,14,662269,False,True,False,False,134.00000000000003,400,2.4594521792107944,1.997010101927049,26.86156211055443,67
A_baseline,sparse,fault_dropout,dropout,,15,666954,False,True,False,False,10.000000000000004,400,3.29919391420953,40.0,109.66936303076642,5
A_baseline,sparse,fault_dropout,dropout,,16,764983,False,True,False,False,186.0,400,3.2244989095295447,7.01982778395608,85.1764217037699,93
A_baseline,sparse,fault_dropout,dropout,,17,888532,False,True,False,False,75.99999999999999,400,1.9101208398480067,15.60251336093282,51.308794666250414,38
A_baseline,sparse,fault_dropout,dropout,,18,155719,False,True,False,False,106.00000000000001,400,2.063221968724902,4.626419335276476,61.225888796699415,53
A_baseline,sparse,fault_dropout,dropout,,19,579943,False,True,False,False,39.99999999999999,400,1.8925857827513206,27.6172032971377,79.89245337951398,20
A_baseline,sparse,fault_dropout,dropout,,20,727353,False,True,False,False,230.00000000000003,400,2.019818168145546,6.207751227216617,127.42985619621655,115
A_baseline,sparse,fault_dropout,dropout,,21,6151,False,True,False,False,119.99999999999999,400,2.985437355165795,4.271287724336516,84.8048868480325,60
A_baseline,sparse,fault_dropout,dropout,,22,710788,False,True,False,False,105.99999999999999,400,1.6042717336436927,28.559164786101185,39.47780639244074,53
A_baseline,sparse,fault_dropout,dropout,,23,138531,False,True,False,False,382.0,400,2.020626490167253,10.808488730862933,79.54547221692154,191
A_baseline,sparse,fault_dropout,dropout,,24,281206,False,True,False,False,50.0,400,2.28155784227801,2.4264069713259984,69.37853727245344,25
A_baseline,sparse,fault_dropout,dropout,,25,90320,False,True,False,False,134.0,400,3.3390106341573946,3.5040441514104756,18.36988811035865,67
A_baseline,sparse,fault_dropout,dropout,,26,473688,False,True,False,False,129.99999999999997,400,1.77372155982808,1.8486033808710156,21.032096823806192,65
A_baseline,sparse,fault_dropout,dropout,,27,950752,False,True,False,False,108.0,400,1.5662504049157653,11.062364750621342,64.4470254546294,54
A_baseline,sparse,fault_dropout,dropout,,28,974050,False,True,False,False,164.0,400,2.109250397891149,9.709581206392519,84.40086477045487,82
A_baseline,sparse,fault_dropout,dropout,,29,162968,True,False,False,False,128.0,64,11.484435173768887,7.28238334869649,3.805890579856637,64
A_baseline,sparse,fault_dropout,dropout,,30,247501,False,True,False,False,320.0,400,2.361668238844374,10.33175320809982,84.30379442477862,160
A_baseline,sparse,fault_dropout,dropout,,31,611736,False,True,False,False,132.0,400,2.226792104630989,12.846765335698114,12.419465571856021,66
A_baseline,sparse,fault_dropout,dropout,,32,202663,False,True,False,False,122.0,400,3.4343765400885577,8.673050475592662,11.584493281537446,61
A_baseline,sparse,fault_dropout,dropout,,33,749349,False,True,False,False,56.0,400,2.8354843562695233,2.6775122201031647,63.81433157758245,28
A_baseline,sparse,fault_dropout,dropout,,34,67944,False,True,False,False,37.99999999999999,400,2.07182402538088,1.5789473684210527,82.1925021367418,19
A_baseline,sparse,fault_dropout,dropout,,35,667972,False,True,False,False,86.0,400,1.761259318632024,4.470716053229557,67.31737289184704,43
A_baseline,sparse,fault_dropout,dropout,,36,284085,False,True,False,False,132.0,400,1.9854334519859862,2.1546072581832125,19.368100026038423,66
A_baseline,sparse,fault_dropout,dropout,,37,56648,False,True,False,False,257.99999999999994,400,1.6487362296862411,6.5801778736458525,127.43538233136324,129
A_baseline,sparse,fault_dropout,dropout,,38,883846,False,True,False,False,26.0,400,1.936153866889383,48.0858996110993,94.06944788447726,13
A_baseline,sparse,fault_dropout,dropout,,39,542999,False,True,False,False,50.00000000000001,400,1.6323865361029561,0.8682400565090265,69.91595587237171,25
A_baseline,sparse,fault_dropout,dropout,,40,876790,True,False,False,False,130.0,65,2.9210045844212695,11.680529795588443,3.9228815616591213,65
A_baseline,sparse,fault_dropout,dropout,,41,864562,False,True,False,False,69.99999999999999,400,1.9747419864363858,4.016749174345183,69.01678407103356,35
A_baseline,sparse,fault_dropout,dropout,,42,110485,False,False,True,False,800.0,400,3.5876638240343457,5.372093196938112,62.8877866847237,400
A_baseline,sparse,fault_dropout,dropout,,43,8300,False,True,False,False,20.000000000000007,400,2.0041089517044544,52.0,99.19298993327678,10
A_baseline,sparse,fault_dropout,dropout,,44,503793,False,True,False,False,34.00000000000001,400,3.2312332186721915,31.51788492906259,85.23740055188385,17
A_baseline,sparse,fault_dropout,dropout,,45,352372,False,True,False,False,180.0,400,2.2028912906141,4.044363095233345,80.69725685182961,90
A_baseline,sparse,fault_dropout,dropout,,46,454845,False,True,False,False,146.0,400,1.8979745289432004,3.069770909665755,34.27299304579942,73
A_baseline,sparse,fault_dropout,dropout,,47,837206,False,True,False,False,503.99999999999994,400,1.8861288750734297,5.5022803943899135,7.285372916533975,252
A_baseline,sparse,fault_dropout,dropout,,48,834851,False,True,False,False,48.0,400,2.2895738455145174,7.694709292278557,79.61625885088847,24
A_baseline,sparse,fault_dropout,dropout,,49,457512,False,True,False,False,149.99999999999997,400,3.3553301718530477,6.298788895731431,61.38868559083387,75
A_baseline,sparse,fault_bias,bias,,0,404653,False,True,False,False,496.0,400,2.5547946355879776,35.27329363959939,100.47592651659129,248
A_baseline,sparse,fault_bias,bias,,1,215753,False,True,False,False,112.00000000000003,400,3.2284724157356206,3.147038322644088,21.02442998117216,56
A_baseline,sparse,fault_bias,bias,,2,944924,False,True,False,False,292.0,400,1.876604946778908,5.892216776435499,48.214138325921816,146
A_baseline,sparse,fault_bias,bias,,3,12413,False,True,False,False,96.0,400,2.490035923974534,5.494835744386486,55.40165646941712,48
A_baseline,sparse,fault_bias,bias,,4,839153,False,True,False,False,214.0,400,2.5970033019078067,4.237454623697562,38.912308009818005,107
A_baseline,sparse,fault_bias,bias,,5,26206,False,True,False,False,252.0,400,2.4309508052956694,4.406639633176942,36.74508385179975,126
A_baseline,sparse,fault_bias,bias,,6,85702,False,True,False,False,111.99999999999999,400,2.073374580874883,5.841199276285871,79.9950879063563,56
A_baseline,sparse,fault_bias,bias,,7,720542,False,True,False,False,140.0,400,2.028458687850509,3.5649799418684984,30.578099701496175,70
A_baseline,sparse,fault_bias,bias,,8,43194,False,True,False,False,243.99999999999997,400,1.7569539122672315,28.472383304564488,38.16875772459323,122
A_baseline,sparse,fault_bias,bias,,9,76840,False,True,False,False,140.00000000000003,400,1.8349930934032246,4.105313275770865,73.03718196483327,70
A_baseline,sparse,fault_bias,bias,,10,827195,True,False,False,False,117.99999999999997,59,9.278247044500365,14.33415469057013,3.9677311629315364,59
A_baseline,sparse,fault_bias,bias,,11,891107,False,False,True,False,800.0,400,5.840712043822727,3.69657836869385,110.69892999970668,400
A_baseline,sparse,fault_bias,bias,,12,419585,False,True,False,False,128.0,400,2.177379828675279,1.936824082902517,19.30647610039897,64
A_baseline,sparse,fault_bias,bias,,13,197278,False,True,False,False,184.0,400,2.3392059938241276,4.067804790414544,71.19038780635522,92
A_baseline,sparse,fault_bias,bias,,14,662269,False,True,False,False,754.0,400,2.8313442596325338,26.160572159265453,68.48969742204962,377
A_baseline,sparse,fault_bias,bias,,15,666954,False,True,False,False,10.000000000000004,400,3.29919391420953,40.0,109.66936303076642,5
A_baseline,sparse,fault_bias,bias,,16,764983,False,True,False,False,102.0,400,2.38380695724962,7.909252981451035,91.66842445618965,51
A_baseline,sparse,fault_bias,bias,,17,888532,False,True,False,False,524.0,400,2.782539766767889,4.450476814826811,104.47080843091211,262
A_baseline,sparse,fault_bias,bias,,18,155719,False,True,False,False,106.00000000000001,400,2.063221968724902,4.626419335276476,61.225888796699415,53
A_baseline,sparse,fault_bias,bias,,19,579943,False,True,False,False,37.99999999999999,400,3.249337806077355,16.439161365408104,82.20929484469949,19
A_baseline,sparse,fault_bias,bias,,20,727353,False,True,False,False,66.0,400,2.673609600277381,14.315784383152725,78.94053450523413,33
A_baseline,sparse,fault_bias,bias,,21,6151,False,True,False,False,63.999999999999986,400,2.366015965155924,5.108327361790536,66.74878273481711,32
A_baseline,sparse,fault_bias,bias,,22,710788,False,True,False,False,100.00000000000001,400,2.6889936906777208,2.7885685207955118,68.68247828830339,50
A_baseline,sparse,fault_bias,bias,,23,138531,False,True,False,False,104.0,400,2.92324047097244,6.885407015506729,86.29768900226433,52
A_baseline,sparse,fault_bias,bias,,24,281206,False,True,False,False,50.0,400,2.49660426377289,2.56059610090752,69.30450641441566,25
A_baseline,sparse,fault_bias,bias,,25,90320,False,True,False,False,134.0,400,2.6137158542696963,3.520319706283515,19.061563271707048,67
A_baseline,sparse,fault_bias,bias,,26,473688,False,True,False,False,129.99999999999997,400,1.77372155982808,1.8486033808710156,21.032096823806192,65
A_baseline,sparse,fault_bias,bias,,27,950752,False,True,False,False,108.0,400,1.5662504049157653,11.062364750621342,64.4470254546294,54
A_baseline,sparse,fault_bias,bias,,28,974050,False,True,False,False,130.0,400,2.1278460907443986,13.363277628050099,83.52101750642774,65
A_baseline,sparse,fault_bias,bias,,29,162968,True,False,False,False,582.0,291,4.155500003313567,18.202026364054408,3.0263875571426335,291
A_baseline,sparse,fault_bias,bias,,30,247501,False,True,False,False,380.0,400,2.003090130531783,6.849553364003696,88.06521373841812,190
A_baseline,sparse,fault_bias,bias,,31,611736,False,True,False,False,60.0,400,2.4307963030602853,15.47387770418147,65.38815507019477,30
A_baseline,sparse,fault_bias,bias,,32,202663,False,True,False,False,420.0,400,1.7715906461813702,3.8684717392190513,23.708292834481394,210
A_baseline,sparse,fault_bias,bias,,33,749349,False,True,False,False,56.00000000000001,400,2.954701228060977,1.594899042756848,63.39068681657343,28
A_baseline,sparse,fault_bias,bias,,34,67944,False,True,False,False,220.0,400,2.3923315931615052,5.513940588432466,32.61079235108799,110
A_baseline,sparse,fault_bias,bias,,35,667972,False,True,False,False,88.0,400,3.0416127145353413,5.871828536565055,65.95844893244798,44
A_baseline,sparse,fault_bias,bias,,36,284085,True,False,False,False,120.0,60,11.012790111729064,16.120067984001533,2.2377988763594776,60
A_baseline,sparse,fault_bias,bias,,37,56648,False,True,False,False,342.0,400,3.3234189734635655,5.79887317353644,85.60138028777,171
A_baseline,sparse,fault_bias,bias,,38,883846,False,True,False,False,26.0,400,1.936153866889383,48.0858996110993,94.06944788447726,13
A_baseline,sparse,fault_bias,bias,,39,542999,False,True,False,False,50.000000000000014,400,2.0909489235996075,1.045370486743786,69.62564926863695,25
A_baseline,sparse,fault_bias,bias,,40,876790,True,False,False,False,130.0,65,2.9210045844212695,11.680529795588443,3.9228815616591213,65
A_baseline,sparse,fault_bias,bias,,41,864562,False,True,False,False,46.0,400,1.7576161728346313,30.471903100360414,85.6441552692022,23
A_baseline,sparse,fault_bias,bias,,42,110485,False,True,False,False,262.00000000000006,400,1.743759946855559,5.643381015400071,50.1427073652774,131
A_baseline,sparse,fault_bias,bias,,43,8300,False,True,False,False,20.000000000000007,400,2.0041089517044544,52.0,99.19298993327678,10
A_baseline,sparse,fault_bias,bias,,44,503793,False,True,False,False,34.00000000000001,400,3.2312332186721915,31.51788492906259,85.23740055188385,17
A_baseline,sparse,fault_bias,bias,,45,352372,False,True,False,False,158.0,400,3.1450394145830454,3.579224234639224,62.58162035973105,79
A_baseline,sparse,fault_bias,bias,,46,454845,False,True,False,False,146.0,400,1.8979745289432004,3.069770909665755,34.27299304579942,73
A_baseline,sparse,fault_bias,bias,,47,837206,False,True,False,False,285.99999999999994,400,2.37853517178273,4.788353599844302,94.76057557476838,143
A_baseline,sparse,fault_bias,bias,,48,834851,False,True,False,False,48.0,400,2.2895738455145174,7.694709292278557,79.61625885088847,24
A_baseline,sparse,fault_bias,bias,,49,457512,False,True,False,False,164.0,400,2.57382361598251,5.314499110909307,81.84225817808502,82
A_baseline,sparse,fault_stale,stale,,0,404653,False,True,False,False,475.99999999999994,400,1.9670699019522286,8.250240156122965,90.9563431670711,238
A_baseline,sparse,fault_stale,stale,,1,215753,False,True,False,False,112.00000000000003,400,3.2284724157356206,3.147038322644088,21.02442998117216,56
A_baseline,sparse,fault_stale,stale,,2,944924,False,True,False,False,200.0,400,2.822228634059256,13.425873437336733,72.32581503945035,100
A_baseline,sparse,fault_stale,stale,,3,12413,False,True,False,False,642.0,400,1.829992730178585,12.767636513775193,84.19334004018356,321
A_baseline,sparse,fault_stale,stale,,4,839153,False,False,True,False,800.0,400,2.261547876516653,7.526557981059511,90.16702239725092,400
A_baseline,sparse,fault_stale,stale,,5,26206,False,True,False,False,156.0,400,2.38968478376066,7.083028756217025,69.28767361276141,78
A_baseline,sparse,fault_stale,stale,,6,85702,False,True,False,False,92.0,400,2.275920700317719,13.52262386743355,45.59268884055677,46
A_baseline,sparse,fault_stale,stale,,7,720542,False,False,True,False,800.0,400,2.1606528831628675,6.436848868139902,37.59849071957795,400
A_baseline,sparse,fault_stale,stale,,8,43194,False,True,False,False,688.0,400,3.31918293847822,11.547518772612273,85.71355737158058,344
A_baseline,sparse,fault_stale,stale,,9,76840,False,True,False,False,160.00000000000003,400,3.1507363215569333,9.594630661598238,40.70765292914442,80
A_baseline,sparse,fault_stale,stale,,10,827195,False,True,False,False,90.0,400,1.9482185714809912,3.3817456637348084,31.839246044206018,45
A_baseline,sparse,fault_stale,stale,,11,891107,False,False,True,False,800.0,400,2.671393765201787,5.963300174642151,74.43596991202146,400
A_baseline,sparse,fault_stale,stale,,12,419585,True,False,False,False,118.0,59,4.537887052862943,3.8806227339959505,3.7645056641925017,59
A_baseline,sparse,fault_stale,stale,,13,197278,False,True,False,False,56.0,400,1.8095737441695774,11.232701045023441,66.6514137964074,28
A_baseline,sparse,fault_stale,stale,,14,662269,False,False,True,False,800.0,400,4.766308512236636,10.109429016803942,88.45077991336177,400
A_baseline,sparse,fault_stale,stale,,15,666954,False,True,False,False,10.000000000000004,400,3.29919391420953,40.0,109.66936303076642,5
A_baseline,sparse,fault_stale,stale,,16,764983,False,True,False,False,106.00000000000001,400,1.588862050871209,13.472285445427175,52.19114850515212,53
A_baseline,sparse,fault_stale,stale,,17,888532,False,True,False,False,132.0,400,1.9635944675506436,8.319703549478529,9.41882483986768,66
A_baseline,sparse,fault_stale,stale,,18,155719,False,True,False,False,82.0,400,2.2336120803826294,8.092694994073064,43.518900729036474,41
A_baseline,sparse,fault_stale,stale,,19,579943,False,True,False,False,39.99999999999999,400,1.8925857827513206,27.6172032971377,79.89245337951398,20
A_baseline,sparse,fault_stale,stale,,20,727353,False,True,False,False,124.00000000000003,400,1.8494400499333876,4.197305202553388,14.772309739604518,62
A_baseline,sparse,fault_stale,stale,,21,6151,False,True,False,False,116.0,400,2.8433947475345156,12.559620054867043,26.734464055572733,58
A_baseline,sparse,fault_stale,stale,,22,710788,False,True,False,False,100.00000000000001,400,3.2007720523389187,5.787038617705116,35.90477370875452,50
A_baseline,sparse,fault_stale,stale,,23,138531,False,True,False,False,118.0,400,2.254621272922068,11.017244591312569,74.21028499599633,59
A_baseline,sparse,fault_stale,stale,,24,281206,False,True,False,False,50.0,400,2.264930229134366,2.4,69.3832541217445,25
A_baseline,sparse,fault_stale,stale,,25,90320,False,False,True,False,800.0,400,3.2431092907732983,6.6582743221333445,69.24684600989414,400
A_baseline,sparse,fault_stale,stale,,26,473688,False,True,False,False,129.99999999999997,400,1.77372155982808,2.2332187654864,21.09560718126834,65
A_baseline,sparse,fault_stale,stale,,27,950752,False,True,False,False,436.0,400,2.0747486814921654,11.334087463539841,91.28558228208918,218
A_baseline,sparse,fault_stale,stale,,28,974050,False,True,False,False,206.0,400,2.355266973999279,11.904474076501474,67.46489276021136,103
A_baseline,sparse,fault_stale,stale,,29,162968,True,False,False,False,128.0,64,11.484435173768887,7.28238334869649,3.805890579856637,64
A_baseline,sparse,fault_stale,stale,,30,247501,False,True,False,False,200.0,400,2.7037235094300787,10.813695985103926,79.0157543429575,100
A_baseline,sparse,fault_stale,stale,,31,611736,False,True,False,False,196.0,400,2.7987539474295886,12.194912929700052,55.5322909509898,98
A_baseline,sparse,fault_stale,stale,,32,202663,False,True,False,False,208.0,400,2.001779898145908,10.251373469038262,77.684576076578,104
A_baseline,sparse,fault_stale,stale,,33,749349,False,True,False,False,86.0,400,2.7591303844186132,4.861252696277091,44.83455405796361,43
A_baseline,sparse,fault_stale,stale,,34,67944,False,True,False,False,404.0,400,2.6362841666938754,10.798397200683068,100.05927946509182,202
A_baseline,sparse,fault_stale,stale,,35,667972,False,True,False,False,144.0,400,1.6222544637880854,9.393582327049963,42.34343489333093,72
A_baseline,sparse,fault_stale,stale,,36,284085,False,True,False,False,267.99999999999994,400,1.750368948675381,8.982628715244818,83.5174914379092,134
A_baseline,sparse,fault_stale,stale,,37,56648,False,True,False,False,522.0,400,2.025916454311373,9.769931663248471,45.4217009920379,261
A_baseline,sparse,fault_stale,stale,,38,883846,False,True,False,False,26.0,400,1.936153866889383,48.0858996110993,94.06944788447726,13
A_baseline,sparse,fault_stale,stale,,39,542999,False,True,False,False,50.00000000000001,400,1.6323865361029561,0.8682400565090265,69.91595587237171,25
A_baseline,sparse,fault_stale,stale,,40,876790,True,False,False,False,128.0,64,2.9210045844212695,15.00060204673637,2.3344374187787778,64
A_baseline,sparse,fault_stale,stale,,41,864562,False,True,False,False,105.99999999999999,400,2.640803462529171,7.34824212122573,40.59038725939591,53
A_baseline,sparse,fault_stale,stale,,42,110485,False,True,False,False,82.00000000000003,400,1.6918724617137464,9.55578857131182,38.939163864027975,41
A_baseline,sparse,fault_stale,stale,,43,8300,False,True,False,False,20.000000000000007,400,2.0041089517044544,52.0,99.19298993327678,10
A_baseline,sparse,fault_stale,stale,,44,503793,False,True,False,False,34.00000000000001,400,3.2312332186721915,31.51788492906259,85.23740055188385,17
A_baseline,sparse,fault_stale,stale,,45,352372,False,True,False,False,392.0,400,3.2545311324450865,9.05688672713852,89.93850428070245,196
A_baseline,sparse,fault_stale,stale,,46,454845,False,False,True,False,800.0,400,3.3492434506767497,7.213125710809421,36.00335943158355,400
A_baseline,sparse,fault_stale,stale,,47,837206,False,True,False,False,480.0,400,2.2216007012389096,4.7982429019857005,56.45670054754159,240
A_baseline,sparse,fault_stale,stale,,48,834851,False,True,False,False,48.0,400,2.2895738455145174,7.694709292278557,79.61625885088847,24
A_baseline,sparse,fault_stale,stale,,49,457512,False,True,False,False,110.0,400,2.3438581948372046,6.277810104954929,23.81778712381656,55
A_baseline,sparse,fault_noise_spike_sev1,noise_spike,12.0,0,404653,False,True,False,False,267.99999999999994,400,2.93361134729632,6.657048833135478,89.19837440969972,134
A_baseline,sparse,fault_noise_spike_sev1,noise_spike,12.0,1,215753,False,True,False,False,444.0,400,1.9935343478280216,5.758450869666494,87.80512387637854,222
A_baseline,sparse,fault_noise_spike_sev1,noise_spike,12.0,2,944924,False,True,False,False,128.0,400,2.9049522649013877,13.348343451920588,7.729706248126344,64
A_baseline,sparse,fault_noise_spike_sev1,noise_spike,12.0,3,12413,False,True,False,False,588.0,400,3.1800808725138667,11.739784808353026,90.64460113955833,294
A_baseline,sparse,fault_noise_spike_sev1,noise_spike,12.0,4,839153,False,True,False,False,179.99999999999997,400,2.0974001124922173,4.478958543772329,60.683476273216904,90
A_baseline,sparse,fault_noise_spike_sev1,noise_spike,12.0,5,26206,False,False,True,False,800.0,400,2.6507691024433018,6.139713219239086,55.625253056755426,400
A_baseline,sparse,fault_noise_spike_sev1,noise_spike,12.0,6,85702,False,True,False,False,336.0,400,1.6627953648895994,10.21596721987395,42.42539653465299,168
A_baseline,sparse,fault_noise_spike_sev1,noise_spike,12.0,7,720542,True,False,False,False,120.0,60,11.33395503883516,6.9800645200260965,3.892885781462922,60
A_baseline,sparse,fault_noise_spike_sev1,noise_spike,12.0,8,43194,False,True,False,False,79.99999999999999,400,3.183157507318626,2.492846538976542,44.80698524250833,40
A_baseline,sparse,fault_noise_spike_sev1,noise_spike,12.0,9,76840,False,True,False,False,260.00000000000006,400,3.1117835701676753,11.304640652039113,127.89523484093962,130
A_baseline,sparse,fault_noise_spike_sev1,noise_spike,12.0,10,827195,False,True,False,False,476.0,400,1.683222278785045,10.83706318701341,127.62956165819482,238
A_baseline,sparse,fault_noise_spike_sev1,noise_spike,12.0,11,891107,False,True,False,False,123.99999999999999,400,2.31031786864674,9.42665490947858,9.557990714800633,62
A_baseline,sparse,fault_noise_spike_sev1,noise_spike,12.0,12,419585,True,False,False,False,119.99999999999999,60,9.390957497129138,7.229162760487215,3.1418045722184713,60
A_baseline,sparse,fault_noise_spike_sev1,noise_spike,12.0,13,197278,False,False,True,False,800.0,400,5.256674349143076,11.979970879030063,33.884444456924314,400
A_baseline,sparse,fault_noise_spike_sev1,noise_spike,12.0,14,662269,False,False,True,False,800.0,400,4.96766016216163,10.661573461589299,94.21576716339156,400
A_baseline,sparse,fault_noise_spike_sev1,noise_spike,12.0,15,666954,False,True,False,False,10.000000000000004,400,3.29919391420953,40.0,109.66936303076642,5
A_baseline,sparse,fault_noise_spike_sev1,noise_spike,12.0,16,764983,False,True,False,False,406.0,400,2.1769209674741807,12.064416626014014,89.60056552340401,203
A_baseline,sparse,fault_noise_spike_sev1,noise_spike,12.0,17,888532,True,False,False,False,120.0,60,8.368409123890709,13.481712295165632,3.816614229086951,60
A_baseline,sparse,fault_noise_spike_sev1,noise_spike,12.0,18,155719,False,True,False,False,330.0,400,3.1091505497940473,9.461012156576935,49.12971007920857,165
A_baseline,sparse,fault_noise_spike_sev1,noise_spike,12.0,19,579943,False,True,False,False,275.99999999999994,400,2.6788644365240994,16.380494712591123,90.84704205365136,138
A_baseline,sparse,fault_noise_spike_sev1,noise_spike,12.0,20,727353,False,True,False,False,306.0,400,2.114511330613839,9.344455445915187,91.16194802809005,153
A_baseline,sparse,fault_noise_spike_sev1,noise_spike,12.0,21,6151,False,True,False,False,144.0,400,3.3183309968456847,12.520778439095496,50.53652475674201,72
A_baseline,sparse,fault_noise_spike_sev1,noise_spike,12.0,22,710788,False,True,False,False,726.0,400,1.539314676525556,6.655891464026761,97.14196934416972,363
A_baseline,sparse,fault_noise_spike_sev1,noise_spike,12.0,23,138531,False,True,False,False,62.0,400,3.5268285776370485,27.173955872090104,59.75453778198047,31
A_baseline,sparse,fault_noise_spike_sev1,noise_spike,12.0,24,281206,True,False,False,False,117.99999999999999,59,5.01937595905142,8.505826965121875,3.559944714039576,59
A_baseline,sparse,fault_noise_spike_sev1,noise_spike,12.0,25,90320,True,False,False,False,121.99999999999999,61,9.22815679363567,13.284164977063941,3.327630136215015,61
A_baseline,sparse,fault_noise_spike_sev1,noise_spike,12.0,26,473688,False,True,False,False,238.0,400,2.328458647246012,7.2905858357075575,112.73243409761085,119
A_baseline,sparse,fault_noise_spike_sev1,noise_spike,12.0,27,950752,False,True,False,False,488.0,400,1.9785680280394213,11.248776509597983,91.58445369872058,244
A_baseline,sparse,fault_noise_spike_sev1,noise_spike,12.0,28,974050,False,True,False,False,88.00000000000001,400,2.689852703560268,19.42603399842321,48.84763222216425,44
A_baseline,sparse,fault_noise_spike_sev1,noise_spike,12.0,29,162968,True,False,False,False,127.99999999999999,64,11.720665132227024,5.6691980100555455,3.6527781328797695,64
A_baseline,sparse,fault_noise_spike_sev1,noise_spike,12.0,30,247501,False,True,False,False,348.0,400,2.178840107609312,13.459950964502124,77.91875233445734,174
A_baseline,sparse,fault_noise_spike_sev1,noise_spike,12.0,31,611736,False,True,False,False,338.0,400,1.8839379499293978,14.667517872281724,57.80902883791244,169
A_baseline,sparse,fault_noise_spike_sev1,noise_spike,12.0,32,202663,False,False,True,False,800.0,400,3.5448074934543716,12.56053450420423,22.107438596563206,400
A_baseline,sparse,fault_noise_spike_sev1,noise_spike,12.0,33,749349,True,False,False,False,117.99999999999999,59,7.894750327101143,6.818793951834937,3.5066967955718478,59
A_baseline,sparse,fault_noise_spike_sev1,noise_spike,12.0,34,67944,False,True,False,False,93.99999999999999,400,3.0943295183932746,3.9603552118554664,35.97304418624201,47
A_baseline,sparse,fault_noise_spike_sev1,noise_spike,12.0,35,667972,False,True,False,False,250.0,400,2.0477439417607632,6.111143791816339,94.08996926267567,125
A_baseline,sparse,fault_noise_spike_sev1,noise_spike,12.0,36,284085,False,True,False,False,648.0,400,2.769251661723114,7.571256116413972,80.96752081608957,324
A_baseline,sparse,fault_noise_spike_sev1,noise_spike,12.0,37,56648,False,True,False,False,113.99999999999999,400,1.6814728374543169,10.285361692217926,16.412415312102326,57
A_baseline,sparse,fault_noise_spike_sev1,noise_spike,12.0,38,883846,False,True,False,False,26.0,400,1.936153866889383,48.0858996110993,94.06944788447726,13
A_baseline,sparse,fault_noise_spike_sev1,noise_spike,12.0,39,542999,False,False,True,False,800.0,400,2.884914001242462,7.11866927118678,57.32156698983613,400
A_baseline,sparse,fault_noise_spike_sev1,noise_spike,12.0,40,876790,False,True,False,False,138.00000000000003,400,2.6574544560939337,12.164750577300264,25.81899356268607,69
A_baseline,sparse,fault_noise_spike_sev1,noise_spike,12.0,41,864562,False,True,False,False,33.99999999999999,400,1.6793308958166298,8.332902855402505,85.16009730268605,17
A_baseline,sparse,fault_noise_spike_sev1,noise_spike,12.0,42,110485,False,True,False,False,426.0,400,3.1374940547890597,8.798942806579179,87.82769799396786,213
A_baseline,sparse,fault_noise_spike_sev1,noise_spike,12.0,43,8300,False,True,False,False,20.000000000000007,400,2.0041089517044544,52.0,99.19298993327678,10
A_baseline,sparse,fault_noise_spike_sev1,noise_spike,12.0,44,503793,False,True,False,False,34.00000000000001,400,3.2312332186721915,31.51788492906259,85.23740055188385,17
A_baseline,sparse,fault_noise_spike_sev1,noise_spike,12.0,45,352372,False,True,False,False,373.99999999999994,400,2.059093456266354,10.29854222215773,57.84539636853252,187
A_baseline,sparse,fault_noise_spike_sev1,noise_spike,12.0,46,454845,False,True,False,False,238.00000000000003,400,2.502593715825765,12.705537534513544,127.79494488070276,119
A_baseline,sparse,fault_noise_spike_sev1,noise_spike,12.0,47,837206,False,True,False,False,798.0,400,1.5475117651871129,5.612571990088322,73.71686522103239,399
A_baseline,sparse,fault_noise_spike_sev1,noise_spike,12.0,48,834851,False,True,False,False,48.0,400,2.2895738455145174,7.694709292278557,79.61625885088847,24
A_baseline,sparse,fault_noise_spike_sev1,noise_spike,12.0,49,457512,True,False,False,False,122.00000000000003,61,6.007380782063608,11.593129600494418,3.9164924246379518,61
A_baseline,sparse,fault_noise_spike_sev2,noise_spike,30.0,0,404653,False,True,False,False,259.99999999999994,400,3.2387556135382707,9.201760356975129,89.81728628044458,130
A_baseline,sparse,fault_noise_spike_sev2,noise_spike,30.0,1,215753,True,False,False,False,324.00000000000006,162,5.285201804348037,10.071039470598766,2.7093131626052895,162
A_baseline,sparse,fault_noise_spike_sev2,noise_spike,30.0,2,944924,False,True,False,False,126.0,400,2.5704809690846133,19.97512474257335,6.832342206772001,63
A_baseline,sparse,fault_noise_spike_sev2,noise_spike,30.0,3,12413,False,True,False,False,98.0,400,3.314095635624415,5.258621628914473,27.816385786530084,49
A_baseline,sparse,fault_noise_spike_sev2,noise_spike,30.0,4,839153,False,False,True,False,800.0,400,3.1513827515070614,7.691293341701612,84.48374312215127,400
A_baseline,sparse,fault_noise_spike_sev2,noise_spike,30.0,5,26206,False,True,False,False,102.0,400,2.5999674676571822,7.3185880904190155,48.320154232705136,51
A_baseline,sparse,fault_noise_spike_sev2,noise_spike,30.0,6,85702,False,True,False,False,94.0,400,2.386518606761934,12.088231615793546,42.63268534134958,47
A_baseline,sparse,fault_noise_spike_sev2,noise_spike,30.0,7,720542,True,False,False,False,120.0,60,11.33395503883516,7.756873460263424,3.987746465143679,60
A_baseline,sparse,fault_noise_spike_sev2,noise_spike,30.0,8,43194,False,True,False,False,79.99999999999999,400,3.183157507318626,2.492846538976542,44.80698524250833,40
A_baseline,sparse,fault_noise_spike_sev2,noise_spike,30.0,9,76840,False,True,False,False,568.0,400,2.565328134795212,13.53054260251916,67.30975774225135,284
A_baseline,sparse,fault_noise_spike_sev2,noise_spike,30.0,10,827195,False,True,False,False,642.0,400,1.9710405028570568,8.20252559866518,74.5441065308582,321
A_baseline,sparse,fault_noise_spike_sev2,noise_spike,30.0,11,891107,True,False,False,False,119.99999999999999,60,6.8431175590573,7.316798684615888,3.8824505449018707,60
A_baseline,sparse,fault_noise_spike_sev2,noise_spike,30.0,12,419585,True,False,False,False,120.0,60,11.056197449896004,9.883390130672614,2.6373649354047384,60
A_baseline,sparse,fault_noise_spike_sev2,noise_spike,30.0,13,197278,False,False,True,False,799.9999999999999,400,4.16755392237215,12.748203791310859,27.993559579585707,400
A_baseline,sparse,fault_noise_spike_sev2,noise_spike,30.0,14,662269,False,True,False,False,364.0,400,1.8230181761904583,8.966973555923115,59.11532854030191,182
A_baseline,sparse,fault_noise_spike_sev2,noise_spike,30.0,15,666954,False,True,False,False,10.000000000000004,400,3.29919391420953,40.0,109.66936303076642,5
A_baseline,sparse,fault_noise_spike_sev2,noise_spike,30.0,16,764983,False,True,False,False,108.0,400,2.0431939718609455,18.981402059410122,40.894089503434124,54
A_baseline,sparse,fault_noise_spike_sev2,noise_spike,30.0,17,888532,False,True,False,False,131.99999999999997,400,1.7314473865210267,21.14327748751095,7.856494383658319,66
A_baseline,sparse,fault_noise_spike_sev2,noise_spike,30.0,18,155719,False,True,False,False,314.0,400,2.291401395450329,12.590285552574418,48.21733768418556,157
A_baseline,sparse,fault_noise_spike_sev2,noise_spike,30.0,19,579943,False,True,False,False,37.99999999999999,400,3.249337806077355,20.649687681197577,81.95410412158166,19
A_baseline,sparse,fault_noise_spike_sev2,noise_spike,30.0,20,727353,False,True,False,False,126.00000000000003,400,1.5671375153986629,13.463810766834083,16.818767618352176,63
A_baseline,sparse,fault_noise_spike_sev2,noise_spike,30.0,21,6151,False,True,False,False,77.99999999999999,400,1.7440115971505978,12.960933565724714,78.65410499564784,39
A_baseline,sparse,fault_noise_spike_sev2,noise_spike,30.0,22,710788,False,True,False,False,102.0,400,2.4156094863258595,15.485346319388125,73.3853624230079,51
A_baseline,sparse,fault_noise_spike_sev2,noise_spike,30.0,23,138531,False,True,False,False,120.0,400,1.889349481777684,25.49877122156765,92.21243983179978,60
A_baseline,sparse,fault_noise_spike_sev2,noise_spike,30.0,24,281206,True,False,False,False,119.99999999999999,60,4.975631401100123,14.34737093920213,3.74524885630008,60
A_baseline,sparse,fault_noise_spike_sev2,noise_spike,30.0,25,90320,True,False,False,False,120.0,60,9.262233755645394,17.09741832598564,3.1725446458504836,60
A_baseline,sparse,fault_noise_spike_sev2,noise_spike,30.0,26,473688,False,True,False,False,250.0,400,2.0223400037995107,11.78201187001613,128.080131420141,125
A_baseline,sparse,fault_noise_spike_sev2,noise_spike,30.0,27,950752,False,True,False,False,236.0,400,1.7626840931907026,15.789989961772106,92.32502479432655,118
A_baseline,sparse,fault_noise_spike_sev2,noise_spike,30.0,28,974050,True,False,False,False,444.0,222,2.5750849882592877,21.291553815201816,3.2466162878291644,222
A_baseline,sparse,fault_noise_spike_sev2,noise_spike,30.0,29,162968,True,False,False,False,342.0,171,2.1941532950529785,11.989734654102739,2.7538021872263925,171
A_baseline,sparse,fault_noise_spike_sev2,noise_spike,30.0,30,247501,False,True,False,False,213.99999999999997,400,2.0231727906191237,16.443187486514745,93.35843339102941,107
A_baseline,sparse,fault_noise_spike_sev2,noise_spike,30.0,31,611736,True,False,False,False,130.0,65,5.762363306428344,20.16223234079285,2.6685778465427683,65
A_baseline,sparse,fault_noise_spike_sev2,noise_spike,30.0,32,202663,False,True,False,False,564.0,400,2.543678016330889,10.175262943296936,77.7700524142862,282
A_baseline,sparse,fault_noise_spike_sev2,noise_spike,30.0,33,749349,True,False,False,False,119.99999999999999,60,5.441497485050291,13.756925447732067,3.9859608250444865,60
A_baseline,sparse,fault_noise_spike_sev2,noise_spike,30.0,34,67944,False,True,False,False,94.0,400,2.412457718912293,6.950142795210421,35.30755522088557,47
A_baseline,sparse,fault_noise_spike_sev2,noise_spike,30.0,35,667972,False,True,False,False,502.0,400,1.8552183925253118,7.105370753017268,93.47868263015604,251
A_baseline,sparse,fault_noise_spike_sev2,noise_spike,30.0,36,284085,True,False,False,False,120.0,60,11.271996512329858,10.722603988467974,2.563757776125381,60
A_baseline,sparse,fault_noise_spike_sev2,noise_spike,30.0,37,56648,False,True,False,False,408.0,400,2.1759363240796943,12.92305033441038,91.13230523405534,204
A_baseline,sparse,fault_noise_spike_sev2,noise_spike,30.0,38,883846,False,True,False,False,26.0,400,1.936153866889383,48.0858996110993,94.06944788447726,13
A_baseline,sparse,fault_noise_spike_sev2,noise_spike,30.0,39,542999,False,True,False,False,424.0,400,3.0017978722223138,8.932519174473676,62.618341843320806,212
A_baseline,sparse,fault_noise_spike_sev2,noise_spike,30.0,40,876790,True,False,False,False,125.99999999999999,63,4.988595001087758,18.133269462267705,3.425830408614564,63
A_baseline,sparse,fault_noise_spike_sev2,noise_spike,30.0,41,864562,False,True,False,False,35.99999999999999,400,2.6877483549996617,12.3309472260003,83.31604945166823,18
A_baseline,sparse,fault_noise_spike_sev2,noise_spike,30.0,42,110485,False,True,False,False,122.00000000000003,400,2.7281078450054426,19.824021793102467,13.93593170990546,61
A_baseline,sparse,fault_noise_spike_sev2,noise_spike,30.0,43,8300,False,True,False,False,20.000000000000007,400,2.0041089517044544,52.0,99.19298993327678,10
A_baseline,sparse,fault_noise_spike_sev2,noise_spike,30.0,44,503793,False,True,False,False,34.00000000000001,400,3.2312332186721915,31.51788492906259,85.23740055188385,17
A_baseline,sparse,fault_noise_spike_sev2,noise_spike,30.0,45,352372,True,False,False,False,123.99999999999997,62,6.493957525632912,9.681757837650505,3.91034527451386,62
A_baseline,sparse,fault_noise_spike_sev2,noise_spike,30.0,46,454845,True,False,False,False,122.00000000000003,61,10.091111729125771,11.067928592492585,2.1757358314370485,61
A_baseline,sparse,fault_noise_spike_sev2,noise_spike,30.0,47,837206,False,True,False,False,602.0,400,2.614347375969696,6.8001435425632915,74.15433696569949,301
A_baseline,sparse,fault_noise_spike_sev2,noise_spike,30.0,48,834851,False,True,False,False,48.0,400,2.2895738455145174,7.694709292278557,79.61625885088847,24
A_baseline,sparse,fault_noise_spike_sev2,noise_spike,30.0,49,457512,False,True,False,False,128.0,400,3.3898293504416426,17.120205890797134,7.570917099824369,64
A_baseline,sparse,fault_noise_spike_sev3,noise_spike,60.0,0,404653,False,True,False,False,66.0,400,1.8871189265866941,24.639094017469326,55.281445539911054,33
A_baseline,sparse,fault_noise_spike_sev3,noise_spike,60.0,1,215753,False,True,False,False,396.0,400,2.93480843899024,11.477577954355278,125.46551626759776,198
A_baseline,sparse,fault_noise_spike_sev3,noise_spike,60.0,2,944924,True,False,False,False,119.99999999999999,60,3.5351971344860886,19.932982570800384,3.758705694156114,60
A_baseline,sparse,fault_noise_spike_sev3,noise_spike,60.0,3,12413,False,True,False,False,98.0,400,2.581779956965928,13.207142441111184,27.355473358008496,49
A_baseline,sparse,fault_noise_spike_sev3,noise_spike,60.0,4,839153,False,False,True,False,800.0,400,3.7022927832243653,6.102547163837406,84.38393331777849,400
A_baseline,sparse,fault_noise_spike_sev3,noise_spike,60.0,5,26206,False,True,False,False,100.00000000000001,400,1.8854734498618186,11.998021178081054,57.323086141958605,50
A_baseline,sparse,fault_noise_spike_sev3,noise_spike,60.0,6,85702,False,True,False,False,94.0,400,2.386518606761934,11.556316722176524,42.51809840440137,47
A_baseline,sparse,fault_noise_spike_sev3,noise_spike,60.0,7,720542,True,False,False,False,120.0,60,11.33395503883516,7.756873460263424,3.987746465143679,60
A_baseline,sparse,fault_noise_spike_sev3,noise_spike,60.0,8,43194,False,True,False,False,79.99999999999999,400,3.051327214771527,5.6300486139400245,43.06578084511244,40
A_baseline,sparse,fault_noise_spike_sev3,noise_spike,60.0,9,76840,False,True,False,False,152.00000000000003,400,2.0579586448373735,16.85450474259118,13.411293372244884,76
A_baseline,sparse,fault_noise_spike_sev3,noise_spike,60.0,10,827195,False,True,False,False,664.0,400,1.9299017417648934,9.007381703061576,86.04520623942197,332
A_baseline,sparse,fault_noise_spike_sev3,noise_spike,60.0,11,891107,False,True,False,False,123.99999999999996,400,2.9331283687364373,11.799979593040314,7.060011884326816,62
A_baseline,sparse,fault_noise_spike_sev3,noise_spike,60.0,12,419585,True,False,False,False,120.0,60,11.056197449896004,9.883390130672614,2.6373649354047384,60
A_baseline,sparse,fault_noise_spike_sev3,noise_spike,60.0,13,197278,True,False,False,False,121.99999999999999,61,4.013115718464808,16.78134393672168,3.782376653763349,61
A_baseline,sparse,fault_noise_spike_sev3,noise_spike,60.0,14,662269,False,True,False,False,134.0,400,2.9758327890455893,22.814303792425427,72.26745274285709,67
A_baseline,sparse,fault_noise_spike_sev3,noise_spike,60.0,15,666954,False,True,False,False,10.000000000000004,400,3.29919391420953,40.0,109.66936303076642,5
A_baseline,sparse,fault_noise_spike_sev3,noise_spike,60.0,16,764983,False,True,False,False,44.0,400,1.6152361445278896,25.230770342184243,75.85958329349691,22
A_baseline,sparse,fault_noise_spike_sev3,noise_spike,60.0,17,888532,False,True,False,False,126.0,400,1.9503122526555023,20.26744359573761,68.00595344237591,63
A_baseline,sparse,fault_noise_spike_sev3,noise_spike,60.0,18,155719,False,True,False,False,284.0,400,2.7125527735836092,13.954552688711743,79.87955105253826,142
A_baseline,sparse,fault_noise_spike_sev3,noise_spike,60.0,19,579943,False,True,False,False,37.99999999999999,400,3.249337806077355,20.649687681197577,81.95410412158166,19
A_baseline,sparse,fault_noise_spike_sev3,noise_spike,60.0,20,727353,True,False,False,False,123.99999999999999,62,8.204761995939085,15.058072962565012,3.0936068986436918,62
A_baseline,sparse,fault_noise_spike_sev3,noise_spike,60.0,21,6151,False,True,False,False,90.0,400,2.385855729949817,21.07192584503583,49.50602184589195,45
A_baseline,sparse,fault_noise_spike_sev3,noise_spike,60.0,22,710788,False,True,False,False,406.0,400,1.6807475107161114,10.6351256958828,96.122920217503,203
A_baseline,sparse,fault_noise_spike_sev3,noise_spike,60.0,23,138531,False,True,False,False,62.0,400,4.689450860189753,19.432020388219136,61.02774145131408,31
A_baseline,sparse,fault_noise_spike_sev3,noise_spike,60.0,24,281206,True,False,False,False,124.0,62,8.178905106381393,19.409382973124064,2.8710149843014445,62
A_baseline,sparse,fault_noise_spike_sev3,noise_spike,60.0,25,90320,True,False,False,False,121.99999999999999,61,8.615949144607212,23.387179475088455,2.606390205071671,61
A_baseline,sparse,fault_noise_spike_sev3,noise_spike,60.0,26,473688,False,True,False,False,394.0,400,2.1418386273770014,8.05895486456793,91.3805803906107,197
A_baseline,sparse,fault_noise_spike_sev3,noise_spike,60.0,27,950752,False,True,False,False,236.0,400,2.1414055686704043,17.950869576295638,91.03505270287042,118
A_baseline,sparse,fault_noise_spike_sev3,noise_spike,60.0,28,974050,False,True,False,False,90.00000000000001,400,2.233742924321981,24.991178693675575,43.55424306622783,45
A_baseline,sparse,fault_noise_spike_sev3,noise_spike,60.0,29,162968,True,False,False,False,342.0,171,2.3351752774449004,12.225995000441602,3.129879449940684,171
A_baseline,sparse,fault_noise_spike_sev3,noise_spike,60.0,30,247501,True,False,False,False,148.0,74,2.934157756992812,21.59270568426842,3.7497637058000177,74
A_baseline,sparse,fault_noise_spike_sev3,noise_spike,60.0,31,611736,True,False,False,False,134.00000000000003,67,2.6841855644206443,26.686145533792853,3.8624132477715447,67
A_baseline,sparse,fault_noise_spike_sev3,noise_spike,60.0,32,202663,False,True,False,False,136.00000000000003,400,2.008366444839795,15.151322035417195,9.151898918038171,68
A_baseline,sparse,fault_noise_spike_sev3,noise_spike,60.0,33,749349,False,True,False,False,80.0,400,2.0638816405737774,22.081511231155872,41.551669649904774,40
A_baseline,sparse,fault_noise_spike_sev3,noise_spike,60.0,34,67944,False,True,False,False,104.00000000000001,400,2.7824970721563123,17.413610705603492,38.175116023574446,52
A_baseline,sparse,fault_noise_spike_sev3,noise_spike,60.0,35,667972,True,False,False,False,124.0,62,5.6219340750081175,19.203295036735675,3.6393001507255462,62
A_baseline,sparse,fault_noise_spike_sev3,noise_spike,60.0,36,284085,True,False,False,False,121.99999999999997,61,9.359013439552642,12.389909581610599,2.2443067498321754,61
A_baseline,sparse,fault_noise_spike_sev3,noise_spike,60.0,37,56648,False,True,False,False,172.0,400,1.7651563909185133,14.175260638130807,87.18246313620119,86
A_baseline,sparse,fault_noise_spike_sev3,noise_spike,60.0,38,883846,False,True,False,False,26.0,400,1.936153866889383,48.0858996110993,94.06944788447726,13
A_baseline,sparse,fault_noise_spike_sev3,noise_spike,60.0,39,542999,False,True,False,False,138.0,400,3.237995629061848,19.674630864594754,10.644439976203442,69
A_baseline,sparse,fault_noise_spike_sev3,noise_spike,60.0,40,876790,False,True,False,False,178.0,400,3.269656615508743,19.173868206704515,88.0260056317247,89
A_baseline,sparse,fault_noise_spike_sev3,noise_spike,60.0,41,864562,False,True,False,False,35.999999999999986,400,1.698041388983354,21.04283361822702,84.73215920228368,18
A_baseline,sparse,fault_noise_spike_sev3,noise_spike,60.0,42,110485,False,True,False,False,126.00000000000003,400,2.462533251887265,21.297697556831295,42.604209538564206,63
A_baseline,sparse,fault_noise_spike_sev3,noise_spike,60.0,43,8300,False,True,False,False,20.000000000000007,400,2.0041089517044544,52.0,99.19298993327678,10
A_baseline,sparse,fault_noise_spike_sev3,noise_spike,60.0,44,503793,False,True,False,False,34.00000000000001,400,3.2312332186721915,31.51788492906259,85.23740055188385,17
A_baseline,sparse,fault_noise_spike_sev3,noise_spike,60.0,45,352372,False,True,False,False,94.0,400,2.317801702058861,10.17255890780063,30.95521984912189,47
A_baseline,sparse,fault_noise_spike_sev3,noise_spike,60.0,46,454845,True,False,False,False,122.00000000000003,61,9.095531564647304,13.721736094332503,3.1170333031029336,61
A_baseline,sparse,fault_noise_spike_sev3,noise_spike,60.0,47,837206,False,True,False,False,49.99999999999997,400,2.297070299604786,16.915396892269335,77.07151034492873,25
A_baseline,sparse,fault_noise_spike_sev3,noise_spike,60.0,48,834851,False,True,False,False,48.0,400,2.2895738455145174,7.694709292278557,79.61625885088847,24
A_baseline,sparse,fault_noise_spike_sev3,noise_spike,60.0,49,457512,False,True,False,False,94.0,400,2.5217892769075316,14.819243414418748,27.16397429927396,47
A_baseline,dense,clean,,,0,404653,False,True,False,False,166.00000000000003,400,1.9922166471564382,13.233056624751383,71.54408479909323,83
A_baseline,dense,clean,,,1,215753,False,True,False,False,616.0,400,1.8047523932338974,8.3451642046747,91.11870794301399,308
A_baseline,dense,clean,,,2,944924,False,True,False,False,18.0,400,2.0634119802898616,16.310102281121676,101.04247306978363,9
A_baseline,dense,clean,,,3,12413,False,True,False,False,32.0,400,1.960543186622576,19.396370764428053,88.52122310606875,16
A_baseline,dense,clean,,,4,839153,False,True,False,False,382.0,400,2.191628917965832,7.343052167882067,39.377428383460156,191
A_baseline,dense,clean,,,5,26206,False,True,False,False,12.000000000000004,400,1.8647291700454838,46.666666666666664,107.09870094518664,6
A_baseline,dense,clean,,,6,85702,False,True,False,False,232.00000000000003,400,2.162715980009383,8.996764214888149,80.69819886773188,116
A_baseline,dense,clean,,,7,720542,False,True,False,False,262.0,400,2.0366522991398734,10.439702659178426,128.49819865939963,131
A_baseline,dense,clean,,,8,43194,False,True,False,False,362.0,400,2.155925433342941,10.742820089974883,69.36608118522373,181
A_baseline,dense,clean,,,9,76840,False,True,False,False,178.0,400,3.2229889413393726,9.543367224705426,52.81087146372515,89
A_baseline,dense,clean,,,10,827195,False,True,False,False,42.0,400,1.987936942881006,23.25967687235646,78.21732171626756,21
A_baseline,dense,clean,,,11,891107,False,True,False,False,272.0,400,1.8782005209004198,9.34651889273968,44.0084633265179,136
A_baseline,dense,clean,,,12,419585,False,True,False,False,344.0,400,2.3892324061629973,9.610608968371828,74.43850913047372,172
A_baseline,dense,clean,,,13,197278,False,True,False,False,72.0,400,2.8035876237497566,11.229171500475008,49.82455662457022,36
A_baseline,dense,clean,,,14,662269,False,True,False,False,404.0,400,2.575820383994228,9.469839681292942,94.60222509606164,202
A_baseline,dense,clean,,,15,666954,False,True,False,False,12.000000000000004,400,2.7703256901852846,46.666666666666664,107.30937614734817,6
A_baseline,dense,clean,,,16,764983,False,True,False,False,154.0,400,2.252848204372366,14.031576375848532,46.010854325325674,77
A_baseline,dense,clean,,,17,888532,False,True,False,False,180.0,400,3.2034370957224443,8.657972174824135,65.14090691706684,90
A_baseline,dense,clean,,,18,155719,False,True,False,False,357.99999999999994,400,3.1695963432068988,11.002024977153619,40.63186365695883,179
A_baseline,dense,clean,,,19,579943,False,True,False,False,504.0,400,2.6193803169607666,11.96249257762235,78.96234199391999,252
A_baseline,dense,clean,,,20,727353,False,True,False,False,124.0,400,1.9615610433464168,9.228699283627934,86.66788835942235,62
A_baseline,dense,clean,,,21,6151,False,True,False,False,292.0,400,2.5015422438740065,15.29301677193642,78.01239669749911,146
A_baseline,dense,clean,,,22,710788,False,True,False,False,207.99999999999997,400,2.611395260862202,9.628624842957485,80.20036923667246,104
A_baseline,dense,clean,,,23,138531,False,True,False,False,196.0,400,2.4738912325191795,7.064165294105992,127.1284629772082,98
A_baseline,dense,clean,,,24,281206,False,True,False,False,60.0,400,2.598578010441428,23.620900883501786,59.67985079666443,30
A_baseline,dense,clean,,,25,90320,False,True,False,False,29.999999999999993,400,1.854919894933342,30.636126791162308,89.3313885925919,15
A_baseline,dense,clean,,,26,473688,False,True,False,False,360.0,400,3.513656192817486,8.209831758080423,35.16740510657505,180
A_baseline,dense,clean,,,27,950752,True,False,False,False,560.0,280,2.3402603743191324,12.946892891306915,3.144791675161161,280
A_baseline,dense,clean,,,28,974050,False,True,False,False,160.0,400,1.9072664073022427,19.2553173662463,35.18321574816422,80
A_baseline,dense,clean,,,29,162968,False,True,False,False,142.00000000000003,400,1.885187094469125,11.613065687788637,25.119784897001608,71
A_baseline,dense,clean,,,30,247501,False,True,False,False,37.99999999999999,400,1.7827764501022234,17.20697121335401,81.46918645863092,19
A_baseline,dense,clean,,,31,611736,False,True,False,False,116.0,400,2.6859027337855395,8.84847825338395,85.70722329558686,58
A_baseline,dense,clean,,,32,202663,False,True,False,False,94.00000000000001,400,2.7387368547468913,21.607261442104615,32.44239059630358,47
A_baseline,dense,clean,,,33,749349,False,True,False,False,164.0,400,2.1710195684135196,10.806186428050529,77.51681092724895,82
A_baseline,dense,clean,,,34,67944,False,True,False,False,78.0,400,3.002452069445719,10.046013206217127,48.31940410581706,39
A_baseline,dense,clean,,,35,667972,True,False,False,False,124.0,62,3.1667636720462813,9.952189183015552,3.3165045101697594,62
A_baseline,dense,clean,,,36,284085,False,True,False,False,144.0,400,1.9898879068760256,11.10272217324901,34.92126070355173,72
A_baseline,dense,clean,,,37,56648,False,True,False,False,136.0,400,2.536614559916908,13.160972568762844,14.82234591624979,68
A_baseline,dense,clean,,,38,883846,False,True,False,False,46.0,400,2.0953041689579064,42.18070317380025,84.03400146164748,23
A_baseline,dense,clean,,,39,542999,False,True,False,False,162.0,400,3.3187490443857164,13.139039001948253,35.957882627098584,81
A_baseline,dense,clean,,,40,876790,False,True,False,False,145.99999999999997,400,2.556981783291231,7.885869757729494,48.654788057955486,73
A_baseline,dense,clean,,,41,864562,False,True,False,False,384.0,400,2.2233457336948885,15.501829644460898,24.471728700875087,192
A_baseline,dense,clean,,,42,110485,False,True,False,False,122.0,400,2.400497925796809,4.086610681519321,82.2107109337418,61
A_baseline,dense,clean,,,43,8300,False,True,False,False,22.0,400,3.1414491946747973,61.81818181818182,96.96696578133546,11
A_baseline,dense,clean,,,44,503793,True,False,False,False,154.0,77,2.1306272915008604,7.267333821040663,3.820397380586594,77
A_baseline,dense,clean,,,45,352372,False,True,False,False,28.00000000000001,400,2.3193000376688424,25.357142857142858,95.50291214291795,14
A_baseline,dense,clean,,,46,454845,True,False,False,False,124.00000000000004,62,2.637088324943173,12.30042250064304,2.947568523053486,62
A_baseline,dense,clean,,,47,837206,False,True,False,False,101.99999999999999,400,2.86127698329268,10.846106501660975,24.548149462082897,51
A_baseline,dense,clean,,,48,834851,False,True,False,False,182.0,400,2.938526168557704,14.47965992687306,72.14376573333558,91
A_baseline,dense,clean,,,49,457512,False,True,False,False,18.0,400,1.7151358691674987,48.888888888888886,101.53023063550133,9
A_baseline,dense,fault_dropout,dropout,,0,404653,False,True,False,False,111.99999999999999,400,2.7490000324864114,3.0040447781401793,47.485435347718685,56
A_baseline,dense,fault_dropout,dropout,,1,215753,False,True,False,False,124.0,400,3.378978405543614,7.990925018125343,17.875447229412387,62
A_baseline,dense,fault_dropout,dropout,,2,944924,False,True,False,False,18.0,400,2.0634119802898616,16.310102281121676,101.04247306978363,9
A_baseline,dense,fault_dropout,dropout,,3,12413,False,True,False,False,32.0,400,1.960543186622576,19.396370764428053,88.52122310606875,16
A_baseline,dense,fault_dropout,dropout,,4,839153,False,True,False,False,109.99999999999999,400,2.2447246060428863,8.542506485736286,94.23977063951581,55
A_baseline,dense,fault_dropout,dropout,,5,26206,False,True,False,False,12.000000000000004,400,1.8647291700454838,46.666666666666664,107.09870094518664,6
A_baseline,dense,fault_dropout,dropout,,6,85702,False,True,False,False,164.0,400,2.162715980009383,7.007950572672952,63.325609283124464,82
A_baseline,dense,fault_dropout,dropout,,7,720542,True,False,False,False,123.99999999999993,62,3.305961555750479,19.287021771222545,3.9207621412163873,62
A_baseline,dense,fault_dropout,dropout,,8,43194,False,True,False,False,130.00000000000003,400,2.4373412278304527,8.510611414826352,10.27891877031597,65
A_baseline,dense,fault_dropout,dropout,,9,76840,False,True,False,False,152.0,400,2.3707815795142126,3.864155147392694,41.977778160625995,76
A_baseline,dense,fault_dropout,dropout,,10,827195,False,True,False,False,42.00000000000001,400,2.1011155245204325,14.450153062832653,78.1257362549825,21
A_baseline,dense,fault_dropout,dropout,,11,891107,False,True,False,False,544.0,400,1.982038955144757,9.237403477474736,87.43653353129083,272
A_baseline,dense,fault_dropout,dropout,,12,419585,False,True,False,False,94.0,400,1.7064850450191458,6.0755362206165815,33.20358404674711,47
A_baseline,dense,fault_dropout,dropout,,13,197278,False,True,False,False,114.00000000000001,400,1.6454300497456964,8.673619767376083,30.694712372661932,57
A_baseline,dense,fault_dropout,dropout,,14,662269,False,True,False,False,98.0,400,1.9825872020311808,3.4845440210787655,38.77647913376024,49
A_baseline,dense,fault_dropout,dropout,,15,666954,False,True,False,False,12.000000000000004,400,2.7703256901852846,46.666666666666664,107.30937614734817,6
A_baseline,dense,fault_dropout,dropout,,16,764983,False,True,False,False,88.00000000000001,400,2.033029118152202,10.774966983062841,46.95923820735129,44
A_baseline,dense,fault_dropout,dropout,,17,888532,False,True,False,False,130.0,400,1.7338035495332695,6.161573679116845,61.305343320145326,65
A_baseline,dense,fault_dropout,dropout,,18,155719,False,True,False,False,105.99999999999999,400,2.8227599170122573,6.64460324244229,60.55911525274008,53
A_baseline,dense,fault_dropout,dropout,,19,579943,False,True,False,False,118.00000000000001,400,1.8988148489267398,6.209908823362809,20.210756535495907,59
A_baseline,dense,fault_dropout,dropout,,20,727353,False,True,False,False,126.0,400,2.0563410243254574,4.200468047224385,88.48875759121994,63
A_baseline,dense,fault_dropout,dropout,,21,6151,False,True,False,False,63.99999999999999,400,2.7701928464875034,13.024779060597968,77.33217203161439,32
A_baseline,dense,fault_dropout,dropout,,22,710788,False,True,False,False,84.0,400,2.3049895415457473,4.968116957523906,35.653414995354844,42
A_baseline,dense,fault_dropout,dropout,,23,138531,False,True,False,False,102.0,400,3.3483774797771306,6.257424787288173,74.31832249247387,51
A_baseline,dense,fault_dropout,dropout,,24,281206,False,True,False,False,102.0,400,2.4387363141932283,7.596341676570071,96.51102169832241,51
A_baseline,dense,fault_dropout,dropout,,25,90320,False,True,False,False,29.999999999999993,400,1.854919894933342,30.636126791162308,89.3313885925919,15
A_baseline,dense,fault_dropout,dropout,,26,473688,False,True,False,False,129.99999999999997,400,1.7812840021532619,4.5664591884393735,20.193221668561694,65
A_baseline,dense,fault_dropout,dropout,,27,950752,False,True,False,False,106.0,400,2.2202811400558775,11.055749089379269,21.697921766216417,53
A_baseline,dense,fault_dropout,dropout,,28,974050,False,True,False,False,68.0,400,2.208810920514355,20.897821928107202,67.58631005931338,34
A_baseline,dense,fault_dropout,dropout,,29,162968,False,True,False,False,56.0,400,2.8168495277347825,3.998217145600037,62.896856529118274,28
A_baseline,dense,fault_dropout,dropout,,30,247501,False,True,False,False,37.99999999999999,400,1.7827764501022234,17.20697121335401,81.46918645863092,19
A_baseline,dense,fault_dropout,dropout,,31,611736,False,True,False,False,64.0,400,2.782143620693147,8.365263089085973,64.89563200609136,32
A_baseline,dense,fault_dropout,dropout,,32,202663,False,True,False,False,162.0,400,2.7387368547468913,13.031373923196503,69.98982893885983,81
A_baseline,dense,fault_dropout,dropout,,33,749349,False,True,False,False,162.0,400,1.7419864169302086,7.595706705269678,76.5992991519869,81
A_baseline,dense,fault_dropout,dropout,,34,67944,False,True,False,False,203.99999999999997,400,2.6252459145254785,9.897191258167815,84.06386450816318,102
A_baseline,dense,fault_dropout,dropout,,35,667972,False,True,False,False,138.0,400,2.4921921702463625,7.103974786530858,91.33438030203058,69
A_baseline,dense,fault_dropout,dropout,,36,284085,False,True,False,False,133.99999999999997,400,1.9898879068760256,9.452418473617968,17.882586392843667,67
A_baseline,dense,fault_dropout,dropout,,37,56648,False,True,False,False,71.99999999999999,400,3.722869057583323,12.608339543318442,70.26978122769252,36
A_baseline,dense,fault_dropout,dropout,,38,883846,False,True,False,False,46.0,400,1.6515636199693147,49.13722491293068,85.62035806669296,23
A_baseline,dense,fault_dropout,dropout,,39,542999,False,True,False,False,72.00000000000001,400,1.8575551688380951,12.165900031013901,52.839601826991796,36
A_baseline,dense,fault_dropout,dropout,,40,876790,False,True,False,False,114.00000000000001,400,2.7442666027422344,6.203812482933594,23.507063560346303,57
A_baseline,dense,fault_dropout,dropout,,41,864562,False,True,False,False,40.00000000000001,400,2.626180781688001,23.01294711026906,81.17361761448102,20
A_baseline,dense,fault_dropout,dropout,,42,110485,False,True,False,False,124.0,400,1.9661799656546939,3.9467032920807874,84.5920944833092,62
A_baseline,dense,fault_dropout,dropout,,43,8300,False,True,False,False,22.0,400,3.1414491946747973,61.81818181818182,96.96696578133546,11
A_baseline,dense,fault_dropout,dropout,,44,503793,False,True,False,False,196.0,400,2.1306272915008604,7.58346308926682,82.6966579649546,98
A_baseline,dense,fault_dropout,dropout,,45,352372,False,True,False,False,28.00000000000001,400,2.3193000376688424,25.357142857142858,95.50291214291795,14
A_baseline,dense,fault_dropout,dropout,,46,454845,True,False,False,False,124.00000000000004,62,2.637088324943173,12.30042250064304,2.947568523053486,62
A_baseline,dense,fault_dropout,dropout,,47,837206,False,True,False,False,42.0,400,2.86127698329268,9.08404470245774,81.78797934704166,21
A_baseline,dense,fault_dropout,dropout,,48,834851,False,True,False,False,129.99999999999997,400,3.216994092519191,7.533907937321336,36.03881500084197,65
A_baseline,dense,fault_dropout,dropout,,49,457512,False,True,False,False,18.0,400,1.7151358691674987,48.888888888888886,101.53023063550133,9
A_baseline,dense,fault_bias,bias,,0,404653,False,True,False,False,228.0,400,1.9870872638995407,30.9998320019143,27.842569319088625,114
A_baseline,dense,fault_bias,bias,,1,215753,False,True,False,False,124.0,400,3.378978405543614,7.990925018125343,17.875447229412387,62
A_baseline,dense,fault_bias,bias,,2,944924,False,True,False,False,18.0,400,2.0634119802898616,16.310102281121676,101.04247306978363,9
A_baseline,dense,fault_bias,bias,,3,12413,False,True,False,False,32.0,400,1.960543186622576,19.396370764428053,88.52122310606875,16
A_baseline,dense,fault_bias,bias,,4,839153,False,True,False,False,100.0,400,1.782045927873774,7.254273802368258,40.32198866754282,50
A_baseline,dense,fault_bias,bias,,5,26206,False,True,False,False,12.000000000000004,400,1.8647291700454838,46.666666666666664,107.09870094518664,6
A_baseline,dense,fault_bias,bias,,6,85702,False,True,False,False,162.0,400,2.162715980009383,7.3581272367192625,57.25235390977524,81
A_baseline,dense,fault_bias,bias,,7,720542,True,False,False,False,123.99999999999999,62,3.305961555750479,7.3409363633695435,3.700899952730831,62
A_baseline,dense,fault_bias,bias,,8,43194,False,True,False,False,219.99999999999997,400,3.3264376543238345,20.10657866545333,102.06127344150303,110
A_baseline,dense,fault_bias,bias,,9,76840,False,True,False,False,106.0,400,3.0024191213744342,8.035097224450116,46.99462856170119,53
A_baseline,dense,fault_bias,bias,,10,827195,False,True,False,False,42.0,400,1.987936942881006,23.25967687235646,78.21732171626756,21
A_baseline,dense,fault_bias,bias,,11,891107,False,True,False,False,86.0,400,1.8721848183221628,10.159095664580239,50.4400459212473,43
A_baseline,dense,fault_bias,bias,,12,419585,False,True,False,False,94.0,400,1.7064850450191458,6.0755362206165815,33.20358404674711,47
A_baseline,dense,fault_bias,bias,,13,197278,False,True,False,False,82.00000000000003,400,1.730600123716848,10.72272285981998,55.588432850622524,41
A_baseline,dense,fault_bias,bias,,14,662269,True,False,False,False,128.0,64,3.1529312496426978,27.571486474515122,3.5790509431519997,64
A_baseline,dense,fault_bias,bias,,15,666954,False,True,False,False,12.000000000000004,400,2.7703256901852846,46.666666666666664,107.30937614734817,6
A_baseline,dense,fault_bias,bias,,16,764983,False,True,False,False,252.0,400,2.224244443104964,8.839468105655216,36.67659843714892,126
A_baseline,dense,fault_bias,bias,,17,888532,False,True,False,False,126.0,400,3.4045663938098922,8.027380991324295,86.64031304132813,63
A_baseline,dense,fault_bias,bias,,18,155719,False,True,False,False,105.99999999999999,400,2.8227599170122573,6.64460324244229,60.55911525274008,53
A_baseline,dense,fault_bias,bias,,19,579943,False,True,False,False,46.0,400,1.9671781362650271,12.02067168276992,74.47674300801626,23
A_baseline,dense,fault_bias,bias,,20,727353,False,True,False,False,34.0,400,2.6517002368493814,10.939386573883283,86.0873407884006,17
A_baseline,dense,fault_bias,bias,,21,6151,False,True,False,False,78.0,400,2.625749743603181,9.994089709329273,96.6132047226042,39
A_baseline,dense,fault_bias,bias,,22,710788,False,True,False,False,83.99999999999999,400,2.015942976251788,4.930401869926451,35.75766674034314,42
A_baseline,dense,fault_bias,bias,,23,138531,False,True,False,False,104.0,400,2.30381842834221,5.48076719526912,88.2205743428409,52
A_baseline,dense,fault_bias,bias,,24,281206,False,True,False,False,104.0,400,1.75653598753949,7.852251984080287,96.72888263436037,52
A_baseline,dense,fault_bias,bias,,25,90320,False,True,False,False,29.999999999999993,400,1.854919894933342,30.636126791162308,89.3313885925919,15
A_baseline,dense,fault_bias,bias,,26,473688,True,False,False,False,119.99999999999999,60,3.2625449806088618,4.476546185857504,3.5539776820542777,60
A_baseline,dense,fault_bias,bias,,27,950752,False,True,False,False,106.0,400,2.2202811400558775,11.055749089379269,21.697921766216417,53
A_baseline,dense,fault_bias,bias,,28,974050,False,True,False,False,43.99999999999999,400,1.6685154955191652,26.38754297980204,83.63835612581947,22
A_baseline,dense,fault_bias,bias,,29,162968,False,True,False,False,278.00000000000006,400,1.9379835296328307,25.962164276962067,38.80329105915271,139
A_baseline,dense,fault_bias,bias,,30,247501,False,True,False,False,37.99999999999999,400,1.7827764501022234,17.20697121335401,81.46918645863092,19
A_baseline,dense,fault_bias,bias,,31,611736,False,True,False,False,94.0,400,1.8772633546641186,7.443924089607883,90.25392947732826,47
A_baseline,dense,fault_bias,bias,,32,202663,False,True,False,False,256.0,400,2.7387368547468913,10.404134340166314,67.48832283911995,128
A_baseline,dense,fault_bias,bias,,33,749349,False,True,False,False,156.0,400,2.4872743206022734,7.569539345556358,77.23555492316297,78
A_baseline,dense,fault_bias,bias,,34,67944,False,True,False,False,96.0,400,2.087589357152012,8.99739843237503,33.26813741208765,48
A_baseline,dense,fault_bias,bias,,35,667972,False,True,False,False,226.0,400,1.6012826727057954,5.332455827565181,31.987262389425066,113
A_baseline,dense,fault_bias,bias,,36,284085,False,True,False,False,225.99999999999994,400,1.9898879068760256,31.033626605774373,44.63668488767846,113
A_baseline,dense,fault_bias,bias,,37,56648,False,True,False,False,229.99999999999997,400,2.5855855685031073,7.993119662502015,55.18122725694445,115
A_baseline,dense,fault_bias,bias,,38,883846,False,True,False,False,60.0,400,1.9135645416724634,43.28363934770593,96.75510214277223,30
A_baseline,dense,fault_bias,bias,,39,542999,False,True,False,False,154.0,400,2.682695695433046,9.971932134057724,81.589648942216,77
A_baseline,dense,fault_bias,bias,,40,876790,False,True,False,False,114.00000000000001,400,2.7442666027422344,6.203812482933594,23.507063560346303,57
A_baseline,dense,fault_bias,bias,,41,864562,False,True,False,False,45.99999999999999,400,2.7361223833252946,26.31028923537497,103.6282307130708,23
A_baseline,dense,fault_bias,bias,,42,110485,False,True,False,False,122.0,400,2.4957909609562914,3.797671799475309,85.84546410398671,61
A_baseline,dense,fault_bias,bias,,43,8300,False,True,False,False,22.0,400,3.1414491946747973,61.81818181818182,96.96696578133546,11
A_baseline,dense,fault_bias,bias,,44,503793,False,True,False,False,130.0,400,2.1306272915008604,6.9884194686747065,40.69657476952036,65
A_baseline,dense,fault_bias,bias,,45,352372,False,True,False,False,28.00000000000001,400,2.3193000376688424,25.357142857142858,95.50291214291795,14
A_baseline,dense,fault_bias,bias,,46,454845,True,False,False,False,124.00000000000004,62,2.637088324943173,12.30042250064304,2.947568523053486,62
A_baseline,dense,fault_bias,bias,,47,837206,False,True,False,False,86.0,400,1.9350211203925096,14.275503400699595,94.14277733378965,43
A_baseline,dense,fault_bias,bias,,48,834851,False,True,False,False,127.99999999999999,400,2.210187472681892,5.894725548115009,37.26732641259249,64
A_baseline,dense,fault_bias,bias,,49,457512,False,True,False,False,18.0,400,1.7151358691674987,48.888888888888886,101.53023063550133,9
A_baseline,dense,fault_stale,stale,,0,404653,False,True,False,False,113.99999999999999,400,1.7090276407878247,3.839329901665653,49.91292405778475,57
A_baseline,dense,fault_stale,stale,,1,215753,False,True,False,False,124.0,400,1.870954485101369,10.01088694553915,19.6273650114812,62
A_baseline,dense,fault_stale,stale,,2,944924,False,True,False,False,18.0,400,2.0634119802898616,16.310102281121676,101.04247306978363,9
A_baseline,dense,fault_stale,stale,,3,12413,False,True,False,False,32.0,400,1.960543186622576,19.396370764428053,88.52122310606875,16
A_baseline,dense,fault_stale,stale,,4,839153,False,True,False,False,286.0,400,1.711401135937191,13.34855881405313,29.252058643250226,143
A_baseline,dense,fault_stale,stale,,5,26206,False,True,False,False,12.000000000000004,400,1.8647291700454838,46.666666666666664,107.09870094518664,6
A_baseline,dense,fault_stale,stale,,6,85702,False,True,False,False,366.0,400,2.162715980009383,8.624214125461162,83.98207880384435,183
A_baseline,dense,fault_stale,stale,,7,720542,False,True,False,False,174.0,400,2.346166726613708,10.55404554604774,40.88161231046415,87
A_baseline,dense,fault_stale,stale,,8,43194,False,True,False,False,130.00000000000003,400,2.7085589476572745,10.856286835813542,10.121004507048708,65
A_baseline,dense,fault_stale,stale,,9,76840,False,True,False,False,152.00000000000003,400,1.7742203104926701,6.401190773681824,42.43417029667149,76
A_baseline,dense,fault_stale,stale,,10,827195,False,True,False,False,42.00000000000001,400,2.1011155245204325,14.450153062832653,78.1257362549825,21
A_baseline,dense,fault_stale,stale,,11,891107,False,True,False,False,92.0,400,1.9772440734722379,11.887850295151091,60.207738320622255,46
A_baseline,dense,fault_stale,stale,,12,419585,False,True,False,False,155.99999999999997,400,2.2967774751837204,8.703237426798527,25.08880720496578,78
A_baseline,dense,fault_stale,stale,,13,197278,False,True,False,False,126.0,400,2.018217473101723,11.156180772694219,23.571670080056716,63
A_baseline,dense,fault_stale,stale,,14,662269,False,True,False,False,98.0,400,1.9825872020311808,3.4845440210787655,38.77647913376024,49
A_baseline,dense,fault_stale,stale,,15,666954,False,True,False,False,12.000000000000004,400,2.7703256901852846,46.666666666666664,107.30937614734817,6
A_baseline,dense,fault_stale,stale,,16,764983,False,True,False,False,60.000000000000014,400,1.7116605552798272,15.196855259301254,62.47913315021257,30
A_baseline,dense,fault_stale,stale,,17,888532,False,True,False,False,114.0,400,2.0797464380621373,8.421999677053401,67.68518703644436,57
A_baseline,dense,fault_stale,stale,,18,155719,False,True,False,False,87.99999999999999,400,3.0264922102678056,8.816081235348348,40.645347866028516,44
A_baseline,dense,fault_stale,stale,,19,579943,False,True,False,False,68.0,400,2.6072181687299585,15.240625660539823,60.92137825068056,34
A_baseline,dense,fault_stale,stale,,20,727353,False,True,False,False,68.0,400,2.850922859292261,10.961695372775727,63.65205724128495,34
A_baseline,dense,fault_stale,stale,,21,6151,False,True,False,False,64.0,400,1.968737900033751,17.34129784055444,78.11881051357379,32
A_baseline,dense,fault_stale,stale,,22,710788,False,True,False,False,83.99999999999999,400,2.015942976251788,4.930401869926451,35.75766674034314,42
A_baseline,dense,fault_stale,stale,,23,138531,False,True,False,False,88.0,400,2.9381446273854763,11.418528614314091,41.90779291622867,44
A_baseline,dense,fault_stale,stale,,24,281206,False,True,False,False,52.0,400,1.7832925022853594,12.194023878941087,67.42655837868637,26
A_baseline,dense,fault_stale,stale,,25,90320,False,True,False,False,29.999999999999993,400,1.854919894933342,30.636126791162308,89.3313885925919,15
A_baseline,dense,fault_stale,stale,,26,473688,False,True,False,False,162.0,400,2.613596793757941,10.781639761984325,41.41461821080336,81
A_baseline,dense,fault_stale,stale,,27,950752,False,True,False,False,438.00000000000006,400,1.797323862586414,11.872283267246896,106.94596530998695,219
A_baseline,dense,fault_stale,stale,,28,974050,False,True,False,False,192.0,400,1.9064221672586787,18.257714121519825,96.82668507668589,96
A_baseline,dense,fault_stale,stale,,29,162968,True,False,False,False,124.00000000000001,62,4.033201908565123,11.632629195831852,2.622066831400544,62
A_baseline,dense,fault_stale,stale,,30,247501,False,True,False,False,37.99999999999999,400,1.7827764501022234,17.20697121335401,81.46918645863092,19
A_baseline,dense,fault_stale,stale,,31,611736,False,True,False,False,112.0,400,2.0604451759507802,14.305310191362436,42.56377171653544,56
A_baseline,dense,fault_stale,stale,,32,202663,False,True,False,False,126.0,400,1.6812362576104165,14.314874241711026,58.764912728337016,63
A_baseline,dense,fault_stale,stale,,33,749349,False,True,False,False,156.00000000000003,400,2.4857066743313316,17.12922813894739,86.53194127339694,78
A_baseline,dense,fault_stale,stale,,34,67944,False,True,False,False,70.0,400,2.082640170740451,10.70322670292381,73.22256450753801,35
A_baseline,dense,fault_stale,stale,,35,667972,False,True,False,False,266.0,400,2.9846830526745327,15.79781229481865,85.68365396286045,133
A_baseline,dense,fault_stale,stale,,36,284085,False,True,False,False,167.99999999999997,400,1.9898879068760256,12.91926470853399,49.47761833358715,84
A_baseline,dense,fault_stale,stale,,37,56648,False,True,False,False,138.00000000000003,400,2.402850816332621,19.209777506559195,31.022210566869678,69
A_baseline,dense,fault_stale,stale,,38,883846,False,True,False,False,100.0,400,2.8574381714952057,21.420196770288836,52.61336150543825,50
A_baseline,dense,fault_stale,stale,,39,542999,False,True,False,False,128.0,400,2.8587283398367824,13.242798600395723,7.3724878789515556,64
A_baseline,dense,fault_stale,stale,,40,876790,False,True,False,False,315.99999999999994,400,2.4474459035275924,15.084020902579192,71.23748117657358,158
A_baseline,dense,fault_stale,stale,,41,864562,False,True,False,False,40.0,400,2.2135411709404003,6.554586136572608,80.93173568511008,20
A_baseline,dense,fault_stale,stale,,42,110485,False,True,False,False,124.0,400,1.7582796096579103,3.859079689843968,85.21025407244385,62
A_baseline,dense,fault_stale,stale,,43,8300,False,True,False,False,22.0,400,3.1414491946747973,61.81818181818182,96.96696578133546,11
A_baseline,dense,fault_stale,stale,,44,503793,False,True,False,False,282.0,400,2.1306272915008604,12.435380097105234,71.7281042128285,141
A_baseline,dense,fault_stale,stale,,45,352372,False,True,False,False,28.00000000000001,400,2.3193000376688424,25.357142857142858,95.50291214291795,14
A_baseline,dense,fault_stale,stale,,46,454845,True,False,False,False,122.0,61,2.637088324943173,13.545223370061631,2.8374733891513437,61
A_baseline,dense,fault_stale,stale,,47,837206,False,True,False,False,106.0,400,2.4052542617985715,13.03798694461693,26.493058722695157,53
A_baseline,dense,fault_stale,stale,,48,834851,False,True,False,False,144.00000000000003,400,1.6560059747029827,8.731990308319228,9.212684679246513,72
A_baseline,dense,fault_stale,stale,,49,457512,False,True,False,False,18.0,400,1.7151358691674987,48.888888888888886,101.53023063550133,9
A_baseline,dense,fault_noise_spike_sev1,noise_spike,12.0,0,404653,False,True,False,False,510.0,400,2.529050083050913,11.539889375217227,66.40057671047403,255
A_baseline,dense,fault_noise_spike_sev1,noise_spike,12.0,1,215753,False,True,False,False,550.0,400,2.26063516306947,14.288305008310772,128.72430841910594,275
A_baseline,dense,fault_noise_spike_sev1,noise_spike,12.0,2,944924,False,True,False,False,18.0,400,2.0634119802898616,16.310102281121676,101.04247306978363,9
A_baseline,dense,fault_noise_spike_sev1,noise_spike,12.0,3,12413,False,True,False,False,32.0,400,1.960543186622576,19.396370764428053,88.52122310606875,16
A_baseline,dense,fault_noise_spike_sev1,noise_spike,12.0,4,839153,False,True,False,False,175.99999999999997,400,2.4567856567051227,6.7174774964220205,65.07891790201417,88
A_baseline,dense,fault_noise_spike_sev1,noise_spike,12.0,5,26206,False,True,False,False,12.000000000000004,400,1.8647291700454838,46.666666666666664,107.09870094518664,6
A_baseline,dense,fault_noise_spike_sev1,noise_spike,12.0,6,85702,False,True,False,False,736.0,400,2.162715980009383,8.475711320135842,126.51791050719167,368
A_baseline,dense,fault_noise_spike_sev1,noise_spike,12.0,7,720542,False,True,False,False,151.99999999999997,400,3.305961555750479,10.62282689310163,26.530343009301255,76
A_baseline,dense,fault_noise_spike_sev1,noise_spike,12.0,8,43194,False,True,False,False,176.0,400,2.3059866665067257,11.976988284164548,65.36615952112562,88
A_baseline,dense,fault_noise_spike_sev1,noise_spike,12.0,9,76840,False,True,False,False,214.0,400,2.5727698537970176,8.935427495972348,87.80438003263134,107
A_baseline,dense,fault_noise_spike_sev1,noise_spike,12.0,10,827195,False,True,False,False,42.0,400,1.987936942881006,23.25967687235646,78.21732171626756,21
A_baseline,dense,fault_noise_spike_sev1,noise_spike,12.0,11,891107,False,True,False,False,278.0,400,2.292942638732165,12.152464488485156,43.650333983198024,139
A_baseline,dense,fault_noise_spike_sev1,noise_spike,12.0,12,419585,False,True,False,False,784.0,400,3.0575726196627264,9.213849365638884,82.32542109633836,392
A_baseline,dense,fault_noise_spike_sev1,noise_spike,12.0,13,197278,False,True,False,False,72.0,400,2.5959490254701145,13.562738645662398,49.29073501464507,36
A_baseline,dense,fault_noise_spike_sev1,noise_spike,12.0,14,662269,False,True,False,False,154.00000000000003,400,2.5783743449745837,11.627920640490643,54.55177083438366,77
A_baseline,dense,fault_noise_spike_sev1,noise_spike,12.0,15,666954,False,True,False,False,12.000000000000004,400,2.7703256901852846,46.666666666666664,107.30937614734817,6
A_baseline,dense,fault_noise_spike_sev1,noise_spike,12.0,16,764983,False,True,False,False,132.00000000000003,400,2.3778487296085893,14.540146560022395,9.65114665230892,66
A_baseline,dense,fault_noise_spike_sev1,noise_spike,12.0,17,888532,True,False,False,False,120.0,60,3.7514059553531776,15.8094541581272,2.479773467188438,60
A_baseline,dense,fault_noise_spike_sev1,noise_spike,12.0,18,155719,False,True,False,False,123.99999999999999,400,1.9382181919586545,11.776913141972875,80.40464747071898,62
A_baseline,dense,fault_noise_spike_sev1,noise_spike,12.0,19,579943,True,False,False,False,124.0,62,3.935026781817381,16.592479143180555,3.9001342109934725,62
A_baseline,dense,fault_noise_spike_sev1,noise_spike,12.0,20,727353,False,True,False,False,106.0,400,1.7880799741841416,16.341398847944966,91.75305802765682,53
A_baseline,dense,fault_noise_spike_sev1,noise_spike,12.0,21,6151,False,True,False,False,300.0,400,2.5015422438740065,12.239510590167319,61.405906775529026,150
A_baseline,dense,fault_noise_spike_sev1,noise_spike,12.0,22,710788,False,True,False,False,320.00000000000006,400,2.2456031655213304,10.200427751698445,53.320349347474,160
A_baseline,dense,fault_noise_spike_sev1,noise_spike,12.0,23,138531,False,True,False,False,108.00000000000003,400,2.510132200298921,12.441766253354908,88.79352654131209,54
A_baseline,dense,fault_noise_spike_sev1,noise_spike,12.0,24,281206,False,True,False,False,59.99999999999999,400,3.320104849463842,21.778317982232668,61.037286555211224,30
A_baseline,dense,fault_noise_spike_sev1,noise_spike,12.0,25,90320,False,True,False,False,29.999999999999993,400,1.854919894933342,30.636126791162308,89.3313885925919,15
A_baseline,dense,fault_noise_spike_sev1,noise_spike,12.0,26,473688,True,False,False,False,120.0,60,3.9916336278190787,9.25310120003955,3.6745670668768033,60
A_baseline,dense,fault_noise_spike_sev1,noise_spike,12.0,27,950752,False,False,True,False,800.0,400,2.3434803782584597,10.755459089180981,63.56495074574274,400
A_baseline,dense,fault_noise_spike_sev1,noise_spike,12.0,28,974050,False,True,False,False,94.0,400,3.054189732997003,20.242631960184454,53.52767009261079,47
A_baseline,dense,fault_noise_spike_sev1,noise_spike,12.0,29,162968,False,True,False,False,153.99999999999997,400,3.8575660191179684,13.587336969658152,55.25247198018706,77
A_baseline,dense,fault_noise_spike_sev1,noise_spike,12.0,30,247501,False,True,False,False,37.99999999999999,400,1.7827764501022234,17.20697121335401,81.46918645863092,19
A_baseline,dense,fault_noise_spike_sev1,noise_spike,12.0,31,611736,False,True,False,False,64.0,400,3.014612229957631,11.68186493586822,67.32919146361091,32
A_baseline,dense,fault_noise_spike_sev1,noise_spike,12.0,32,202663,False,True,False,False,94.0,400,2.7387368547468913,23.30938910167908,35.934474052612565,47
A_baseline,dense,fault_noise_spike_sev1,noise_spike,12.0,33,749349,True,False,False,False,126.0000000000001,63,2.5565458599661834,16.171397508882187,3.258060470851057,63
A_baseline,dense,fault_noise_spike_sev1,noise_spike,12.0,34,67944,False,True,False,False,118.0,400,1.9586608189848949,11.754430055401711,35.06634828566422,59
A_baseline,dense,fault_noise_spike_sev1,noise_spike,12.0,35,667972,False,True,False,False,286.00000000000006,400,2.1733505535516193,13.557369955864145,32.48684145189146,143
A_baseline,dense,fault_noise_spike_sev1,noise_spike,12.0,36,284085,False,True,False,False,502.0,400,1.9898879068760256,11.561980913655377,53.667015291952666,251
A_baseline,dense,fault_noise_spike_sev1,noise_spike,12.0,37,56648,False,True,False,False,136.0,400,2.440835101764653,14.517612988706588,87.70317883765266,68
A_baseline,dense,fault_noise_spike_sev1,noise_spike,12.0,38,883846,False,True,False,False,46.0,400,1.6515636199693147,49.13722491293068,85.62035806669296,23
A_baseline,dense,fault_noise_spike_sev1,noise_spike,12.0,39,542999,False,True,False,False,168.0,400,2.2357292813004506,15.928094043355681,39.19821265564825,84
A_baseline,dense,fault_noise_spike_sev1,noise_spike,12.0,40,876790,False,True,False,False,339.99999999999994,400,2.3098182246566337,11.472291319971301,89.95394404385812,170
A_baseline,dense,fault_noise_spike_sev1,noise_spike,12.0,41,864562,False,True,False,False,130.0,400,2.2509111148762653,24.703152235561078,35.5973747446305,65
A_baseline,dense,fault_noise_spike_sev1,noise_spike,12.0,42,110485,False,True,False,False,120.0,400,2.1388392332767068,9.619456798587958,90.79835208287216,60
A_baseline,dense,fault_noise_spike_sev1,noise_spike,12.0,43,8300,False,True,False,False,22.0,400,3.1414491946747973,61.81818181818182,96.96696578133546,11
A_baseline,dense,fault_noise_spike_sev1,noise_spike,12.0,44,503793,False,True,False,False,308.00000000000006,400,1.7654007637637674,11.346870715850669,71.27674987922748,154
A_baseline,dense,fault_noise_spike_sev1,noise_spike,12.0,45,352372,False,True,False,False,28.00000000000001,400,2.3193000376688424,25.357142857142858,95.50291214291795,14
A_baseline,dense,fault_noise_spike_sev1,noise_spike,12.0,46,454845,True,False,False,False,124.0,62,2.637088324943173,18.270276765268225,2.7133850924574143,62
A_baseline,dense,fault_noise_spike_sev1,noise_spike,12.0,47,837206,False,True,False,False,99.99999999999999,400,2.86127698329268,15.029257459825912,29.726911751095113,50
A_baseline,dense,fault_noise_spike_sev1,noise_spike,12.0,48,834851,False,True,False,False,184.0,400,1.851620007071389,13.711612659722759,73.33669399025945,92
A_baseline,dense,fault_noise_spike_sev1,noise_spike,12.0,49,457512,False,True,False,False,18.0,400,1.7151358691674987,48.888888888888886,101.53023063550133,9
A_baseline,dense,fault_noise_spike_sev2,noise_spike,30.0,0,404653,False,True,False,False,184.00000000000003,400,2.355335511033637,17.544444288004037,60.93255767150369,92
A_baseline,dense,fault_noise_spike_sev2,noise_spike,30.0,1,215753,False,True,False,False,528.0,400,2.4051433806351454,11.812182328136455,127.79715418086997,264
A_baseline,dense,fault_noise_spike_sev2,noise_spike,30.0,2,944924,False,True,False,False,18.0,400,2.0634119802898616,16.310102281121676,101.04247306978363,9
A_baseline,dense,fault_noise_spike_sev2,noise_spike,30.0,3,12413,False,True,False,False,32.0,400,1.960543186622576,19.396370764428053,88.52122310606875,16
A_baseline,dense,fault_noise_spike_sev2,noise_spike,30.0,4,839153,False,True,False,False,235.99999999999994,400,3.334100914365563,8.846266819232014,74.49468562509428,118
A_baseline,dense,fault_noise_spike_sev2,noise_spike,30.0,5,26206,False,True,False,False,12.000000000000004,400,1.8647291700454838,46.666666666666664,107.09870094518664,6
A_baseline,dense,fault_noise_spike_sev2,noise_spike,30.0,6,85702,False,True,False,False,280.0,400,2.162715980009383,10.291391619278434,91.06063468246397,140
A_baseline,dense,fault_noise_spike_sev2,noise_spike,30.0,7,720542,True,False,False,False,123.99999999999997,62,3.305961555750479,12.276396830985384,3.5681495249432507,62
A_baseline,dense,fault_noise_spike_sev2,noise_spike,30.0,8,43194,False,True,False,False,260.00000000000006,400,1.6333619707258642,14.746082917351247,126.44217173135537,130
A_baseline,dense,fault_noise_spike_sev2,noise_spike,30.0,9,76840,False,True,False,False,258.0,400,2.4197483448601385,15.763693702009935,127.7184849441454,129
A_baseline,dense,fault_noise_spike_sev2,noise_spike,30.0,10,827195,False,True,False,False,304.0,400,1.9991705164459694,16.59014808166493,53.594189607237844,152
A_baseline,dense,fault_noise_spike_sev2,noise_spike,30.0,11,891107,False,True,False,False,102.0,400,3.0992281537489688,16.9968845799402,70.04031251063198,51
A_baseline,dense,fault_noise_spike_sev2,noise_spike,30.0,12,419585,True,False,False,False,342.0,171,2.5618769984887217,10.97952867794805,3.043568180868105,171
A_baseline,dense,fault_noise_spike_sev2,noise_spike,30.0,13,197278,False,True,False,False,74.00000000000001,400,1.6463476377653685,13.260041739720814,46.99901750159222,37
A_baseline,dense,fault_noise_spike_sev2,noise_spike,30.0,14,662269,True,False,False,False,124.00000000000001,62,5.705741117104494,24.478562622701517,3.211766066392044,62
A_baseline,dense,fault_noise_spike_sev2,noise_spike,30.0,15,666954,False,True,False,False,12.000000000000004,400,2.7703256901852846,46.666666666666664,107.30937614734817,6
A_baseline,dense,fault_noise_spike_sev2,noise_spike,30.0,16,764983,True,False,False,False,122.00000000000003,61,3.7194633971905904,18.462000430908724,3.749710757765109,61
A_baseline,dense,fault_noise_spike_sev2,noise_spike,30.0,17,888532,False,True,False,False,61.999999999999986,400,2.2730130809814977,12.494820890055845,58.06973107598011,31
A_baseline,dense,fault_noise_spike_sev2,noise_spike,30.0,18,155719,False,True,False,False,214.0,400,3.429891949158796,15.361999939924955,65.23707646404283,107
A_baseline,dense,fault_noise_spike_sev2,noise_spike,30.0,19,579943,True,False,False,False,123.99999999999999,62,2.8967361801576934,15.523846049322461,3.9076923073509917,62
A_baseline,dense,fault_noise_spike_sev2,noise_spike,30.0,20,727353,False,True,False,False,98.0,400,3.554602771351147,15.806069148880463,90.96533811251656,49
A_baseline,dense,fault_noise_spike_sev2,noise_spike,30.0,21,6151,False,True,False,False,96.0,400,2.1933617337129636,19.01558394142207,55.140268805968674,48
A_baseline,dense,fault_noise_spike_sev2,noise_spike,30.0,22,710788,False,True,False,False,124.00000000000001,400,2.715091264239704,11.274105657423537,43.97069490738845,62
A_baseline,dense,fault_noise_spike_sev2,noise_spike,30.0,23,138531,False,True,False,False,108.0,400,2.0348680599492055,16.14844986611915,89.69249268909209,54
A_baseline,dense,fault_noise_spike_sev2,noise_spike,30.0,24,281206,False,True,False,False,216.0,400,2.4731506094310545,12.111512356879173,86.27709617989115,108
A_baseline,dense,fault_noise_spike_sev2,noise_spike,30.0,25,90320,False,True,False,False,29.999999999999993,400,1.854919894933342,30.636126791162308,89.3313885925919,15
A_baseline,dense,fault_noise_spike_sev2,noise_spike,30.0,26,473688,True,False,False,False,122.0,61,4.556307537249449,7.677044600291183,3.5205205003687468,61
A_baseline,dense,fault_noise_spike_sev2,noise_spike,30.0,27,950752,False,True,False,False,456.0,400,2.4623913166954634,14.92989629727981,109.40257262781655,228
A_baseline,dense,fault_noise_spike_sev2,noise_spike,30.0,28,974050,False,True,False,False,97.99999999999999,400,1.6318449067901797,29.185411387652177,52.75782544178736,49
A_baseline,dense,fault_noise_spike_sev2,noise_spike,30.0,29,162968,False,True,False,False,152.0,400,2.148152224534813,14.391848062652763,56.61563730972472,76
A_baseline,dense,fault_noise_spike_sev2,noise_spike,30.0,30,247501,False,True,False,False,37.99999999999999,400,1.7827764501022234,17.20697121335401,81.46918645863092,19
A_baseline,dense,fault_noise_spike_sev2,noise_spike,30.0,31,611736,False,True,False,False,64.0,400,2.579427460652155,13.768497576043824,65.39778758091552,32
A_baseline,dense,fault_noise_spike_sev2,noise_spike,30.0,32,202663,False,True,False,False,94.0,400,2.7387368547468913,23.30938910167908,35.308514909801126,47
A_baseline,dense,fault_noise_spike_sev2,noise_spike,30.0,33,749349,False,True,False,False,112.0,400,2.8137939584760354,12.77668187319722,90.73381174287604,56
A_baseline,dense,fault_noise_spike_sev2,noise_spike,30.0,34,67944,False,True,False,False,109.99999999999999,400,2.1581175953405936,12.557839497039303,25.626373854078945,55
A_baseline,dense,fault_noise_spike_sev2,noise_spike,30.0,35,667972,True,False,False,False,125.99999999999999,63,5.538392612884263,20.764029207488676,3.717897302579689,63
A_baseline,dense,fault_noise_spike_sev2,noise_spike,30.0,36,284085,False,True,False,False,138.0,400,1.9898879068760256,18.980229937366733,49.72887919501211,69
A_baseline,dense,fault_noise_spike_sev2,noise_spike,30.0,37,56648,False,True,False,False,116.0,400,3.3938424811059913,20.8407971628524,90.85963929396148,58
A_baseline,dense,fault_noise_spike_sev2,noise_spike,30.0,38,883846,False,True,False,False,45.99999999999999,400,2.0741039295858807,38.70244230423503,87.5766708134982,23
A_baseline,dense,fault_noise_spike_sev2,noise_spike,30.0,39,542999,True,False,False,False,124.0,62,3.972609252193709,20.62382362660373,3.9756518814167694,62
A_baseline,dense,fault_noise_spike_sev2,noise_spike,30.0,40,876790,False,True,False,False,142.0,400,3.6176146951241037,18.147655014897524,61.71987617626859,71
A_baseline,dense,fault_noise_spike_sev2,noise_spike,30.0,41,864562,False,True,False,False,84.00000000000001,400,2.6274738746687416,19.402100036818346,78.00380051100174,42
A_baseline,dense,fault_noise_spike_sev2,noise_spike,30.0,42,110485,False,True,False,False,110.0,400,2.6922363709698383,19.18811883850182,76.06455680958486,55
A_baseline,dense,fault_noise_spike_sev2,noise_spike,30.0,43,8300,False,True,False,False,22.0,400,3.1414491946747973,61.81818181818182,96.96696578133546,11
A_baseline,dense,fault_noise_spike_sev2,noise_spike,30.0,44,503793,False,True,False,False,86.0,400,2.1306272915008604,14.692543863292768,73.00383926253481,43
A_baseline,dense,fault_noise_spike_sev2,noise_spike,30.0,45,352372,False,True,False,False,28.00000000000001,400,2.3193000376688424,25.357142857142858,95.50291214291795,14
A_baseline,dense,fault_noise_spike_sev2,noise_spike,30.0,46,454845,True,False,False,False,124.0,62,2.637088324943173,20.395934068664147,3.3848618396011956,62
A_baseline,dense,fault_noise_spike_sev2,noise_spike,30.0,47,837206,False,True,False,False,97.99999999999997,400,2.86127698329268,21.176779225263964,25.985164316471373,49
A_baseline,dense,fault_noise_spike_sev2,noise_spike,30.0,48,834851,False,True,False,False,396.0,400,2.0139091264798323,13.779308810783155,89.02944303458389,198
A_baseline,dense,fault_noise_spike_sev2,noise_spike,30.0,49,457512,False,True,False,False,18.0,400,1.7151358691674987,48.888888888888886,101.53023063550133,9
A_baseline,dense,fault_noise_spike_sev3,noise_spike,60.0,0,404653,False,True,False,False,406.0,400,2.281631290656352,13.91814604467118,92.9419241930444,203
A_baseline,dense,fault_noise_spike_sev3,noise_spike,60.0,1,215753,False,True,False,False,370.0,400,4.853047323263798,14.895429876628024,93.53848482818738,185
A_baseline,dense,fault_noise_spike_sev3,noise_spike,60.0,2,944924,False,True,False,False,18.0,400,2.0634119802898616,16.310102281121676,101.04247306978363,9
A_baseline,dense,fault_noise_spike_sev3,noise_spike,60.0,3,12413,False,True,False,False,32.0,400,1.960543186622576,19.396370764428053,88.52122310606875,16
A_baseline,dense,fault_noise_spike_sev3,noise_spike,60.0,4,839153,False,True,False,False,88.0,400,3.0783318426267563,11.120676018088842,42.12874649980503,44
A_baseline,dense,fault_noise_spike_sev3,noise_spike,60.0,5,26206,False,True,False,False,12.000000000000004,400,1.8647291700454838,46.666666666666664,107.09870094518664,6
A_baseline,dense,fault_noise_spike_sev3,noise_spike,60.0,6,85702,False,True,False,False,184.0,400,1.7246281480755978,12.446313122701737,95.79845071936965,92
A_baseline,dense,fault_noise_spike_sev3,noise_spike,60.0,7,720542,False,True,False,False,320.0,400,2.2966465249308956,14.598679226082973,45.6573039709762,160
A_baseline,dense,fault_noise_spike_sev3,noise_spike,60.0,8,43194,False,True,False,False,130.00000000000003,400,2.1180623486558683,17.940275113689726,38.05316140254499,65
A_baseline,dense,fault_noise_spike_sev3,noise_spike,60.0,9,76840,True,False,False,False,136.0,68,3.4097044231088582,11.765831045332064,2.112317580601533,68
A_baseline,dense,fault_noise_spike_sev3,noise_spike,60.0,10,827195,False,True,False,False,292.0,400,2.129468152946322,10.501615650583865,77.63179611788455,146
A_baseline,dense,fault_noise_spike_sev3,noise_spike,60.0,11,891107,False,True,False,False,102.0,400,3.0992281537489688,16.9968845799402,70.04031251063198,51
A_baseline,dense,fault_noise_spike_sev3,noise_spike,60.0,12,419585,False,True,False,False,146.0,400,1.627706214386735,13.166064975827547,81.96506455596406,73
A_baseline,dense,fault_noise_spike_sev3,noise_spike,60.0,13,197278,False,True,False,False,134.0,400,2.2489442829441684,20.657562147141554,15.09458854662118,67
A_baseline,dense,fault_noise_spike_sev3,noise_spike,60.0,14,662269,False,True,False,False,141.99999999999997,400,1.7843523434240318,21.428930212834583,57.679421821959814,71
A_baseline,dense,fault_noise_spike_sev3,noise_spike,60.0,15,666954,False,True,False,False,12.000000000000004,400,2.7703256901852846,46.666666666666664,107.30937614734817,6
A_baseline,dense,fault_noise_spike_sev3,noise_spike,60.0,16,764983,False,True,False,False,121.99999999999999,400,2.6825771041677924,19.79570822162198,9.671619154118963,61
A_baseline,dense,fault_noise_spike_sev3,noise_spike,60.0,17,888532,False,True,False,False,62.0,400,2.1356559243888467,21.991037403947875,57.64250249979838,31
A_baseline,dense,fault_noise_spike_sev3,noise_spike,60.0,18,155719,False,True,False,False,195.99999999999994,400,3.0330153381012512,20.874343885999128,77.96782210764476,98
A_baseline,dense,fault_noise_spike_sev3,noise_spike,60.0,19,579943,False,True,False,False,68.0,400,2.9101283279506753,16.577099643794305,60.92682465154045,34
A_baseline,dense,fault_noise_spike_sev3,noise_spike,60.0,20,727353,True,False,False,False,118.00000000000004,59,3.6622286358483347,17.81339024873578,3.4573822415385593,59
A_baseline,dense,fault_noise_spike_sev3,noise_spike,60.0,21,6151,False,True,False,False,66.0,400,1.884639690974749,15.300652451446727,83.09496648871057,33
A_baseline,dense,fault_noise_spike_sev3,noise_spike,60.0,22,710788,False,True,False,False,268.00000000000006,400,2.4136798240944786,17.35094184498155,37.98543756357028,134
A_baseline,dense,fault_noise_spike_sev3,noise_spike,60.0,23,138531,False,True,False,False,99.99999999999999,400,3.243403501727782,18.72230111843771,78.16448140724198,50
A_baseline,dense,fault_noise_spike_sev3,noise_spike,60.0,24,281206,True,False,False,False,120.00000000000003,60,2.885464044481916,18.036081493676992,3.6285250973534287,60
A_baseline,dense,fault_noise_spike_sev3,noise_spike,60.0,25,90320,False,True,False,False,29.999999999999993,400,1.854919894933342,30.636126791162308,89.3313885925919,15
A_baseline,dense,fault_noise_spike_sev3,noise_spike,60.0,26,473688,False,True,False,False,258.0,400,3.4121881070958144,11.865585357113046,126.77522141386471,129
A_baseline,dense,fault_noise_spike_sev3,noise_spike,60.0,27,950752,True,False,False,False,126.0,63,3.0699318195226315,19.13820637723749,2.572837864391265,63
A_baseline,dense,fault_noise_spike_sev3,noise_spike,60.0,28,974050,False,True,False,False,102.0,400,2.409040422899314,22.54350145947567,79.34197483857628,51
A_baseline,dense,fault_noise_spike_sev3,noise_spike,60.0,29,162968,False,True,False,False,70.0,400,2.7648915942519654,21.288505065785866,65.24094156445013,35
A_baseline,dense,fault_noise_spike_sev3,noise_spike,60.0,30,247501,False,True,False,False,37.99999999999999,400,1.7827764501022234,17.20697121335401,81.46918645863092,19
A_baseline,dense,fault_noise_spike_sev3,noise_spike,60.0,31,611736,False,True,False,False,64.0,400,3.3251289766375063,9.146813576841662,67.0751634826147,32
A_baseline,dense,fault_noise_spike_sev3,noise_spike,60.0,32,202663,False,True,False,False,94.0,400,2.7387368547468913,23.30938910167908,35.308514909801126,47
A_baseline,dense,fault_noise_spike_sev3,noise_spike,60.0,33,749349,False,True,False,False,48.0,400,3.38034074633208,11.297953991606951,84.07784124117964,24
A_baseline,dense,fault_noise_spike_sev3,noise_spike,60.0,34,67944,False,True,False,False,108.0,400,2.6090703139024813,16.540622209005765,32.20922348700814,54
A_baseline,dense,fault_noise_spike_sev3,noise_spike,60.0,35,667972,False,True,False,False,130.00000000000003,400,2.1928357454909846,24.04649315354962,7.901315152138828,65
A_baseline,dense,fault_noise_spike_sev3,noise_spike,60.0,36,284085,False,True,False,False,93.99999999999999,400,1.9898879068760256,18.737478890296703,52.60312459550398,47
A_baseline,dense,fault_noise_spike_sev3,noise_spike,60.0,37,56648,False,True,False,False,75.99999999999999,400,1.846570287346026,23.49774785855549,76.32614876826422,38
A_baseline,dense,fault_noise_spike_sev3,noise_spike,60.0,38,883846,False,True,False,False,45.99999999999999,400,2.138855362475023,31.745920565104594,89.13097622274825,23
A_baseline,dense,fault_noise_spike_sev3,noise_spike,60.0,39,542999,False,True,False,False,128.00000000000006,400,1.9294223540111117,20.92204819939707,9.549536021052017,64
A_baseline,dense,fault_noise_spike_sev3,noise_spike,60.0,40,876790,False,True,False,False,149.99999999999997,400,1.6417741117947693,21.14247534810341,63.02789867843968,75
A_baseline,dense,fault_noise_spike_sev3,noise_spike,60.0,41,864562,False,True,False,False,37.99999999999999,400,2.6697008453053774,16.41343250160908,87.054209579252,19
A_baseline,dense,fault_noise_spike_sev3,noise_spike,60.0,42,110485,False,True,False,False,108.0,400,2.5738443804086657,13.652380789976483,50.745167208240616,54
A_baseline,dense,fault_noise_spike_sev3,noise_spike,60.0,43,8300,False,True,False,False,22.0,400,3.1414491946747973,61.81818181818182,96.96696578133546,11
A_baseline,dense,fault_noise_spike_sev3,noise_spike,60.0,44,503793,False,True,False,False,86.0,400,1.7188917618292618,13.748599830554115,72.0994895948286,43
A_baseline,dense,fault_noise_spike_sev3,noise_spike,60.0,45,352372,False,True,False,False,28.00000000000001,400,2.3193000376688424,25.357142857142858,95.50291214291795,14
A_baseline,dense,fault_noise_spike_sev3,noise_spike,60.0,46,454845,True,False,False,False,124.00000000000003,62,2.637088324943173,21.681965833182034,3.0857612055522354,62
A_baseline,dense,fault_noise_spike_sev3,noise_spike,60.0,47,837206,False,True,False,False,118.0,400,2.6393132144785167,19.668090773323488,28.533265379398483,59
A_baseline,dense,fault_noise_spike_sev3,noise_spike,60.0,48,834851,False,True,False,False,138.0,400,2.152769818152397,15.294730822606118,27.52892395267825,69
A_baseline,dense,fault_noise_spike_sev3,noise_spike,60.0,49,457512,False,True,False,False,18.0,400,1.7151358691674987,48.888888888888886,101.53023063550133,9
B_handtuned_flc,sparse,clean,,,0,404653,False,False,True,False,800.0,400,3.152742167186525,4.881722568732831,54.67565923941425,400
B_handtuned_flc,sparse,clean,,,1,215753,True,False,False,False,228.00000000000003,114,3.2789929251758765,5.434461417575659,2.8514426091342804,114
B_handtuned_flc,sparse,clean,,,2,944924,True,False,False,False,120.0,60,5.949698399584554,2.596507251568872,2.902913323671222,60
B_handtuned_flc,sparse,clean,,,3,12413,False,True,False,False,114.0,400,1.8130424548787258,5.740859258036848,92.03933120342953,57
B_handtuned_flc,sparse,clean,,,4,839153,False,True,False,False,111.99999999999999,400,2.8555685978665455,7.2890908865549315,26.838471016483375,56
B_handtuned_flc,sparse,clean,,,5,26206,False,True,False,False,302.0,400,1.7883692619049407,6.031644369662063,77.7060380977278,151
B_handtuned_flc,sparse,clean,,,6,85702,False,True,False,False,104.0,400,2.6959558434645685,3.4440311641216246,71.76292249717712,52
B_handtuned_flc,sparse,clean,,,7,720542,False,True,False,False,137.99999999999997,400,2.222546699579425,2.499077335145662,8.620023420653485,69
B_handtuned_flc,sparse,clean,,,8,43194,False,False,True,False,800.0,400,4.210731011794877,6.644056766069006,52.40445143430616,400
B_handtuned_flc,sparse,clean,,,9,76840,False,True,False,False,60.000000000000014,400,1.843395963467662,11.660754255251792,60.287026463518536,30
B_handtuned_flc,sparse,clean,,,10,827195,False,True,False,False,360.00000000000006,400,2.7498696578758257,8.884271852696711,32.379773232218234,180
B_handtuned_flc,sparse,clean,,,11,891107,False,False,True,False,800.0,400,2.8854374876021365,3.1928170603422257,39.530812506262954,400
B_handtuned_flc,sparse,clean,,,12,419585,True,False,False,False,117.99999999999991,59,11.318552893345457,2.275530203453099,2.7951703318614305,59
B_handtuned_flc,sparse,clean,,,13,197278,False,False,True,False,800.0,400,5.099599652010687,4.657626903775416,52.47844836066887,400
B_handtuned_flc,sparse,clean,,,14,662269,False,True,False,False,100.0,400,1.9689421372697622,5.575440775692608,91.44909124786324,50
B_handtuned_flc,sparse,clean,,,15,666954,False,True,False,False,23.999999999999996,400,1.7857138497481888,24.944355388264828,97.09014014581828,12
B_handtuned_flc,sparse,clean,,,16,764983,False,True,False,False,276.0,400,3.0587289780695306,5.788989625130381,124.79007235160007,138
B_handtuned_flc,sparse,clean,,,17,888532,False,False,True,False,800.0,400,3.0916268734027974,5.423174859559968,18.34929552093918,400
B_handtuned_flc,sparse,clean,,,18,155719,False,True,False,False,402.0,400,2.29345472015411,6.659531167382491,39.9956069296809,201
B_handtuned_flc,sparse,clean,,,19,579943,False,True,False,False,738.0,400,2.0862525302272457,6.587270525368601,94.64351604963649,369
B_handtuned_flc,sparse,clean,,,20,727353,False,True,False,False,136.0,400,2.6774574999484724,3.0648220012125997,8.142938918021102,68
B_handtuned_flc,sparse,clean,,,21,6151,False,True,False,False,390.0,400,2.647391103252434,5.280252180389657,69.02222855263655,195
B_handtuned_flc,sparse,clean,,,22,710788,False,True,False,False,588.0,400,2.2338274816267822,5.06475613320114,100.17263607099821,294
B_handtuned_flc,sparse,clean,,,23,138531,False,True,False,False,310.0,400,2.2432880098656245,4.998827486549091,28.027374887812364,155
B_handtuned_flc,sparse,clean,,,24,281206,False,True,False,False,328.0,400,2.5501342352825174,3.9931971619061235,59.80149866385253,164
B_handtuned_flc,sparse,clean,,,25,90320,False,True,False,False,69.99999999999999,400,2.754235552129663,5.614140809951133,54.99135049284486,35
B_handtuned_flc,sparse,clean,,,26,473688,False,True,False,False,362.0,400,1.8974430436071548,4.795265095729203,7.137118364750222,181
B_handtuned_flc,sparse,clean,,,27,950752,False,True,False,False,48.0,400,2.5986147028263544,8.09209700046049,72.43926405817884,24
B_handtuned_flc,sparse,clean,,,28,974050,False,True,False,False,48.0,400,2.833443016294942,10.936788525487342,84.67493669188056,24
B_handtuned_flc,sparse,clean,,,29,162968,False,True,False,False,156.0,400,1.926580993296164,2.731499854140652,37.321519079259375,78
B_handtuned_flc,sparse,clean,,,30,247501,True,False,False,False,152.0,76,3.841970800509473,4.2247522801358075,2.6879731392541024,76
B_handtuned_flc,sparse,clean,,,31,611736,False,True,False,False,80.0,400,2.375789474378074,8.163810134817284,69.39356844072083,40
B_handtuned_flc,sparse,clean,,,32,202663,False,True,False,False,48.0,400,1.8315746645388384,7.978739573469437,74.4464897549221,24
B_handtuned_flc,sparse,clean,,,33,749349,False,True,False,False,54.0,400,2.1611282004384327,3.4639626963390433,69.27815870271141,27
B_handtuned_flc,sparse,clean,,,34,67944,False,True,False,False,60.00000000000001,400,3.520740604469487,4.043704879649114,74.8449167086317,30
B_handtuned_flc,sparse,clean,,,35,667972,False,True,False,False,188.00000000000006,400,2.0360626533425754,7.766601893515931,67.55339752938998,94
B_handtuned_flc,sparse,clean,,,36,284085,False,True,False,False,126.00000000000003,400,1.7896039807169992,2.2486558906957637,14.656787033091392,63
B_handtuned_flc,sparse,clean,,,37,56648,False,True,False,False,244.0,400,2.1201674259826615,8.692638836621638,9.306125197949234,122
B_handtuned_flc,sparse,clean,,,38,883846,False,True,False,False,150.0,400,2.6682242865428827,5.788429466619165,12.329960460160274,75
B_handtuned_flc,sparse,clean,,,39,542999,False,True,False,False,260.0,400,1.7802496992068109,4.088324352739553,117.08400364038224,130
B_handtuned_flc,sparse,clean,,,40,876790,False,True,False,False,150.0,400,3.262440512584949,3.869776125045569,7.401312571166267,75
B_handtuned_flc,sparse,clean,,,41,864562,False,True,False,False,34.0,400,1.834769651077353,22.028247165373486,85.47443324418737,17
B_handtuned_flc,sparse,clean,,,42,110485,False,True,False,False,140.0,400,2.800418264502066,7.091765818519774,90.01561832081791,70
B_handtuned_flc,sparse,clean,,,43,8300,False,True,False,False,356.0,400,2.3283708922705313,5.711778161325356,83.851077525795,178
B_handtuned_flc,sparse,clean,,,44,503793,True,False,False,False,134.0,67,6.518998076915908,4.435167714325066,3.5412280884218896,67
B_handtuned_flc,sparse,clean,,,45,352372,False,True,False,False,418.0,400,2.466308212555557,7.242151930098589,121.29638636401573,209
B_handtuned_flc,sparse,clean,,,46,454845,False,True,False,False,140.0,400,1.9853124388250134,5.0526823657425695,25.78161944335497,70
B_handtuned_flc,sparse,clean,,,47,837206,False,False,True,False,800.0,400,3.0512994009985093,5.228662810303072,59.016942385799624,400
B_handtuned_flc,sparse,clean,,,48,834851,False,True,False,False,46.0,400,2.56540002941429,9.351679523103206,81.65769681586795,23
B_handtuned_flc,sparse,clean,,,49,457512,False,True,False,False,128.0,400,1.9434483587705949,8.482555842664247,7.12477191230527,64
B_handtuned_flc,sparse,fault_dropout,dropout,,0,404653,False,False,True,False,800.0,400,2.97963824903173,6.219706551404244,65.50384366904605,400
B_handtuned_flc,sparse,fault_dropout,dropout,,1,215753,False,True,False,False,104.00000000000001,400,3.0212244888274027,5.519511347447399,76.7763503785452,52
B_handtuned_flc,sparse,fault_dropout,dropout,,2,944924,False,True,False,False,180.00000000000003,400,1.5955233282058623,3.399053054381352,79.5656985309677,90
B_handtuned_flc,sparse,fault_dropout,dropout,,3,12413,False,True,False,False,90.0,400,1.6385889259013184,5.895361982534482,96.3373133669058,45
B_handtuned_flc,sparse,fault_dropout,dropout,,4,839153,False,True,False,False,370.0,400,2.220088606234067,5.349142404711075,91.19657640592338,185
B_handtuned_flc,sparse,fault_dropout,dropout,,5,26206,False,True,False,False,508.00000000000006,400,1.8530465351931131,5.104614899617592,83.33301715523953,254
B_handtuned_flc,sparse,fault_dropout,dropout,,6,85702,False,True,False,False,102.0,400,2.3618770414019,3.6953969803213687,72.62575543509818,51
B_handtuned_flc,sparse,fault_dropout,dropout,,7,720542,False,True,False,False,136.0,400,1.9057429193997917,1.6653534538462575,21.41517486649474,68
B_handtuned_flc,sparse,fault_dropout,dropout,,8,43194,False,True,False,False,76.0,400,1.8262446477254919,1.4021722659286389,43.86588518347505,38
B_handtuned_flc,sparse,fault_dropout,dropout,,9,76840,False,True,False,False,60.000000000000014,400,1.843395963467662,11.660754255251792,60.287026463518536,30
B_handtuned_flc,sparse,fault_dropout,dropout,,10,827195,False,True,False,False,96.00000000000001,400,2.4692179565887984,2.837778393336515,30.01580608755566,48
B_handtuned_flc,sparse,fault_dropout,dropout,,11,891107,False,True,False,False,225.99999999999997,400,1.675387494247415,3.2912239106949044,103.75800366607548,113
B_handtuned_flc,sparse,fault_dropout,dropout,,12,419585,False,True,False,False,123.99999999999991,400,1.9535194488587928,1.8963282788288813,8.579753583118947,62
B_handtuned_flc,sparse,fault_dropout,dropout,,13,197278,False,True,False,False,48.000000000000014,400,2.250811181026661,1.666666666666667,72.4720823671233,24
B_handtuned_flc,sparse,fault_dropout,dropout,,14,662269,False,True,False,False,72.00000000000001,400,1.8382448486162613,2.1226841516170483,60.31912961220534,36
B_handtuned_flc,sparse,fault_dropout,dropout,,15,666954,False,True,False,False,23.999999999999996,400,1.7857138497481888,24.944355388264828,97.09014014581828,12
B_handtuned_flc,sparse,fault_dropout,dropout,,16,764983,False,True,False,False,46.0,400,2.4257232665238226,4.777573413460109,74.5466368309643,23
B_handtuned_flc,sparse,fault_dropout,dropout,,17,888532,False,True,False,False,368.0,400,1.8756489615933865,3.8594519050704945,91.10682509756778,184
B_handtuned_flc,sparse,fault_dropout,dropout,,18,155719,False,True,False,False,144.0,400,2.070450026324073,1.494046255871935,88.24307191051965,72
B_handtuned_flc,sparse,fault_dropout,dropout,,19,579943,False,True,False,False,152.0,400,2.0862525302272457,6.484655015992543,103.48099116537009,76
B_handtuned_flc,sparse,fault_dropout,dropout,,20,727353,False,True,False,False,266.0,400,2.647900796589317,6.0440959481724725,94.06875054885104,133
B_handtuned_flc,sparse,fault_dropout,dropout,,21,6151,False,True,False,False,75.99999999999999,400,2.419459954846369,6.289977102798852,80.40615143041961,38
B_handtuned_flc,sparse,fault_dropout,dropout,,22,710788,False,False,True,False,800.0,400,3.4001492263936157,4.409852108082415,100.86798102773191,400
B_handtuned_flc,sparse,fault_dropout,dropout,,23,138531,False,True,False,False,116.0,400,1.5341868893632484,3.4715939542593275,74.89458068609568,58
B_handtuned_flc,sparse,fault_dropout,dropout,,24,281206,False,True,False,False,318.0,400,2.029786088083586,3.221489468768941,59.32172114072284,159
B_handtuned_flc,sparse,fault_dropout,dropout,,25,90320,False,True,False,False,72.0,400,2.2444692698191133,1.3687252058126684,48.679229076310065,36
B_handtuned_flc,sparse,fault_dropout,dropout,,26,473688,False,True,False,False,134.00000000000003,400,2.0770154877251548,1.842512620295236,20.312809434627226,67
B_handtuned_flc,sparse,fault_dropout,dropout,,27,950752,False,True,False,False,48.0,400,2.5986147028263544,8.09209700046049,72.43926405817884,24
B_handtuned_flc,sparse,fault_dropout,dropout,,28,974050,False,True,False,False,48.0,400,2.304729995396003,16.18414067109399,83.49677335649176,24
B_handtuned_flc,sparse,fault_dropout,dropout,,29,162968,False,True,False,False,338.0,400,1.798405567880707,2.7815607722368196,30.822892272889902,169
B_handtuned_flc,sparse,fault_dropout,dropout,,30,247501,False,True,False,False,140.0,400,3.841970800509473,4.33296967835151,17.953025244360965,70
B_handtuned_flc,sparse,fault_dropout,dropout,,31,611736,False,True,False,False,80.0,400,1.9014205630825303,6.261022634757412,79.02767213608546,40
B_handtuned_flc,sparse,fault_dropout,dropout,,32,202663,False,True,False,False,48.0,400,1.8315746645388384,7.978739573469437,74.4464897549221,24
B_handtuned_flc,sparse,fault_dropout,dropout,,33,749349,False,True,False,False,54.0,400,2.1119819205045127,2.611821864659323,69.82184038361838,27
B_handtuned_flc,sparse,fault_dropout,dropout,,34,67944,False,True,False,False,38.00000000000001,400,2.3241112663281944,2.7745638293683177,82.28365057679916,19
B_handtuned_flc,sparse,fault_dropout,dropout,,35,667972,False,True,False,False,94.00000000000006,400,2.0993704332576715,2.955656907475104,67.12662129465679,47
B_handtuned_flc,sparse,fault_dropout,dropout,,36,284085,True,False,False,False,118.00000000000003,59,10.089254537516098,2.0712189592612353,3.1560124079954632,59
B_handtuned_flc,sparse,fault_dropout,dropout,,37,56648,False,True,False,False,102.0,400,1.9278858710156042,2.956266984502702,92.1057962887098,51
B_handtuned_flc,sparse,fault_dropout,dropout,,38,883846,False,True,False,False,202.0,400,3.3330072500316716,3.880361710627575,86.30307011186845,101
B_handtuned_flc,sparse,fault_dropout,dropout,,39,542999,False,True,False,False,310.0,400,3.0090109516197816,4.1125174959382385,34.682533477104805,155
B_handtuned_flc,sparse,fault_dropout,dropout,,40,876790,False,True,False,False,144.0,400,2.763679715234206,3.4037194722611592,17.246783782530606,72
B_handtuned_flc,sparse,fault_dropout,dropout,,41,864562,False,True,False,False,34.00000000000001,400,1.8889495178624578,22.221358118485217,85.48652568984205,17
B_handtuned_flc,sparse,fault_dropout,dropout,,42,110485,False,True,False,False,133.99999999999997,400,2.7926821989898203,4.84735407305791,81.36305797263724,67
B_handtuned_flc,sparse,fault_dropout,dropout,,43,8300,False,True,False,False,79.99999999999999,400,2.511164819817782,6.299809825202102,57.642064587456915,40
B_handtuned_flc,sparse,fault_dropout,dropout,,44,503793,False,True,False,False,264.0,400,1.934899155309375,5.44735155925441,107.3194770945198,132
B_handtuned_flc,sparse,fault_dropout,dropout,,45,352372,False,True,False,False,92.0,400,3.537252681614928,7.751457207699997,31.70343607730564,46
B_handtuned_flc,sparse,fault_dropout,dropout,,46,454845,False,True,False,False,130.00000000000003,400,2.6974401869122606,2.18799908282639,15.401597145052106,65
B_handtuned_flc,sparse,fault_dropout,dropout,,47,837206,False,False,True,False,800.0,400,2.9565740822552846,5.456794096630291,57.68374496182928,400
B_handtuned_flc,sparse,fault_dropout,dropout,,48,834851,False,True,False,False,46.0,400,2.56540002941429,9.351679523103206,81.65769681586795,23
B_handtuned_flc,sparse,fault_dropout,dropout,,49,457512,False,True,False,False,386.0,400,1.7377846719010281,4.544622925416261,70.97734718445531,193
B_handtuned_flc,sparse,fault_bias,bias,,0,404653,False,False,True,False,800.0,400,6.2115473904372305,33.29178042544616,54.12707546059721,400
B_handtuned_flc,sparse,fault_bias,bias,,1,215753,False,True,False,False,104.00000000000001,400,1.9660013769027342,5.93091149168278,74.42840365617344,52
B_handtuned_flc,sparse,fault_bias,bias,,2,944924,False,True,False,False,392.00000000000006,400,2.4009013148272422,3.4068959459312693,82.08949518716354,196
B_handtuned_flc,sparse,fault_bias,bias,,3,12413,False,True,False,False,90.0,400,1.6385889259013184,5.895361982534482,96.3373133669058,45
B_handtuned_flc,sparse,fault_bias,bias,,4,839153,False,True,False,False,212.0,400,2.8879385673481193,4.439293536575666,35.17026469598058,106
B_handtuned_flc,sparse,fault_bias,bias,,5,26206,False,True,False,False,66.00000000000001,400,2.018351935317273,4.066812787963171,103.6062916093839,33
B_handtuned_flc,sparse,fault_bias,bias,,6,85702,False,True,False,False,120.0,400,2.4406953732033414,3.6018004328718503,83.73081993629832,60
B_handtuned_flc,sparse,fault_bias,bias,,7,720542,False,True,False,False,135.99999999999997,400,1.6462285908264813,1.8844168798270942,21.372448668431044,68
B_handtuned_flc,sparse,fault_bias,bias,,8,43194,False,False,True,False,800.0,400,6.005180752605057,35.619420332508355,55.75361333502527,400
B_handtuned_flc,sparse,fault_bias,bias,,9,76840,False,True,False,False,60.000000000000014,400,1.843395963467662,11.660754255251792,60.287026463518536,30
B_handtuned_flc,sparse,fault_bias,bias,,10,827195,False,True,False,False,190.0,400,2.795360423573871,18.11726538509078,38.411672571146795,95
B_handtuned_flc,sparse,fault_bias,bias,,11,891107,False,False,True,False,800.0,400,2.5207214802635267,2.7543381705360734,42.75398410568546,400
B_handtuned_flc,sparse,fault_bias,bias,,12,419585,False,True,False,False,123.99999999999991,400,1.9535194488587928,1.8963282788288813,8.579753583118947,62
B_handtuned_flc,sparse,fault_bias,bias,,13,197278,False,True,False,False,158.00000000000003,400,2.1549837485762806,8.657416097606832,40.67763153272311,79
B_handtuned_flc,sparse,fault_bias,bias,,14,662269,False,False,True,False,800.0,400,6.268071450042136,28.744741538216136,53.166310787932346,400
B_handtuned_flc,sparse,fault_bias,bias,,15,666954,False,True,False,False,23.999999999999996,400,1.7857138497481888,24.944355388264828,97.09014014581828,12
B_handtuned_flc,sparse,fault_bias,bias,,16,764983,False,True,False,False,48.0,400,1.8149402185152999,4.841324372033809,72.84974682125721,24
B_handtuned_flc,sparse,fault_bias,bias,,17,888532,False,True,False,False,350.0,400,3.24019906316113,3.1554772455940134,85.67973602151659,175
B_handtuned_flc,sparse,fault_bias,bias,,18,155719,False,True,False,False,144.0,400,2.070450026324073,1.494046255871935,88.24307191051965,72
B_handtuned_flc,sparse,fault_bias,bias,,19,579943,False,True,False,False,42.0,400,2.4144023611529857,4.36710420824122,84.42107796197911,21
B_handtuned_flc,sparse,fault_bias,bias,,20,727353,False,True,False,False,146.0,400,1.7770560994130598,10.343993682805811,95.3408670394176,73
B_handtuned_flc,sparse,fault_bias,bias,,21,6151,False,True,False,False,172.0,400,2.1029521104954227,5.313963608098768,75.65601331909879,86
B_handtuned_flc,sparse,fault_bias,bias,,22,710788,False,True,False,False,55.99999999999997,400,1.9421653155990672,2.8940131516475764,65.1894094180989,28
B_handtuned_flc,sparse,fault_bias,bias,,23,138531,True,False,False,False,126.0,63,3.766864142877067,7.168247146120617,2.8715665330977664,63
B_handtuned_flc,sparse,fault_bias,bias,,24,281206,False,True,False,False,304.0,400,2.03367867586682,2.3911383465762843,59.31222468374762,152
B_handtuned_flc,sparse,fault_bias,bias,,25,90320,False,True,False,False,73.99999999999999,400,1.9216783395228427,1.3288039221926715,46.1470349531515,37
B_handtuned_flc,sparse,fault_bias,bias,,26,473688,False,True,False,False,134.00000000000003,400,2.0770154877251548,1.842512620295236,20.312809434627226,67
B_handtuned_flc,sparse,fault_bias,bias,,27,950752,False,True,False,False,48.0,400,2.5986147028263544,8.09209700046049,72.43926405817884,24
B_handtuned_flc,sparse,fault_bias,bias,,28,974050,False,True,False,False,94.0,400,2.3098312176870457,7.29000825184972,91.25379510792257,47
B_handtuned_flc,sparse,fault_bias,bias,,29,162968,False,True,False,False,200.0,400,2.2190286153483316,19.409903642250335,87.1270852578791,100
B_handtuned_flc,sparse,fault_bias,bias,,30,247501,False,True,False,False,140.0,400,3.841970800509473,4.33296967835151,17.953025244360965,70
B_handtuned_flc,sparse,fault_bias,bias,,31,611736,False,True,False,False,79.99999999999999,400,1.8628849828155454,6.608757899369502,78.76687560924907,40
B_handtuned_flc,sparse,fault_bias,bias,,32,202663,False,True,False,False,48.0,400,1.8315746645388384,7.978739573469437,74.4464897549221,24
B_handtuned_flc,sparse,fault_bias,bias,,33,749349,False,True,False,False,54.0,400,2.1119819205045127,2.611821864659323,69.82184038361838,27
B_handtuned_flc,sparse,fault_bias,bias,,34,67944,False,True,False,False,96.0,400,2.4156574009954417,4.311296900066121,91.54895268986955,48
B_handtuned_flc,sparse,fault_bias,bias,,35,667972,False,True,False,False,94.00000000000006,400,2.0993704332576715,2.955656907475104,67.12662129465679,47
B_handtuned_flc,sparse,fault_bias,bias,,36,284085,True,False,False,False,118.0,59,11.054527804614624,18.72111861554664,2.408111397808872,59
B_handtuned_flc,sparse,fault_bias,bias,,37,56648,False,True,False,False,102.0,400,1.884234791334081,2.9563413412886503,92.14597104267544,51
B_handtuned_flc,sparse,fault_bias,bias,,38,883846,False,True,False,False,78.00000000000001,400,2.343955898663445,6.842771415422394,92.76925276230051,39
B_handtuned_flc,sparse,fault_bias,bias,,39,542999,False,True,False,False,104.0,400,1.723507410029775,3.047784512402501,36.09918254169519,52
B_handtuned_flc,sparse,fault_bias,bias,,40,876790,False,True,False,False,144.0,400,2.763679715234206,3.4037194722611592,17.246783782530606,72
B_handtuned_flc,sparse,fault_bias,bias,,41,864562,False,True,False,False,46.00000000000001,400,1.6984792343096489,7.542995486807365,84.0667287740757,23
B_handtuned_flc,sparse,fault_bias,bias,,42,110485,False,True,False,False,133.99999999999997,400,2.7926821989898203,4.84735407305791,81.36305797263724,67
B_handtuned_flc,sparse,fault_bias,bias,,43,8300,False,False,True,False,800.0,400,2.0350142327796554,5.364109967146836,56.09861182134542,400
B_handtuned_flc,sparse,fault_bias,bias,,44,503793,False,True,False,False,92.0,400,2.6889348321506095,5.857169128409537,41.09692914464127,46
B_handtuned_flc,sparse,fault_bias,bias,,45,352372,False,True,False,False,126.0,400,1.8915220565830988,9.722096393063365,55.34665986143385,63
B_handtuned_flc,sparse,fault_bias,bias,,46,454845,False,True,False,False,130.00000000000003,400,2.6974401869122606,2.18799908282639,15.401597145052106,65
B_handtuned_flc,sparse,fault_bias,bias,,47,837206,False,True,False,False,254.0,400,1.8136952162862738,3.1184996986252043,73.42110525767497,127
B_handtuned_flc,sparse,fault_bias,bias,,48,834851,False,True,False,False,46.0,400,2.56540002941429,9.351679523103206,81.65769681586795,23
B_handtuned_flc,sparse,fault_bias,bias,,49,457512,False,True,False,False,684.0,400,1.9062108294261682,3.160982564961335,68.05606799607001,342
B_handtuned_flc,sparse,fault_stale,stale,,0,404653,False,False,True,False,800.0,400,2.6868879126749343,7.141456483415612,67.75065359166624,400
B_handtuned_flc,sparse,fault_stale,stale,,1,215753,False,True,False,False,104.00000000000001,400,1.9821676644630313,5.586192555030008,74.65397851593394,52
B_handtuned_flc,sparse,fault_stale,stale,,2,944924,False,True,False,False,120.0,400,2.3241966177855846,2.9847046027474513,23.67095436977352,60
B_handtuned_flc,sparse,fault_stale,stale,,3,12413,False,True,False,False,96.0,400,2.4400625886137597,8.122377147649743,90.78233651241311,48
B_handtuned_flc,sparse,fault_stale,stale,,4,839153,False,True,False,False,430.0,400,2.13359934185236,5.2432510622021615,66.18342599304356,215
B_handtuned_flc,sparse,fault_stale,stale,,5,26206,False,True,False,False,122.00000000000001,400,1.8795661532671997,5.29470993857334,50.770421746773984,61
B_handtuned_flc,sparse,fault_stale,stale,,6,85702,False,True,False,False,104.0,400,2.0199199822256357,3.802436829723333,72.65138004612581,52
B_handtuned_flc,sparse,fault_stale,stale,,7,720542,False,True,False,False,134.0,400,1.8051949055110972,5.235012610541019,18.865577783387703,67
B_handtuned_flc,sparse,fault_stale,stale,,8,43194,False,True,False,False,112.00000000000001,400,1.6639985658124017,2.5298998107906003,44.95802868276447,56
B_handtuned_flc,sparse,fault_stale,stale,,9,76840,False,True,False,False,60.000000000000014,400,1.843395963467662,11.660754255251792,60.287026463518536,30
B_handtuned_flc,sparse,fault_stale,stale,,10,827195,False,True,False,False,96.00000000000001,400,2.4726199696822,2.8122979819854557,30.02747243844581,48
B_handtuned_flc,sparse,fault_stale,stale,,11,891107,False,True,False,False,228.0,400,2.8346276423995893,3.608537525629127,105.96695157694099,114
B_handtuned_flc,sparse,fault_stale,stale,,12,419585,False,True,False,False,123.99999999999991,400,2.189630448076972,2.14155533905775,7.885598051376219,62
B_handtuned_flc,sparse,fault_stale,stale,,13,197278,False,True,False,False,48.000000000000014,400,2.250811181026661,1.666666666666667,72.4720823671233,24
B_handtuned_flc,sparse,fault_stale,stale,,14,662269,False,True,False,False,72.00000000000001,400,1.843265484821077,2.1931919359670773,60.296645224397736,36
B_handtuned_flc,sparse,fault_stale,stale,,15,666954,False,True,False,False,23.999999999999996,400,1.7857138497481888,24.944355388264828,97.09014014581828,12
B_handtuned_flc,sparse,fault_stale,stale,,16,764983,False,True,False,False,112.0,400,1.7941551123411106,6.8427625628069135,39.781890441996694,56
B_handtuned_flc,sparse,fault_stale,stale,,17,888532,False,True,False,False,350.0,400,2.217015240238199,5.639454651013288,54.29526442757179,175
B_handtuned_flc,sparse,fault_stale,stale,,18,155719,False,True,False,False,140.0,400,2.3810523000788235,6.2284185700417165,91.33497012306597,70
B_handtuned_flc,sparse,fault_stale,stale,,19,579943,False,True,False,False,42.0,400,2.4144023611529857,4.36710420824122,84.42107796197911,21
B_handtuned_flc,sparse,fault_stale,stale,,20,727353,False,True,False,False,121.99999999999999,400,1.6177012647543396,2.882493130278851,16.972015902303713,61
B_handtuned_flc,sparse,fault_stale,stale,,21,6151,False,True,False,False,73.99999999999999,400,2.1982500404800907,4.901872562716245,68.84048441855532,37
B_handtuned_flc,sparse,fault_stale,stale,,22,710788,False,True,False,False,55.99999999999998,400,1.9591313372650123,2.9761483665365835,65.17188433252171,28
B_handtuned_flc,sparse,fault_stale,stale,,23,138531,False,True,False,False,116.0,400,1.8976873066626752,3.35943956707296,74.562534882823,58
B_handtuned_flc,sparse,fault_stale,stale,,24,281206,False,True,False,False,326.0,400,3.1462861542236538,4.116260404462708,60.3747299857019,163
B_handtuned_flc,sparse,fault_stale,stale,,25,90320,False,True,False,False,73.99999999999999,400,1.97558762944622,1.4754940918896569,46.16240303695612,37
B_handtuned_flc,sparse,fault_stale,stale,,26,473688,False,True,False,False,134.0,400,2.1545914085795523,1.9262149290295512,20.31726272722738,67
B_handtuned_flc,sparse,fault_stale,stale,,27,950752,False,True,False,False,48.0,400,2.5986147028263544,8.09209700046049,72.43926405817884,24
B_handtuned_flc,sparse,fault_stale,stale,,28,974050,False,True,False,False,48.0,400,3.174218692067552,12.20770523726668,84.45634124399326,24
B_handtuned_flc,sparse,fault_stale,stale,,29,162968,False,True,False,False,230.00000000000003,400,2.357451426580106,5.5162607490432265,88.20126869078558,115
B_handtuned_flc,sparse,fault_stale,stale,,30,247501,False,True,False,False,140.0,400,3.841970800509473,4.33296967835151,17.953025244360965,70
B_handtuned_flc,sparse,fault_stale,stale,,31,611736,False,True,False,False,80.0,400,1.6817457245594727,7.810377707807504,75.77129317482752,40
B_handtuned_flc,sparse,fault_stale,stale,,32,202663,False,True,False,False,48.0,400,1.8315746645388384,7.978739573469437,74.4464897549221,24
B_handtuned_flc,sparse,fault_stale,stale,,33,749349,False,True,False,False,54.0,400,2.1119819205045127,2.611821864659323,69.82184038361838,27
B_handtuned_flc,sparse,fault_stale,stale,,34,67944,False,True,False,False,174.00000000000003,400,2.85426775539837,6.808113515108372,34.23074481604345,87
B_handtuned_flc,sparse,fault_stale,stale,,35,667972,False,True,False,False,94.00000000000006,400,2.9734457221119253,3.085028845400277,66.24877675794481,47
B_handtuned_flc,sparse,fault_stale,stale,,36,284085,True,False,False,False,118.00000000000001,59,10.089244038057148,2.0712189592612353,3.156028569286784,59
B_handtuned_flc,sparse,fault_stale,stale,,37,56648,False,True,False,False,102.0,400,1.9442738833045832,4.3525486666920745,91.70830456468775,51
B_handtuned_flc,sparse,fault_stale,stale,,38,883846,False,True,False,False,209.99999999999997,400,1.5841811161436463,4.725975844952351,91.03510541005745,105
B_handtuned_flc,sparse,fault_stale,stale,,39,542999,False,True,False,False,112.0,400,1.8374700202464838,5.231015255713136,36.269110264957455,56
B_handtuned_flc,sparse,fault_stale,stale,,40,876790,False,True,False,False,141.99999999999997,400,3.3992057997870226,4.08604254467313,25.208910905387356,71
B_handtuned_flc,sparse,fault_stale,stale,,41,864562,False,True,False,False,34.00000000000001,400,1.8889495178624578,22.221358118485217,85.48652568984205,17
B_handtuned_flc,sparse,fault_stale,stale,,42,110485,False,True,False,False,133.99999999999997,400,2.7948393348819818,4.84735407305791,81.42823635767576,67
B_handtuned_flc,sparse,fault_stale,stale,,43,8300,False,True,False,False,79.99999999999999,400,2.511164819817782,6.299809825202102,57.642064587456915,40
B_handtuned_flc,sparse,fault_stale,stale,,44,503793,False,True,False,False,140.0,400,2.0973675753511425,5.326152098603543,21.029321350150767,70
B_handtuned_flc,sparse,fault_stale,stale,,45,352372,False,True,False,False,92.0,400,3.537252681614928,7.751457207699997,31.70343607730564,46
B_handtuned_flc,sparse,fault_stale,stale,,46,454845,False,True,False,False,129.99999999999994,400,2.128307164405811,2.7210572534399606,14.435959995680655,65
B_handtuned_flc,sparse,fault_stale,stale,,47,837206,False,False,True,False,800.0,400,2.4174454695458656,5.544010970884367,53.71070694243699,400
B_handtuned_flc,sparse,fault_stale,stale,,48,834851,False,True,False,False,46.0,400,2.56540002941429,9.351679523103206,81.65769681586795,23
B_handtuned_flc,sparse,fault_stale,stale,,49,457512,True,False,False,False,130.00000000000003,65,3.7464084517777643,3.9613604564193636,3.8017155537671,65
B_handtuned_flc,sparse,fault_noise_spike_sev1,noise_spike,12.0,0,404653,False,True,False,False,674.0,400,2.076571828457141,5.2233227610822865,79.88545620011115,337
B_handtuned_flc,sparse,fault_noise_spike_sev1,noise_spike,12.0,1,215753,False,True,False,False,676.0000000000001,400,1.7226190976255382,4.993327857295497,34.70258274257486,338
B_handtuned_flc,sparse,fault_noise_spike_sev1,noise_spike,12.0,2,944924,True,False,False,False,118.0,59,5.949698399584554,4.38261591237792,3.353825016812936,59
B_handtuned_flc,sparse,fault_noise_spike_sev1,noise_spike,12.0,3,12413,False,True,False,False,100.0,400,1.8889205424001265,14.019773174828046,91.0316794819556,50
B_handtuned_flc,sparse,fault_noise_spike_sev1,noise_spike,12.0,4,839153,False,True,False,False,138.0,400,3.5842660157241797,7.4027242971970875,63.64333213844382,69
B_handtuned_flc,sparse,fault_noise_spike_sev1,noise_spike,12.0,5,26206,False,True,False,False,110.00000000000001,400,1.7902255337141229,14.323299304788963,33.741490285472516,55
B_handtuned_flc,sparse,fault_noise_spike_sev1,noise_spike,12.0,6,85702,False,True,False,False,104.0,400,3.0899811393965697,4.278289040262956,71.40417168601113,52
B_handtuned_flc,sparse,fault_noise_spike_sev1,noise_spike,12.0,7,720542,False,True,False,False,142.00000000000003,400,2.968271914567574,9.566051233707753,30.59934059167863,71
B_handtuned_flc,sparse,fault_noise_spike_sev1,noise_spike,12.0,8,43194,False,True,False,False,76.00000000000001,400,2.2934582803295416,5.188369940283405,44.745731318757805,38
B_handtuned_flc,sparse,fault_noise_spike_sev1,noise_spike,12.0,9,76840,False,True,False,False,60.000000000000014,400,1.843395963467662,11.660754255251792,60.287026463518536,30
B_handtuned_flc,sparse,fault_noise_spike_sev1,noise_spike,12.0,10,827195,False,True,False,False,360.0,400,2.553277455742471,9.667334988722104,32.27363512766583,180
B_handtuned_flc,sparse,fault_noise_spike_sev1,noise_spike,12.0,11,891107,False,True,False,False,227.99999999999997,400,1.8417136606906888,4.1614701961358165,99.18503599175408,114
B_handtuned_flc,sparse,fault_noise_spike_sev1,noise_spike,12.0,12,419585,True,False,False,False,117.99999999999989,59,9.982798049498651,3.1205838533111905,2.645505110293628,59
B_handtuned_flc,sparse,fault_noise_spike_sev1,noise_spike,12.0,13,197278,False,False,True,False,800.0000000000001,400,5.099599652010687,5.154646771354063,47.59302413025171,400
B_handtuned_flc,sparse,fault_noise_spike_sev1,noise_spike,12.0,14,662269,False,True,False,False,104.00000000000001,400,1.648727407227779,13.946029240643101,92.21626960949996,52
B_handtuned_flc,sparse,fault_noise_spike_sev1,noise_spike,12.0,15,666954,False,True,False,False,23.999999999999996,400,1.7857138497481888,24.944355388264828,97.09014014581828,12
B_handtuned_flc,sparse,fault_noise_spike_sev1,noise_spike,12.0,16,764983,False,True,False,False,276.0,400,1.832243883692099,6.130824516128303,124.26841967055383,138
B_handtuned_flc,sparse,fault_noise_spike_sev1,noise_spike,12.0,17,888532,False,True,False,False,238.0,400,2.218551751863746,5.495473409858451,68.94624699221643,119
B_handtuned_flc,sparse,fault_noise_spike_sev1,noise_spike,12.0,18,155719,False,True,False,False,390.0,400,1.8141741474180682,7.649482288196909,40.95689092998902,195
B_handtuned_flc,sparse,fault_noise_spike_sev1,noise_spike,12.0,19,579943,False,False,True,False,800.0,400,2.0862525302272457,5.4698961033520845,41.750229426730634,400
B_handtuned_flc,sparse,fault_noise_spike_sev1,noise_spike,12.0,20,727353,True,False,False,False,118.0,59,9.524916422446589,5.4743731720119575,3.5135806337147564,59
B_handtuned_flc,sparse,fault_noise_spike_sev1,noise_spike,12.0,21,6151,False,True,False,False,334.0,400,1.7733481229703976,6.0999720978846765,124.20469715598792,167
B_handtuned_flc,sparse,fault_noise_spike_sev1,noise_spike,12.0,22,710788,False,True,False,False,378.0,400,1.5253808701737783,7.523484429703926,100.8464876628487,189
B_handtuned_flc,sparse,fault_noise_spike_sev1,noise_spike,12.0,23,138531,False,True,False,False,308.0,400,2.528113144801971,6.180562868850648,27.91463085153732,154
B_handtuned_flc,sparse,fault_noise_spike_sev1,noise_spike,12.0,24,281206,False,True,False,False,328.0,400,2.8164455754593427,4.249029790852234,60.40200832273151,164
B_handtuned_flc,sparse,fault_noise_spike_sev1,noise_spike,12.0,25,90320,True,False,False,False,120.0,60,4.573869130245727,9.92943819615808,3.268228425623665,60
B_handtuned_flc,sparse,fault_noise_spike_sev1,noise_spike,12.0,26,473688,False,True,False,False,368.0,400,1.6610355824900649,6.2226451191191305,6.736245019897029,184
B_handtuned_flc,sparse,fault_noise_spike_sev1,noise_spike,12.0,27,950752,False,True,False,False,48.0,400,2.5986147028263544,8.09209700046049,72.43926405817884,24
B_handtuned_flc,sparse,fault_noise_spike_sev1,noise_spike,12.0,28,974050,False,True,False,False,48.0,400,2.936909512050535,12.309109097759226,84.52945039583149,24
B_handtuned_flc,sparse,fault_noise_spike_sev1,noise_spike,12.0,29,162968,False,True,False,False,140.0,400,2.3583083703560455,6.470117642445662,28.40261974042043,70
B_handtuned_flc,sparse,fault_noise_spike_sev1,noise_spike,12.0,30,247501,True,False,False,False,152.0,76,3.841970800509473,5.096914326904514,2.9119710961191467,76
B_handtuned_flc,sparse,fault_noise_spike_sev1,noise_spike,12.0,31,611736,False,True,False,False,80.0,400,2.3294200937616876,11.027652760094295,69.55340326093739,40
B_handtuned_flc,sparse,fault_noise_spike_sev1,noise_spike,12.0,32,202663,False,True,False,False,48.0,400,1.8315746645388384,7.978739573469437,74.4464897549221,24
B_handtuned_flc,sparse,fault_noise_spike_sev1,noise_spike,12.0,33,749349,False,True,False,False,54.0,400,2.1481121247714303,2.5994126463243195,69.76353925781989,27
B_handtuned_flc,sparse,fault_noise_spike_sev1,noise_spike,12.0,34,67944,False,True,False,False,103.99999999999999,400,1.9174148263740813,8.829578797162664,91.88289038526317,52
B_handtuned_flc,sparse,fault_noise_spike_sev1,noise_spike,12.0,35,667972,False,True,False,False,140.00000000000003,400,2.3471385081485527,7.3160579271026,7.098827390894795,70
B_handtuned_flc,sparse,fault_noise_spike_sev1,noise_spike,12.0,36,284085,False,True,False,False,128.0,400,1.6557939728033915,7.162584749348599,7.2412149861823805,64
B_handtuned_flc,sparse,fault_noise_spike_sev1,noise_spike,12.0,37,56648,False,True,False,False,230.0,400,1.9096251429359563,9.47145844882881,81.81181127060569,115
B_handtuned_flc,sparse,fault_noise_spike_sev1,noise_spike,12.0,38,883846,False,True,False,False,216.0,400,2.478492191301621,6.270177573050166,89.0066803774378,108
B_handtuned_flc,sparse,fault_noise_spike_sev1,noise_spike,12.0,39,542999,True,False,False,False,468.0,234,2.992093070687453,4.808653910539142,2.7344069142133374,234
B_handtuned_flc,sparse,fault_noise_spike_sev1,noise_spike,12.0,40,876790,True,False,False,False,138.0,69,5.117600920735604,5.8868413047779535,3.891202001382968,69
B_handtuned_flc,sparse,fault_noise_spike_sev1,noise_spike,12.0,41,864562,False,True,False,False,478.0,400,1.746886508189501,10.133537026812718,69.80727869052014,239
B_handtuned_flc,sparse,fault_noise_spike_sev1,noise_spike,12.0,42,110485,False,True,False,False,141.99999999999997,400,1.8726303943407643,8.97856931485778,90.18395075426918,71
B_handtuned_flc,sparse,fault_noise_spike_sev1,noise_spike,12.0,43,8300,False,True,False,False,682.0,400,2.121323616490416,6.728986382258265,44.576928929465254,341
B_handtuned_flc,sparse,fault_noise_spike_sev1,noise_spike,12.0,44,503793,True,False,False,False,134.0,67,6.875630192057575,5.344591212803166,2.5812138865683862,67
B_handtuned_flc,sparse,fault_noise_spike_sev1,noise_spike,12.0,45,352372,False,True,False,False,366.0,400,2.1225792630530043,9.743280171766498,81.32837336398417,183
B_handtuned_flc,sparse,fault_noise_spike_sev1,noise_spike,12.0,46,454845,False,True,False,False,228.0,400,2.126741901809526,6.526446828048465,93.61491274806352,114
B_handtuned_flc,sparse,fault_noise_spike_sev1,noise_spike,12.0,47,837206,False,False,True,False,800.0,400,2.5375222253719656,5.66535943263016,44.4301237395174,400
B_handtuned_flc,sparse,fault_noise_spike_sev1,noise_spike,12.0,48,834851,False,True,False,False,46.0,400,2.56540002941429,9.351679523103206,81.65769681586795,23
B_handtuned_flc,sparse,fault_noise_spike_sev1,noise_spike,12.0,49,457512,False,True,False,False,121.99999999999999,400,3.0628313166463284,4.622195824498583,10.171125158614428,61
B_handtuned_flc,sparse,fault_noise_spike_sev2,noise_spike,30.0,0,404653,False,False,True,False,800.0,400,2.8040049701939833,6.740880645991082,59.64945482964796,400
B_handtuned_flc,sparse,fault_noise_spike_sev2,noise_spike,30.0,1,215753,False,True,False,False,672.0,400,1.572858581419775,6.329445514581018,34.79010982082431,336
B_handtuned_flc,sparse,fault_noise_spike_sev2,noise_spike,30.0,2,944924,True,False,False,False,118.00000000000003,59,5.949698399584554,7.400158858546068,3.406797279220287,59
B_handtuned_flc,sparse,fault_noise_spike_sev2,noise_spike,30.0,3,12413,False,True,False,False,100.0,400,1.5571383418629536,14.203779695552065,92.22172800594797,50
B_handtuned_flc,sparse,fault_noise_spike_sev2,noise_spike,30.0,4,839153,False,True,False,False,412.0,400,2.643943641188194,6.432754205612445,65.63163266413638,206
B_handtuned_flc,sparse,fault_noise_spike_sev2,noise_spike,30.0,5,26206,False,True,False,False,36.00000000000001,400,1.8503229515384947,22.363006420241216,83.20217303397169,18
B_handtuned_flc,sparse,fault_noise_spike_sev2,noise_spike,30.0,6,85702,False,True,False,False,104.0,400,3.1767301008596673,5.524394845660045,71.58874854380903,52
B_handtuned_flc,sparse,fault_noise_spike_sev2,noise_spike,30.0,7,720542,False,True,False,False,136.0,400,2.666417303737172,9.566127531953878,29.305108301118292,68
B_handtuned_flc,sparse,fault_noise_spike_sev2,noise_spike,30.0,8,43194,False,True,False,False,76.00000000000001,400,2.6931982025922685,3.9453241126616385,44.32496853527753,38
B_handtuned_flc,sparse,fault_noise_spike_sev2,noise_spike,30.0,9,76840,False,True,False,False,60.000000000000014,400,1.843395963467662,11.660754255251792,60.287026463518536,30
B_handtuned_flc,sparse,fault_noise_spike_sev2,noise_spike,30.0,10,827195,False,True,False,False,90.00000000000001,400,3.223707038018898,8.78482608697681,33.20887335981273,45
B_handtuned_flc,sparse,fault_noise_spike_sev2,noise_spike,30.0,11,891107,False,True,False,False,103.99999999999997,400,2.61444228121382,10.898554969655818,21.167765434420733,52
B_handtuned_flc,sparse,fault_noise_spike_sev2,noise_spike,30.0,12,419585,True,False,False,False,117.99999999999989,59,11.621537780887136,4.276376128172848,3.22157364828524,59
B_handtuned_flc,sparse,fault_noise_spike_sev2,noise_spike,30.0,13,197278,False,True,False,False,102.00000000000001,400,3.161716579332544,10.738987413011202,74.53607566810543,51
B_handtuned_flc,sparse,fault_noise_spike_sev2,noise_spike,30.0,14,662269,False,True,False,False,190.0,400,2.750946659425679,10.040955689103322,87.75403934282834,95
B_handtuned_flc,sparse,fault_noise_spike_sev2,noise_spike,30.0,15,666954,False,True,False,False,23.999999999999996,400,1.7857138497481888,24.944355388264828,97.09014014581828,12
B_handtuned_flc,sparse,fault_noise_spike_sev2,noise_spike,30.0,16,764983,False,True,False,False,282.0,400,1.9438882552830492,7.359618709682323,128.077213459168,141
B_handtuned_flc,sparse,fault_noise_spike_sev2,noise_spike,30.0,17,888532,True,False,False,False,124.00000000000004,62,7.8273071407176396,10.285582004351905,3.7741820453805395,62
B_handtuned_flc,sparse,fault_noise_spike_sev2,noise_spike,30.0,18,155719,False,True,False,False,140.0,400,2.0783863573222,11.345752399720752,89.94838550865738,70
B_handtuned_flc,sparse,fault_noise_spike_sev2,noise_spike,30.0,19,579943,False,True,False,False,654.0,400,1.5760878350458878,6.375761319194301,93.80465946039199,327
B_handtuned_flc,sparse,fault_noise_spike_sev2,noise_spike,30.0,20,727353,True,False,False,False,118.00000000000001,59,7.183825626295835,8.316466294603831,3.3291174600332054,59
B_handtuned_flc,sparse,fault_noise_spike_sev2,noise_spike,30.0,21,6151,False,True,False,False,76.0,400,2.145864096401759,13.531669188601409,78.62742387811394,38
B_handtuned_flc,sparse,fault_noise_spike_sev2,noise_spike,30.0,22,710788,False,True,False,False,800.0,400,1.7751977448377845,6.59867534758837,100.4185561229699,400
B_handtuned_flc,sparse,fault_noise_spike_sev2,noise_spike,30.0,23,138531,False,True,False,False,134.0,400,2.98786949821361,9.249412728684579,83.36055763749324,67
B_handtuned_flc,sparse,fault_noise_spike_sev2,noise_spike,30.0,24,281206,False,True,False,False,326.0,400,3.0954959927121872,5.252983112773667,60.315706530534825,163
B_handtuned_flc,sparse,fault_noise_spike_sev2,noise_spike,30.0,25,90320,True,False,False,False,118.00000000000001,59,8.314534242250994,12.62051136727279,3.383319440647739,59
B_handtuned_flc,sparse,fault_noise_spike_sev2,noise_spike,30.0,26,473688,False,True,False,False,370.0,400,2.985582504791496,7.070168323121915,91.00512832460579,185
B_handtuned_flc,sparse,fault_noise_spike_sev2,noise_spike,30.0,27,950752,False,True,False,False,48.0,400,2.5986147028263544,8.09209700046049,72.43926405817884,24
B_handtuned_flc,sparse,fault_noise_spike_sev2,noise_spike,30.0,28,974050,False,True,False,False,48.0,400,2.893865038811574,14.929613216580917,84.50624562922991,24
B_handtuned_flc,sparse,fault_noise_spike_sev2,noise_spike,30.0,29,162968,False,True,False,False,130.0,400,1.9310445434903873,12.547046462439392,30.866585344864394,65
B_handtuned_flc,sparse,fault_noise_spike_sev2,noise_spike,30.0,30,247501,False,True,False,False,160.0,400,2.009987543164684,7.898459287630912,7.630737141244785,80
B_handtuned_flc,sparse,fault_noise_spike_sev2,noise_spike,30.0,31,611736,False,True,False,False,79.99999999999999,400,2.0209872908802082,14.15233673100929,70.62519539103216,40
B_handtuned_flc,sparse,fault_noise_spike_sev2,noise_spike,30.0,32,202663,False,True,False,False,48.0,400,1.8315746645388384,7.978739573469437,74.4464897549221,24
B_handtuned_flc,sparse,fault_noise_spike_sev2,noise_spike,30.0,33,749349,False,True,False,False,54.0,400,2.7954483986584684,7.635555555555555,65.87744140356506,27
B_handtuned_flc,sparse,fault_noise_spike_sev2,noise_spike,30.0,34,67944,False,True,False,False,96.0,400,3.5002568460901684,12.416529482116621,76.80951038072384,48
B_handtuned_flc,sparse,fault_noise_spike_sev2,noise_spike,30.0,35,667972,True,False,False,False,128.00000000000003,64,5.58901946092473,9.184234283302132,2.295202741759375,64
B_handtuned_flc,sparse,fault_noise_spike_sev2,noise_spike,30.0,36,284085,True,False,False,False,118.0,59,9.494540321523434,11.986987521139456,3.599418911106373,59
B_handtuned_flc,sparse,fault_noise_spike_sev2,noise_spike,30.0,37,56648,True,False,False,False,143.99999999999997,72,3.684385434990247,14.08977537708945,3.198253977867401,72
B_handtuned_flc,sparse,fault_noise_spike_sev2,noise_spike,30.0,38,883846,False,True,False,False,208.0,400,2.1717803691356057,8.476052375015138,85.76125972402819,104
B_handtuned_flc,sparse,fault_noise_spike_sev2,noise_spike,30.0,39,542999,False,True,False,False,356.0,400,2.0509150186618754,6.176638672038734,48.68199788360603,178
B_handtuned_flc,sparse,fault_noise_spike_sev2,noise_spike,30.0,40,876790,False,True,False,False,146.0,400,2.8326583362196747,12.059943650616479,8.327400937008788,73
B_handtuned_flc,sparse,fault_noise_spike_sev2,noise_spike,30.0,41,864562,False,True,False,False,32.00000000000001,400,2.274051896166535,15.663204493851985,87.22033927996797,16
B_handtuned_flc,sparse,fault_noise_spike_sev2,noise_spike,30.0,42,110485,False,True,False,False,255.99999999999997,400,1.9827510282980116,7.161370145687227,72.759799028682,128
B_handtuned_flc,sparse,fault_noise_spike_sev2,noise_spike,30.0,43,8300,False,True,False,False,420.0,400,1.9842265508082109,8.72122885041883,52.55813060784938,210
B_handtuned_flc,sparse,fault_noise_spike_sev2,noise_spike,30.0,44,503793,False,True,False,False,138.0,400,3.3930427156306573,8.182100924996382,8.049102451667366,69
B_handtuned_flc,sparse,fault_noise_spike_sev2,noise_spike,30.0,45,352372,False,True,False,False,114.00000000000001,400,1.543965316664403,10.790762762228205,37.076372234798065,57
B_handtuned_flc,sparse,fault_noise_spike_sev2,noise_spike,30.0,46,454845,False,True,False,False,138.0,400,2.465836845272626,12.404678095670182,33.97919020842143,69
B_handtuned_flc,sparse,fault_noise_spike_sev2,noise_spike,30.0,47,837206,True,False,False,False,119.99999999999999,60,5.496640500645077,7.528187129417017,2.8867581098387434,60
B_handtuned_flc,sparse,fault_noise_spike_sev2,noise_spike,30.0,48,834851,False,True,False,False,46.0,400,2.56540002941429,9.351679523103206,81.65769681586795,23
B_handtuned_flc,sparse,fault_noise_spike_sev2,noise_spike,30.0,49,457512,False,True,False,False,123.99999999999999,400,1.8097645689772806,7.744588332726009,11.971371162206145,62
B_handtuned_flc,sparse,fault_noise_spike_sev3,noise_spike,60.0,0,404653,False,True,False,False,152.0,400,2.777549186129825,16.97451740281461,66.37757029818302,76
B_handtuned_flc,sparse,fault_noise_spike_sev3,noise_spike,60.0,1,215753,False,True,False,False,112.00000000000001,400,2.5940267879456402,12.875396289264662,91.8340177804725,56
B_handtuned_flc,sparse,fault_noise_spike_sev3,noise_spike,60.0,2,944924,False,True,False,False,218.0,400,3.096685212911768,7.684741237464298,104.91186886701756,109
B_handtuned_flc,sparse,fault_noise_spike_sev3,noise_spike,60.0,3,12413,False,True,False,False,96.0,400,1.5727660369055585,15.219762214830007,93.19999776801029,48
B_handtuned_flc,sparse,fault_noise_spike_sev3,noise_spike,60.0,4,839153,False,True,False,False,264.0,400,2.515089457850961,5.436607987637972,91.03625612788593,132
B_handtuned_flc,sparse,fault_noise_spike_sev3,noise_spike,60.0,5,26206,False,True,False,False,194.0,400,2.37174611696996,9.50424097924387,72.20616568917868,97
B_handtuned_flc,sparse,fault_noise_spike_sev3,noise_spike,60.0,6,85702,False,True,False,False,104.0,400,3.3871433601746364,5.6934841663384,71.39844249797675,52
B_handtuned_flc,sparse,fault_noise_spike_sev3,noise_spike,60.0,7,720542,False,True,False,False,136.0,400,2.0374477965365645,10.815833416573385,8.153784674879633,68
B_handtuned_flc,sparse,fault_noise_spike_sev3,noise_spike,60.0,8,43194,False,True,False,False,76.00000000000001,400,3.309333293992323,5.260093482335682,43.8639817536868,38
B_handtuned_flc,sparse,fault_noise_spike_sev3,noise_spike,60.0,9,76840,False,True,False,False,60.000000000000014,400,1.843395963467662,11.660754255251792,60.287026463518536,30
B_handtuned_flc,sparse,fault_noise_spike_sev3,noise_spike,60.0,10,827195,False,True,False,False,134.00000000000003,400,1.8347782518538118,12.390366727004862,14.288226155549799,67
B_handtuned_flc,sparse,fault_noise_spike_sev3,noise_spike,60.0,11,891107,True,False,False,False,118.0,59,6.673957429401495,6.14536034699283,3.5987735425883667,59
B_handtuned_flc,sparse,fault_noise_spike_sev3,noise_spike,60.0,12,419585,True,False,False,False,121.99999999999987,61,8.13211202728363,8.824990332822273,3.682116081078167,61
B_handtuned_flc,sparse,fault_noise_spike_sev3,noise_spike,60.0,13,197278,False,True,False,False,102.00000000000001,400,2.917504544533243,7.061898653183286,73.93405080496868,51
B_handtuned_flc,sparse,fault_noise_spike_sev3,noise_spike,60.0,14,662269,False,True,False,False,150.0,400,2.6355399115586686,20.094312422299474,70.34832327917833,75
B_handtuned_flc,sparse,fault_noise_spike_sev3,noise_spike,60.0,15,666954,False,True,False,False,23.999999999999996,400,1.7857138497481888,24.944355388264828,97.09014014581828,12
B_handtuned_flc,sparse,fault_noise_spike_sev3,noise_spike,60.0,16,764983,False,True,False,False,112.0,400,1.7198102705598668,13.020267235012298,36.42700835224132,56
B_handtuned_flc,sparse,fault_noise_spike_sev3,noise_spike,60.0,17,888532,False,True,False,False,596.0000000000001,400,1.6343069155853505,8.363412868448483,68.79355921368132,298
B_handtuned_flc,sparse,fault_noise_spike_sev3,noise_spike,60.0,18,155719,False,True,False,False,130.00000000000003,400,3.326369485230818,15.217394104765118,10.964214493632936,65
B_handtuned_flc,sparse,fault_noise_spike_sev3,noise_spike,60.0,19,579943,False,True,False,False,42.0,400,2.118180483451007,6.271866113003124,83.67902531287017,21
B_handtuned_flc,sparse,fault_noise_spike_sev3,noise_spike,60.0,20,727353,False,True,False,False,124.00000000000001,400,2.857537535988479,13.245211746277795,9.725076191818005,62
B_handtuned_flc,sparse,fault_noise_spike_sev3,noise_spike,60.0,21,6151,False,True,False,False,76.0,400,2.1583791847539553,12.953611901711792,77.8089502880122,38
B_handtuned_flc,sparse,fault_noise_spike_sev3,noise_spike,60.0,22,710788,False,True,False,False,546.0,400,2.310587885620493,7.641383084341324,100.17173151087145,273
B_handtuned_flc,sparse,fault_noise_spike_sev3,noise_spike,60.0,23,138531,False,True,False,False,123.99999999999999,400,2.246237087666614,14.647383201711657,12.963132488974006,62
B_handtuned_flc,sparse,fault_noise_spike_sev3,noise_spike,60.0,24,281206,False,True,False,False,329.99999999999994,400,3.1302045553583664,5.6302735307165195,60.34888064765734,165
B_handtuned_flc,sparse,fault_noise_spike_sev3,noise_spike,60.0,25,90320,True,False,False,False,119.99999999999997,60,10.647944141549688,18.322658803955793,3.5501229186341656,60
B_handtuned_flc,sparse,fault_noise_spike_sev3,noise_spike,60.0,26,473688,False,True,False,False,148.0,400,1.8666758886625556,13.824051342246847,48.62912641081838,74
B_handtuned_flc,sparse,fault_noise_spike_sev3,noise_spike,60.0,27,950752,False,True,False,False,48.0,400,2.5986147028263544,8.09209700046049,72.43926405817884,24
B_handtuned_flc,sparse,fault_noise_spike_sev3,noise_spike,60.0,28,974050,False,True,False,False,48.0,400,2.385089074322496,23.524769977377513,82.82510455147512,24
B_handtuned_flc,sparse,fault_noise_spike_sev3,noise_spike,60.0,29,162968,False,True,False,False,132.0,400,1.9396451185008279,19.485645863416696,31.88228193775046,66
B_handtuned_flc,sparse,fault_noise_spike_sev3,noise_spike,60.0,30,247501,True,False,False,False,152.0,76,3.841970800509473,9.927660956140166,3.726629282736708,76
B_handtuned_flc,sparse,fault_noise_spike_sev3,noise_spike,60.0,31,611736,False,True,False,False,80.0,400,1.692357440742701,17.21536073964715,74.3023028515726,40
B_handtuned_flc,sparse,fault_noise_spike_sev3,noise_spike,60.0,32,202663,False,True,False,False,48.0,400,1.8315746645388384,7.978739573469437,74.4464897549221,24
B_handtuned_flc,sparse,fault_noise_spike_sev3,noise_spike,60.0,33,749349,False,True,False,False,84.0,400,1.6060269985857534,13.087786433567414,36.65765789491781,42
B_handtuned_flc,sparse,fault_noise_spike_sev3,noise_spike,60.0,34,67944,False,True,False,False,96.0,400,2.8786588721368744,13.865953981077588,72.51775580026576,48
B_handtuned_flc,sparse,fault_noise_spike_sev3,noise_spike,60.0,35,667972,False,True,False,False,68.00000000000001,400,2.226558906413768,13.995955003969748,53.353956864992774,34
B_handtuned_flc,sparse,fault_noise_spike_sev3,noise_spike,60.0,36,284085,True,False,False,False,117.99999999999997,59,5.499142081158818,16.84062163002356,3.1526291871289382,59
B_handtuned_flc,sparse,fault_noise_spike_sev3,noise_spike,60.0,37,56648,False,True,False,False,66.0,400,2.0920705447384864,15.547916566277419,64.50508603440875,33
B_handtuned_flc,sparse,fault_noise_spike_sev3,noise_spike,60.0,38,883846,False,True,False,False,201.99999999999997,400,2.1061424713761774,11.017958786868215,90.78931568188084,101
B_handtuned_flc,sparse,fault_noise_spike_sev3,noise_spike,60.0,39,542999,False,True,False,False,268.0,400,2.2409088435083953,6.831894234684213,116.2996246146114,134
B_handtuned_flc,sparse,fault_noise_spike_sev3,noise_spike,60.0,40,876790,True,False,False,False,124.0,62,5.117600920735604,15.306171163492449,3.725575211612096,62
B_handtuned_flc,sparse,fault_noise_spike_sev3,noise_spike,60.0,41,864562,False,True,False,False,42.00000000000001,400,1.6746281492377704,11.470186217280517,80.31531282134118,21
B_handtuned_flc,sparse,fault_noise_spike_sev3,noise_spike,60.0,42,110485,False,True,False,False,164.0,400,2.52205247628044,15.614994141596977,41.55127434351537,82
B_handtuned_flc,sparse,fault_noise_spike_sev3,noise_spike,60.0,43,8300,False,True,False,False,95.99999999999999,400,3.180349772447839,13.394920840750402,63.627923485949864,48
B_handtuned_flc,sparse,fault_noise_spike_sev3,noise_spike,60.0,44,503793,False,True,False,False,103.99999999999999,400,1.6290042055753988,9.482192305087652,46.377588211007414,52
B_handtuned_flc,sparse,fault_noise_spike_sev3,noise_spike,60.0,45,352372,False,True,False,False,96.0,400,2.5555385837871043,7.005026925209266,30.494133395053474,48
B_handtuned_flc,sparse,fault_noise_spike_sev3,noise_spike,60.0,46,454845,True,False,False,False,119.99999999999999,60,11.340312110694347,13.046332397421812,2.446119967305817,60
B_handtuned_flc,sparse,fault_noise_spike_sev3,noise_spike,60.0,47,837206,False,False,True,False,800.0,400,2.105203080681634,5.981806217465008,81.88951827027694,400
B_handtuned_flc,sparse,fault_noise_spike_sev3,noise_spike,60.0,48,834851,False,True,False,False,46.0,400,2.56540002941429,9.351679523103206,81.65769681586795,23
B_handtuned_flc,sparse,fault_noise_spike_sev3,noise_spike,60.0,49,457512,False,True,False,False,200.00000000000003,400,1.7921741147605208,10.3513828415536,70.09280909013027,100
B_handtuned_flc,dense,clean,,,0,404653,False,True,False,False,274.0,400,1.9591197094862076,5.756479126018603,96.21855312781216,137
B_handtuned_flc,dense,clean,,,1,215753,False,True,False,False,108.00000000000001,400,2.6565196227193892,6.944795212595488,91.23541627566861,54
B_handtuned_flc,dense,clean,,,2,944924,False,True,False,False,15.999999999999998,400,2.986238899792323,25.77,103.5354006404494,8
B_handtuned_flc,dense,clean,,,3,12413,False,True,False,False,102.0,400,2.428741553654104,8.141692677767873,91.13345634120364,51
B_handtuned_flc,dense,clean,,,4,839153,False,True,False,False,195.99999999999997,400,2.215806733502839,6.263758315149644,78.86687001206035,98
B_handtuned_flc,dense,clean,,,5,26206,False,True,False,False,92.0,400,2.7892703069239455,6.093569740971008,45.34273037420666,46
B_handtuned_flc,dense,clean,,,6,85702,False,True,False,False,232.0,400,2.171902483823389,6.027625013013145,51.28153193681007,116
B_handtuned_flc,dense,clean,,,7,720542,False,True,False,False,76.00000000000001,400,1.7570746576824967,8.209626214405853,52.6937965576985,38
B_handtuned_flc,dense,clean,,,8,43194,False,True,False,False,83.99999999999999,400,3.6094625903143105,9.149611205638479,69.45858815314439,42
B_handtuned_flc,dense,clean,,,9,76840,False,True,False,False,28.000000000000007,400,3.127151581262199,30.60198934551897,91.66382806000273,14
B_handtuned_flc,dense,clean,,,10,827195,False,True,False,False,68.0,400,2.457581802735188,13.752032811914052,62.980380978406075,34
B_handtuned_flc,dense,clean,,,11,891107,False,True,False,False,46.0,400,3.3790406356807243,13.260685190582622,85.67219992596715,23
B_handtuned_flc,dense,clean,,,12,419585,False,True,False,False,57.99999999999999,400,2.152004704768115,6.135551862666685,75.59082413765609,29
B_handtuned_flc,dense,clean,,,13,197278,False,True,False,False,135.99999999999997,400,3.215393733160533,5.4407456146005755,8.056999674293024,68
B_handtuned_flc,dense,clean,,,14,662269,False,True,False,False,208.0,400,2.232124386749787,6.1062867284186755,80.56584852351818,104
B_handtuned_flc,dense,clean,,,15,666954,False,True,False,False,25.999999999999996,400,2.457000010806659,18.070424320019946,95.00638252046008,13
B_handtuned_flc,dense,clean,,,16,764983,False,True,False,False,28.0,400,2.9741103595342446,21.562237096312426,92.98473979850385,14
B_handtuned_flc,dense,clean,,,17,888532,False,True,False,False,18.0,400,2.8743269901700184,13.315636990409127,100.82175936895231,9
B_handtuned_flc,dense,clean,,,18,155719,False,True,False,False,234.0,400,1.818163373857842,6.935258756831811,76.61934294747269,117
B_handtuned_flc,dense,clean,,,19,579943,True,False,False,False,126.0,63,4.459218296855422,8.90962118004292,3.425620293820142,63
B_handtuned_flc,dense,clean,,,20,727353,False,True,False,False,106.0,400,1.859929086771421,5.538606059678898,91.69108364906926,53
B_handtuned_flc,dense,clean,,,21,6151,False,True,False,False,36.00000000000001,400,1.9342565469764386,20.62421249131238,83.6304158049091,18
B_handtuned_flc,dense,clean,,,22,710788,False,True,False,False,290.0,400,2.676005189036741,8.263497014262295,51.950004214676994,145
B_handtuned_flc,dense,clean,,,23,138531,False,True,False,False,105.99999999999999,400,2.3333403658552503,7.138699248767327,82.54786552750865,53
B_handtuned_flc,dense,clean,,,24,281206,False,True,False,False,370.0,400,2.3799241693276962,8.1559787755107,88.70346572353598,185
B_handtuned_flc,dense,clean,,,25,90320,False,True,False,False,84.0,400,1.9698963634947926,10.423856009662517,47.95937277628782,42
B_handtuned_flc,dense,clean,,,26,473688,False,True,False,False,110.0,400,2.6800858020885783,6.014456517983451,86.7838922744424,55
B_handtuned_flc,dense,clean,,,27,950752,False,True,False,False,28.000000000000004,400,3.013876312388343,7.5100877837747975,92.68901976938658,14
B_handtuned_flc,dense,clean,,,28,974050,False,True,False,False,112.0,400,1.9490265303457364,16.16504368173207,25.79365881291513,56
B_handtuned_flc,dense,clean,,,29,162968,False,True,False,False,320.0,400,1.8588743372656902,5.906699396363164,27.34075747023248,160
B_handtuned_flc,dense,clean,,,30,247501,False,True,False,False,92.00000000000001,400,2.3346198951257304,5.762939527184494,38.93246436852411,46
B_handtuned_flc,dense,clean,,,31,611736,False,True,False,False,64.0,400,2.5875459946635067,11.494757558817785,62.98307701688596,32
B_handtuned_flc,dense,clean,,,32,202663,False,True,False,False,14.000000000000004,400,1.7739779148291364,3.754421510013961,104.93382941135994,7
B_handtuned_flc,dense,clean,,,33,749349,False,True,False,False,142.0,400,2.333558092500372,6.802080794552713,26.048306876605462,71
B_handtuned_flc,dense,clean,,,34,67944,False,True,False,False,104.0,400,1.9632364666890934,6.635166665944623,50.01904871237399,52
B_handtuned_flc,dense,clean,,,35,667972,False,True,False,False,52.0,400,1.8418973861448127,12.960936695823069,67.43620919079609,26
B_handtuned_flc,dense,clean,,,36,284085,False,True,False,False,30.0,400,3.658083925589547,7.702940855748222,92.65727810534013,15
B_handtuned_flc,dense,clean,,,37,56648,True,False,False,False,122.0,61,3.8141588711135026,8.162647603252012,3.14929671577142,61
B_handtuned_flc,dense,clean,,,38,883846,True,False,False,False,117.99999999999999,59,4.672883368239458,4.821223561086551,3.49450054596271,59
B_handtuned_flc,dense,clean,,,39,542999,False,True,False,False,38.00000000000001,400,1.9726041888104646,16.876010167442026,81.15279518946791,19
B_handtuned_flc,dense,clean,,,40,876790,False,True,False,False,48.0,400,3.321977044105393,6.656654873223023,74.51014390178796,24
B_handtuned_flc,dense,clean,,,41,864562,False,True,False,False,76.0,400,2.06844011848746,17.791072281063627,44.50058506318461,38
B_handtuned_flc,dense,clean,,,42,110485,False,True,False,False,127.99999999999999,400,3.270404625793542,4.5127724308500925,84.80565353587859,64
B_handtuned_flc,dense,clean,,,43,8300,False,True,False,False,132.0,400,2.7838181600951426,18.798854655729947,23.150742791886564,66
B_handtuned_flc,dense,clean,,,44,503793,False,True,False,False,115.99999999999999,400,2.3142906904243046,13.695002088006667,91.68311338405435,58
B_handtuned_flc,dense,clean,,,45,352372,False,True,False,False,130.00000000000006,400,2.648982249805713,11.688696668605386,12.534095252545244,65
B_handtuned_flc,dense,clean,,,46,454845,False,True,False,False,19.999999999999996,400,1.9990931321949825,26.666341944121818,99.51092131980202,10
B_handtuned_flc,dense,clean,,,47,837206,False,True,False,False,22.000000000000004,400,1.5309277209130063,17.26355107000086,97.05964902008155,11
B_handtuned_flc,dense,clean,,,48,834851,False,True,False,False,162.0,400,3.524262466695556,9.993435778039458,35.56744715654237,81
B_handtuned_flc,dense,clean,,,49,457512,False,True,False,False,150.0,400,3.137705110208486,10.440717299177155,37.92026893373436,75
B_handtuned_flc,dense,fault_dropout,dropout,,0,404653,False,True,False,False,108.0,400,2.268158075247788,4.244489678230495,38.91126288124032,54
B_handtuned_flc,dense,fault_dropout,dropout,,1,215753,False,True,False,False,106.00000000000001,400,3.063072574633342,5.632814602167701,76.79056535584415,53
B_handtuned_flc,dense,fault_dropout,dropout,,2,944924,False,True,False,False,15.999999999999998,400,2.986238899792323,25.77,103.5354006404494,8
B_handtuned_flc,dense,fault_dropout,dropout,,3,12413,False,True,False,False,102.0,400,2.4840507470848268,5.257819557693144,90.98841361203114,51
B_handtuned_flc,dense,fault_dropout,dropout,,4,839153,False,True,False,False,214.0,400,1.9871864313423537,7.020938170947994,96.60023488547773,107
B_handtuned_flc,dense,fault_dropout,dropout,,5,26206,False,True,False,False,116.0,400,4.042593584351104,3.3219167655912374,27.421905207786523,58
B_handtuned_flc,dense,fault_dropout,dropout,,6,85702,False,True,False,False,130.0,400,1.751761179103909,4.410536629432826,86.34732564513159,65
B_handtuned_flc,dense,fault_dropout,dropout,,7,720542,False,True,False,False,76.00000000000001,400,1.7570746576824967,8.209626214405853,52.6937965576985,38
B_handtuned_flc,dense,fault_dropout,dropout,,8,43194,False,True,False,False,83.99999999999999,400,3.24748573997529,4.357267959680844,69.99151009459221,42
B_handtuned_flc,dense,fault_dropout,dropout,,9,76840,False,True,False,False,28.000000000000007,400,3.127151581262199,30.60198934551897,91.66382806000273,14
B_handtuned_flc,dense,fault_dropout,dropout,,10,827195,False,True,False,False,68.0,400,1.9115190421837662,9.86592063568997,61.6537389770314,34
B_handtuned_flc,dense,fault_dropout,dropout,,11,891107,False,True,False,False,46.0,400,3.3790406356807243,13.260685190582622,85.67219992596715,23
B_handtuned_flc,dense,fault_dropout,dropout,,12,419585,False,True,False,False,57.99999999999999,400,2.152004704768115,6.135551862666685,75.59082413765609,29
B_handtuned_flc,dense,fault_dropout,dropout,,13,197278,False,True,False,False,92.00000000000001,400,1.9919556385870116,5.452207669596947,58.157954435359066,46
B_handtuned_flc,dense,fault_dropout,dropout,,14,662269,False,True,False,False,98.0,400,2.3048001154293742,4.813507160630437,40.727497337863774,49
B_handtuned_flc,dense,fault_dropout,dropout,,15,666954,False,True,False,False,25.999999999999996,400,2.457000010806659,18.070424320019946,95.00638252046008,13
B_handtuned_flc,dense,fault_dropout,dropout,,16,764983,False,True,False,False,28.0,400,2.9741103595342446,21.562237096312426,92.98473979850385,14
B_handtuned_flc,dense,fault_dropout,dropout,,17,888532,False,True,False,False,18.0,400,2.8743269901700184,13.315636990409127,100.82175936895231,9
B_handtuned_flc,dense,fault_dropout,dropout,,18,155719,False,True,False,False,168.0,400,2.6160357489408215,2.6963074732064745,38.98150515652597,84
B_handtuned_flc,dense,fault_dropout,dropout,,19,579943,False,True,False,False,43.99999999999999,400,2.448594606698222,12.10242295981248,74.96756406896412,22
B_handtuned_flc,dense,fault_dropout,dropout,,20,727353,False,True,False,False,104.00000000000001,400,1.7776666171590192,4.261348173329738,91.66220764139013,52
B_handtuned_flc,dense,fault_dropout,dropout,,21,6151,False,True,False,False,36.00000000000001,400,1.9342565469764386,20.62421249131238,83.6304158049091,18
B_handtuned_flc,dense,fault_dropout,dropout,,22,710788,False,True,False,False,84.00000000000001,400,2.711964440817503,4.328679192038974,35.99100969719236,42
B_handtuned_flc,dense,fault_dropout,dropout,,23,138531,False,True,False,False,75.99999999999999,400,3.714188766882586,2.9624604555717426,58.56164654138545,38
B_handtuned_flc,dense,fault_dropout,dropout,,24,281206,False,True,False,False,117.99999999999997,400,2.1383203220095046,4.609123665155171,70.68276547178044,59
B_handtuned_flc,dense,fault_dropout,dropout,,25,90320,False,True,False,False,81.99999999999999,400,2.2282042417161563,7.510957356385611,51.40378043908845,41
B_handtuned_flc,dense,fault_dropout,dropout,,26,473688,False,True,False,False,102.0,400,1.6908615157941496,4.8892284946670275,77.08824254542088,51
B_handtuned_flc,dense,fault_dropout,dropout,,27,950752,False,True,False,False,28.000000000000004,400,3.013876312388343,7.5100877837747975,92.68901976938658,14
B_handtuned_flc,dense,fault_dropout,dropout,,28,974050,False,True,False,False,126.0,400,1.7400406987118444,10.762147112398427,91.74397521357028,63
B_handtuned_flc,dense,fault_dropout,dropout,,29,162968,False,True,False,False,56.00000000000001,400,2.09413542262147,3.444395628779403,63.242052416485365,28
B_handtuned_flc,dense,fault_dropout,dropout,,30,247501,False,True,False,False,104.0,400,2.112943531073167,6.3751145516079,49.77540311888635,52
B_handtuned_flc,dense,fault_dropout,dropout,,31,611736,False,True,False,False,64.0,400,2.5877797291404288,11.500994903598668,62.98412055542886,32
B_handtuned_flc,dense,fault_dropout,dropout,,32,202663,False,True,False,False,14.000000000000004,400,1.7739779148291364,3.754421510013961,104.93382941135994,7
B_handtuned_flc,dense,fault_dropout,dropout,,33,749349,False,False,True,False,800.0,400,1.5833505557266225,7.311621072089102,31.95365820728243,400
B_handtuned_flc,dense,fault_dropout,dropout,,34,67944,False,True,False,False,38.0,400,2.2935771101681697,3.0655830500782515,81.3279423904267,19
B_handtuned_flc,dense,fault_dropout,dropout,,35,667972,False,True,False,False,100.0,400,1.958125357515499,4.513490745049187,83.26448233051178,50
B_handtuned_flc,dense,fault_dropout,dropout,,36,284085,False,True,False,False,30.0,400,3.658083925589547,7.702940855748222,92.65727810534013,15
B_handtuned_flc,dense,fault_dropout,dropout,,37,56648,False,True,False,False,68.0,400,2.428117571040733,3.532805584480347,57.312946885787916,34
B_handtuned_flc,dense,fault_dropout,dropout,,38,883846,False,True,False,False,144.0,400,2.9955568015392613,5.142417915351483,72.92774547921123,72
B_handtuned_flc,dense,fault_dropout,dropout,,39,542999,False,True,False,False,38.00000000000001,400,1.9726041888104646,16.876010167442026,81.15279518946791,19
B_handtuned_flc,dense,fault_dropout,dropout,,40,876790,False,True,False,False,73.99999999999996,400,2.8598432651658516,4.117132815602978,48.21755718153644,37
B_handtuned_flc,dense,fault_dropout,dropout,,41,864562,False,True,False,False,62.0,400,2.4154485805521717,13.24145490199938,79.22439660743639,31
B_handtuned_flc,dense,fault_dropout,dropout,,42,110485,False,True,False,False,127.99999999999999,400,3.0639836619046052,4.255681850769849,83.82342206372391,64
B_handtuned_flc,dense,fault_dropout,dropout,,43,8300,False,True,False,False,142.0,400,2.1511073775164573,11.027410198006862,17.236755873064762,71
B_handtuned_flc,dense,fault_dropout,dropout,,44,503793,False,True,False,False,71.99999999999999,400,2.8794631165948146,13.40061466448629,60.99703350693983,36
B_handtuned_flc,dense,fault_dropout,dropout,,45,352372,False,True,False,False,218.00000000000003,400,1.967462107794438,8.81492840187242,69.77088857982194,109
B_handtuned_flc,dense,fault_dropout,dropout,,46,454845,False,True,False,False,19.999999999999996,400,1.9990931321949825,26.666341944121818,99.51092131980202,10
B_handtuned_flc,dense,fault_dropout,dropout,,47,837206,False,True,False,False,22.000000000000004,400,1.5309277209130063,17.26355107000086,97.05964902008155,11
B_handtuned_flc,dense,fault_dropout,dropout,,48,834851,False,True,False,False,105.99999999999999,400,2.834387091219378,4.688133756275337,27.314308690996146,53
B_handtuned_flc,dense,fault_dropout,dropout,,49,457512,True,False,False,False,145.99999999999997,73,2.77268070916251,11.129298860990984,3.65669142493027,73
B_handtuned_flc,dense,fault_bias,bias,,0,404653,False,True,False,False,230.00000000000003,400,3.3327227934602774,35.80429629645996,28.674105942203045,115
B_handtuned_flc,dense,fault_bias,bias,,1,215753,False,True,False,False,106.00000000000001,400,3.063072574633342,5.625249856236746,76.68651794703628,53
B_handtuned_flc,dense,fault_bias,bias,,2,944924,False,True,False,False,15.999999999999998,400,2.986238899792323,25.77,103.5354006404494,8
B_handtuned_flc,dense,fault_bias,bias,,3,12413,False,True,False,False,90.00000000000001,400,2.2720499723318173,6.761960088311636,91.98420249142362,45
B_handtuned_flc,dense,fault_bias,bias,,4,839153,False,True,False,False,98.0,400,2.7411148192938684,5.442792949072985,29.437946324468847,49
B_handtuned_flc,dense,fault_bias,bias,,5,26206,False,True,False,False,69.99999999999999,400,1.7762956380264554,13.155529749867853,92.11833747564532,35
B_handtuned_flc,dense,fault_bias,bias,,6,85702,False,True,False,False,130.0,400,2.641081535257414,4.450155386463997,86.34424044977747,65
B_handtuned_flc,dense,fault_bias,bias,,7,720542,False,True,False,False,76.00000000000001,400,1.7570746576824967,8.209626214405853,52.6937965576985,38
B_handtuned_flc,dense,fault_bias,bias,,8,43194,False,False,True,False,800.0,400,3.966129364395961,34.5841301577273,105.91854754806968,400
B_handtuned_flc,dense,fault_bias,bias,,9,76840,False,True,False,False,28.000000000000007,400,3.127151581262199,30.60198934551897,91.66382806000273,14
B_handtuned_flc,dense,fault_bias,bias,,10,827195,False,True,False,False,68.0,400,2.828951320455997,23.1515816319447,58.7676992692849,34
B_handtuned_flc,dense,fault_bias,bias,,11,891107,False,True,False,False,46.0,400,3.3790406356807243,13.260685190582622,85.67219992596715,23
B_handtuned_flc,dense,fault_bias,bias,,12,419585,False,True,False,False,57.99999999999999,400,2.152004704768115,6.135551862666685,75.59082413765609,29
B_handtuned_flc,dense,fault_bias,bias,,13,197278,False,True,False,False,210.0,400,2.843669464208125,8.768678768541449,49.89052781763807,105
B_handtuned_flc,dense,fault_bias,bias,,14,662269,False,True,False,False,151.99999999999997,400,1.7416792435942503,35.794786910208956,55.58352791859479,76
B_handtuned_flc,dense,fault_bias,bias,,15,666954,False,True,False,False,25.999999999999996,400,2.457000010806659,18.070424320019946,95.00638252046008,13
B_handtuned_flc,dense,fault_bias,bias,,16,764983,False,True,False,False,28.0,400,2.9741103595342446,21.562237096312426,92.98473979850385,14
B_handtuned_flc,dense,fault_bias,bias,,17,888532,False,True,False,False,18.0,400,2.8743269901700184,13.315636990409127,100.82175936895231,9
B_handtuned_flc,dense,fault_bias,bias,,18,155719,False,True,False,False,168.0,400,2.6160357489408215,2.6963074732064745,38.98150515652597,84
B_handtuned_flc,dense,fault_bias,bias,,19,579943,False,True,False,False,43.99999999999999,400,2.451349674091766,12.081090450728986,74.9675220311168,22
B_handtuned_flc,dense,fault_bias,bias,,20,727353,False,True,False,False,106.00000000000001,400,1.8075940747394996,6.353865605088927,61.19514937756814,53
B_handtuned_flc,dense,fault_bias,bias,,21,6151,False,True,False,False,36.00000000000001,400,1.9342565469764386,20.62421249131238,83.6304158049091,18
B_handtuned_flc,dense,fault_bias,bias,,22,710788,False,True,False,False,84.00000000000001,400,2.711964440817503,4.328679192038974,35.99100969719236,42
B_handtuned_flc,dense,fault_bias,bias,,23,138531,False,True,False,False,145.99999999999997,400,1.9974920568611692,11.271903548686721,36.692976576462854,73
B_handtuned_flc,dense,fault_bias,bias,,24,281206,False,True,False,False,117.99999999999997,400,2.1383203220095046,4.609123665155171,70.68276547178044,59
B_handtuned_flc,dense,fault_bias,bias,,25,90320,False,True,False,False,82.0,400,2.224555563948948,7.51426145254032,51.41259064660914,41
B_handtuned_flc,dense,fault_bias,bias,,26,473688,False,True,False,False,60.0,400,2.767474956013799,4.811015118470386,62.54536322252104,30
B_handtuned_flc,dense,fault_bias,bias,,27,950752,False,True,False,False,28.000000000000004,400,3.013876312388343,7.5100877837747975,92.68901976938658,14
B_handtuned_flc,dense,fault_bias,bias,,28,974050,False,True,False,False,190.0,400,2.7081262428900557,11.290010063173442,63.722851159165785,95
B_handtuned_flc,dense,fault_bias,bias,,29,162968,False,True,False,False,178.0,400,2.765994678956535,28.91804251374621,40.10193144593659,89
B_handtuned_flc,dense,fault_bias,bias,,30,247501,False,True,False,False,114.00000000000001,400,2.6462166888965784,5.468994521983666,62.315506412952494,57
B_handtuned_flc,dense,fault_bias,bias,,31,611736,False,True,False,False,64.0,400,2.5803376831082323,6.605228612092185,67.35349741306149,32
B_handtuned_flc,dense,fault_bias,bias,,32,202663,False,True,False,False,14.000000000000004,400,1.7739779148291364,3.754421510013961,104.93382941135994,7
B_handtuned_flc,dense,fault_bias,bias,,33,749349,False,True,False,False,137.99999999999997,400,1.8487697075434324,3.322043061104202,27.060792721950722,69
B_handtuned_flc,dense,fault_bias,bias,,34,67944,False,True,False,False,106.00000000000001,400,1.575367356893131,6.038108369481935,49.74892212183245,53
B_handtuned_flc,dense,fault_bias,bias,,35,667972,False,True,False,False,154.0,400,2.7768068040175575,4.233127663456001,95.59919692874172,77
B_handtuned_flc,dense,fault_bias,bias,,36,284085,False,True,False,False,30.0,400,3.658083925589547,7.702940855748222,92.65727810534013,15
B_handtuned_flc,dense,fault_bias,bias,,37,56648,False,True,False,False,68.0,400,2.428117571040733,3.532805584480347,57.312946885787916,34
B_handtuned_flc,dense,fault_bias,bias,,38,883846,False,True,False,False,144.0,400,2.9955568015392613,5.142417915351483,72.92774547921123,72
B_handtuned_flc,dense,fault_bias,bias,,39,542999,False,True,False,False,38.00000000000001,400,1.9726041888104646,16.876010167442026,81.15279518946791,19
B_handtuned_flc,dense,fault_bias,bias,,40,876790,False,True,False,False,145.99999999999994,400,2.633004608666544,2.9554182188577554,28.70795107417382,73
B_handtuned_flc,dense,fault_bias,bias,,41,864562,False,True,False,False,94.0,400,2.5372170493292567,12.187544332101318,91.68733925603001,47
B_handtuned_flc,dense,fault_bias,bias,,42,110485,False,True,False,False,127.99999999999999,400,3.0639836619046052,4.255681850769849,83.82342206372391,64
B_handtuned_flc,dense,fault_bias,bias,,43,8300,False,True,False,False,80.0,400,1.883033286306152,16.313987086939054,76.68789822296384,40
B_handtuned_flc,dense,fault_bias,bias,,44,503793,False,True,False,False,434.0,400,1.8999286463563967,9.756898708763122,74.81000222401934,217
B_handtuned_flc,dense,fault_bias,bias,,45,352372,False,True,False,False,96.00000000000001,400,1.6743260181173998,10.976761701184278,28.99622074106384,48
B_handtuned_flc,dense,fault_bias,bias,,46,454845,False,True,False,False,19.999999999999996,400,1.9990931321949825,26.666341944121818,99.51092131980202,10
B_handtuned_flc,dense,fault_bias,bias,,47,837206,False,True,False,False,22.000000000000004,400,1.5309277209130063,17.26355107000086,97.05964902008155,11
B_handtuned_flc,dense,fault_bias,bias,,48,834851,False,True,False,False,105.99999999999999,400,2.518339921211597,5.119214757510983,28.747198057944125,53
B_handtuned_flc,dense,fault_bias,bias,,49,457512,False,True,False,False,80.0,400,2.038195493276404,13.861024158101307,93.26472861733019,40
B_handtuned_flc,dense,fault_stale,stale,,0,404653,False,True,False,False,108.0,400,2.268158075247788,4.2444896782304955,38.91126288124031,54
B_handtuned_flc,dense,fault_stale,stale,,1,215753,False,True,False,False,106.00000000000001,400,3.063072574633342,5.625249856236746,76.68651794703628,53
B_handtuned_flc,dense,fault_stale,stale,,2,944924,False,True,False,False,15.999999999999998,400,2.986238899792323,25.77,103.5354006404494,8
B_handtuned_flc,dense,fault_stale,stale,,3,12413,False,True,False,False,134.0,400,2.0572653794535274,7.903830778921379,89.65964080472588,67
B_handtuned_flc,dense,fault_stale,stale,,4,839153,False,True,False,False,96.0,400,2.0937696924371982,6.472242760911368,29.196575776681836,48
B_handtuned_flc,dense,fault_stale,stale,,5,26206,False,True,False,False,144.0,400,2.3649562113348948,4.428028029970769,15.349398257323378,72
B_handtuned_flc,dense,fault_stale,stale,,6,85702,False,True,False,False,140.0,400,1.765942352458316,5.918036304958444,94.38117259203639,70
B_handtuned_flc,dense,fault_stale,stale,,7,720542,False,True,False,False,76.00000000000001,400,1.7570746576824967,8.209626214405853,52.6937965576985,38
B_handtuned_flc,dense,fault_stale,stale,,8,43194,False,True,False,False,83.99999999999999,400,3.966129364395961,5.0075860333914175,69.21559047908512,42
B_handtuned_flc,dense,fault_stale,stale,,9,76840,False,True,False,False,28.000000000000007,400,3.127151581262199,30.60198934551897,91.66382806000273,14
B_handtuned_flc,dense,fault_stale,stale,,10,827195,False,True,False,False,80.0,400,3.87544696444079,10.74970157583003,75.24424732362428,40
B_handtuned_flc,dense,fault_stale,stale,,11,891107,False,True,False,False,46.0,400,3.3790406356807243,13.260685190582622,85.67219992596715,23
B_handtuned_flc,dense,fault_stale,stale,,12,419585,False,True,False,False,57.99999999999999,400,2.152004704768115,6.135551862666685,75.59082413765609,29
B_handtuned_flc,dense,fault_stale,stale,,13,197278,True,False,False,False,124.0,62,4.081187044682219,6.171227970055059,2.568715558649496,62
B_handtuned_flc,dense,fault_stale,stale,,14,662269,False,True,False,False,98.0,400,2.296096950245531,4.834780786796544,40.83998214713815,49
B_handtuned_flc,dense,fault_stale,stale,,15,666954,False,True,False,False,25.999999999999996,400,2.457000010806659,18.070424320019946,95.00638252046008,13
B_handtuned_flc,dense,fault_stale,stale,,16,764983,False,True,False,False,28.0,400,2.9741103595342446,21.562237096312426,92.98473979850385,14
B_handtuned_flc,dense,fault_stale,stale,,17,888532,False,True,False,False,18.0,400,2.8743269901700184,13.315636990409127,100.82175936895231,9
B_handtuned_flc,dense,fault_stale,stale,,18,155719,False,True,False,False,152.0,400,2.5614403077152303,4.919182434560286,33.10549551847477,76
B_handtuned_flc,dense,fault_stale,stale,,19,579943,False,True,False,False,43.99999999999999,400,2.4511047274632416,12.081083286524409,74.96752013529782,22
B_handtuned_flc,dense,fault_stale,stale,,20,727353,False,True,False,False,68.0,400,3.1158702986000013,7.414473725324805,65.10225091685963,34
B_handtuned_flc,dense,fault_stale,stale,,21,6151,False,True,False,False,36.00000000000001,400,1.9342565469764386,20.62421249131238,83.6304158049091,18
B_handtuned_flc,dense,fault_stale,stale,,22,710788,False,True,False,False,84.00000000000001,400,2.711964440817503,4.328679192038974,35.99100969719236,42
B_handtuned_flc,dense,fault_stale,stale,,23,138531,False,True,False,False,111.99999999999997,400,2.355104059252058,9.87953442118601,83.6416874425221,56
B_handtuned_flc,dense,fault_stale,stale,,24,281206,False,True,False,False,95.99999999999994,400,2.6998162550297082,9.587357297116316,35.83063006784149,48
B_handtuned_flc,dense,fault_stale,stale,,25,90320,False,True,False,False,82.0,400,2.206018216275744,7.126766298269277,51.61520575404487,41
B_handtuned_flc,dense,fault_stale,stale,,26,473688,False,True,False,False,60.0,400,2.767474956013799,4.8362849999604505,62.542120596641965,30
B_handtuned_flc,dense,fault_stale,stale,,27,950752,False,True,False,False,28.000000000000004,400,3.013876312388343,7.5100877837747975,92.68901976938658,14
B_handtuned_flc,dense,fault_stale,stale,,28,974050,True,False,False,False,133.99999999999997,67,2.4906005641135884,16.312113301191793,2.1219401192539014,67
B_handtuned_flc,dense,fault_stale,stale,,29,162968,False,True,False,False,56.0,400,1.8462056332229397,4.216764382304333,63.203811653564784,28
B_handtuned_flc,dense,fault_stale,stale,,30,247501,False,True,False,False,90.00000000000001,400,2.9846674069439665,5.850333435357204,39.63621618249445,45
B_handtuned_flc,dense,fault_stale,stale,,31,611736,False,True,False,False,92.0,400,1.8366105926441336,6.41771824069221,77.18508363419518,46
B_handtuned_flc,dense,fault_stale,stale,,32,202663,False,True,False,False,14.000000000000004,400,1.7739779148291364,3.754421510013961,104.93382941135994,7
B_handtuned_flc,dense,fault_stale,stale,,33,749349,False,True,False,False,280.00000000000006,400,3.1016950825190737,8.028635187004975,85.32605897378933,140
B_handtuned_flc,dense,fault_stale,stale,,34,67944,False,True,False,False,104.0,400,1.7344116068653144,7.961239067229878,40.64720140874797,52
B_handtuned_flc,dense,fault_stale,stale,,35,667972,False,True,False,False,64.0,400,2.4157851078664203,6.650124945217966,61.42708808443364,32
B_handtuned_flc,dense,fault_stale,stale,,36,284085,False,True,False,False,30.0,400,3.658083925589547,7.702940855748222,92.65727810534013,15
B_handtuned_flc,dense,fault_stale,stale,,37,56648,False,True,False,False,68.0,400,2.422386055283932,3.5275151651866006,57.25929784165749,34
B_handtuned_flc,dense,fault_stale,stale,,38,883846,True,False,False,False,122.0,61,3.344777604747519,7.397354314097375,3.0674158431958083,61
B_handtuned_flc,dense,fault_stale,stale,,39,542999,False,True,False,False,38.00000000000001,400,1.9726041888104646,16.876010167442026,81.15279518946791,19
B_handtuned_flc,dense,fault_stale,stale,,40,876790,False,True,False,False,73.99999999999996,400,1.6711457283076803,4.440935923286148,48.206499962521335,37
B_handtuned_flc,dense,fault_stale,stale,,41,864562,False,True,False,False,37.999999999999986,400,2.655623702379555,22.24687094750057,82.6464102501509,19
B_handtuned_flc,dense,fault_stale,stale,,42,110485,False,True,False,False,127.99999999999999,400,3.1230950587705597,4.245089579630323,83.95431160248198,64
B_handtuned_flc,dense,fault_stale,stale,,43,8300,False,True,False,False,142.0,400,2.7838181600951426,14.45488416514001,22.753431690005065,71
B_handtuned_flc,dense,fault_stale,stale,,44,503793,False,True,False,False,71.99999999999999,400,2.8794631165948146,13.40061466448629,60.99703350693983,36
B_handtuned_flc,dense,fault_stale,stale,,45,352372,False,True,False,False,84.00000000000001,400,2.7293374953167033,18.524870515639176,51.13206407657829,42
B_handtuned_flc,dense,fault_stale,stale,,46,454845,False,True,False,False,19.999999999999996,400,1.9990931321949825,26.666341944121818,99.51092131980202,10
B_handtuned_flc,dense,fault_stale,stale,,47,837206,False,True,False,False,22.000000000000004,400,1.5309277209130063,17.26355107000086,97.05964902008155,11
B_handtuned_flc,dense,fault_stale,stale,,48,834851,False,True,False,False,105.99999999999999,400,2.518339921211597,5.119214757510983,28.747198057944125,53
B_handtuned_flc,dense,fault_stale,stale,,49,457512,False,True,False,False,138.0,400,3.1112585491226867,12.27373960748697,34.788635661631275,69
B_handtuned_flc,dense,fault_noise_spike_sev1,noise_spike,12.0,0,404653,False,True,False,False,266.0,400,1.9227751358143652,8.534036078375921,96.45872948991844,133
B_handtuned_flc,dense,fault_noise_spike_sev1,noise_spike,12.0,1,215753,False,True,False,False,108.00000000000001,400,2.8888481945176743,7.075631789449232,91.07877065711621,54
B_handtuned_flc,dense,fault_noise_spike_sev1,noise_spike,12.0,2,944924,False,True,False,False,15.999999999999998,400,2.986238899792323,25.77,103.5354006404494,8
B_handtuned_flc,dense,fault_noise_spike_sev1,noise_spike,12.0,3,12413,False,True,False,False,102.00000000000001,400,2.629831228150521,10.3185223410617,90.95542337185908,51
B_handtuned_flc,dense,fault_noise_spike_sev1,noise_spike,12.0,4,839153,False,True,False,False,558.0,400,1.9893094442190513,6.37401913160642,55.846385552540276,279
B_handtuned_flc,dense,fault_noise_spike_sev1,noise_spike,12.0,5,26206,False,True,False,False,84.0,400,2.228350266856269,7.9843814397213695,45.66349086248663,42
B_handtuned_flc,dense,fault_noise_spike_sev1,noise_spike,12.0,6,85702,False,True,False,False,96.0,400,3.6192568608350615,5.805700717455751,75.4701155271918,48
B_handtuned_flc,dense,fault_noise_spike_sev1,noise_spike,12.0,7,720542,False,True,False,False,76.00000000000001,400,1.7570746576824967,8.209626214405853,52.6937965576985,38
B_handtuned_flc,dense,fault_noise_spike_sev1,noise_spike,12.0,8,43194,False,True,False,False,119.99999999999999,400,2.175459110813903,9.896472556917894,91.13585396964419,60
B_handtuned_flc,dense,fault_noise_spike_sev1,noise_spike,12.0,9,76840,False,True,False,False,28.000000000000007,400,3.127151581262199,30.60198934551897,91.66382806000273,14
B_handtuned_flc,dense,fault_noise_spike_sev1,noise_spike,12.0,10,827195,False,True,False,False,114.0,400,1.8133103995461806,11.391180875804949,91.3469661615668,57
B_handtuned_flc,dense,fault_noise_spike_sev1,noise_spike,12.0,11,891107,False,True,False,False,46.0,400,3.3790406356807243,13.260685190582622,85.67219992596715,23
B_handtuned_flc,dense,fault_noise_spike_sev1,noise_spike,12.0,12,419585,False,True,False,False,57.99999999999999,400,2.152004704768115,6.135551862666685,75.59082413765609,29
B_handtuned_flc,dense,fault_noise_spike_sev1,noise_spike,12.0,13,197278,True,False,False,False,120.0,60,6.52474279162104,7.5657705880477675,2.505766785576854,60
B_handtuned_flc,dense,fault_noise_spike_sev1,noise_spike,12.0,14,662269,False,True,False,False,110.0,400,2.5690764788247455,12.743975393721481,24.289104327245976,55
B_handtuned_flc,dense,fault_noise_spike_sev1,noise_spike,12.0,15,666954,False,True,False,False,25.999999999999996,400,2.457000010806659,18.070424320019946,95.00638252046008,13
B_handtuned_flc,dense,fault_noise_spike_sev1,noise_spike,12.0,16,764983,False,True,False,False,28.0,400,2.9741103595342446,21.562237096312426,92.98473979850385,14
B_handtuned_flc,dense,fault_noise_spike_sev1,noise_spike,12.0,17,888532,False,True,False,False,18.0,400,2.8743269901700184,13.315636990409127,100.82175936895231,9
B_handtuned_flc,dense,fault_noise_spike_sev1,noise_spike,12.0,18,155719,False,True,False,False,87.99999999999999,400,1.596657367123147,4.515292097317843,46.21834323212381,44
B_handtuned_flc,dense,fault_noise_spike_sev1,noise_spike,12.0,19,579943,False,True,False,False,131.99999999999997,400,2.033315047037531,11.020923797202817,6.665258790320691,66
B_handtuned_flc,dense,fault_noise_spike_sev1,noise_spike,12.0,20,727353,False,True,False,False,106.00000000000001,400,2.363491918244026,9.507417522412377,91.72204186289397,53
B_handtuned_flc,dense,fault_noise_spike_sev1,noise_spike,12.0,21,6151,False,True,False,False,36.00000000000001,400,1.9342565469764386,20.62421249131238,83.6304158049091,18
B_handtuned_flc,dense,fault_noise_spike_sev1,noise_spike,12.0,22,710788,False,True,False,False,254.0,400,1.7138804639479843,9.514808640678288,94.96551554046357,127
B_handtuned_flc,dense,fault_noise_spike_sev1,noise_spike,12.0,23,138531,False,True,False,False,101.99999999999997,400,1.9788660683016488,9.127625785376397,79.26842021635684,51
B_handtuned_flc,dense,fault_noise_spike_sev1,noise_spike,12.0,24,281206,False,True,False,False,502.0,400,2.223701190676864,8.398478453903099,58.12401889776106,251
B_handtuned_flc,dense,fault_noise_spike_sev1,noise_spike,12.0,25,90320,False,True,False,False,82.0,400,2.8686089147134,13.621919074769998,55.73227444124796,41
B_handtuned_flc,dense,fault_noise_spike_sev1,noise_spike,12.0,26,473688,False,True,False,False,112.0,400,2.0321891838333297,14.258490907291698,91.95649087633095,56
B_handtuned_flc,dense,fault_noise_spike_sev1,noise_spike,12.0,27,950752,False,True,False,False,28.000000000000004,400,3.013876312388343,7.5100877837747975,92.68901976938658,14
B_handtuned_flc,dense,fault_noise_spike_sev1,noise_spike,12.0,28,974050,False,True,False,False,274.0,400,2.7165735210187814,9.078967637412454,125.77049395120684,137
B_handtuned_flc,dense,fault_noise_spike_sev1,noise_spike,12.0,29,162968,False,True,False,False,224.0,400,2.8569119479242286,8.54243910334892,81.08835763586563,112
B_handtuned_flc,dense,fault_noise_spike_sev1,noise_spike,12.0,30,247501,False,True,False,False,90.00000000000001,400,1.9152506155205329,6.598045260609923,39.14206113471859,45
B_handtuned_flc,dense,fault_noise_spike_sev1,noise_spike,12.0,31,611736,False,True,False,False,63.99999999999999,400,2.6278952342504964,7.056020931972235,63.21945482084005,32
B_handtuned_flc,dense,fault_noise_spike_sev1,noise_spike,12.0,32,202663,False,True,False,False,14.000000000000004,400,1.7739779148291364,3.754421510013961,104.93382941135994,7
B_handtuned_flc,dense,fault_noise_spike_sev1,noise_spike,12.0,33,749349,False,False,True,False,799.9999999999999,400,2.3741888620013154,8.905635022110955,44.32817158871484,400
B_handtuned_flc,dense,fault_noise_spike_sev1,noise_spike,12.0,34,67944,False,True,False,False,98.00000000000001,400,2.142946082516866,5.7460797437602125,33.435074252802345,49
B_handtuned_flc,dense,fault_noise_spike_sev1,noise_spike,12.0,35,667972,False,True,False,False,64.0,400,2.209601979715759,15.338212144231186,69.85245782197461,32
B_handtuned_flc,dense,fault_noise_spike_sev1,noise_spike,12.0,36,284085,False,True,False,False,30.0,400,3.658083925589547,7.702940855748222,92.65727810534013,15
B_handtuned_flc,dense,fault_noise_spike_sev1,noise_spike,12.0,37,56648,False,True,False,False,92.0,400,2.8418707448698055,8.654391206565652,32.8684399475274,46
B_handtuned_flc,dense,fault_noise_spike_sev1,noise_spike,12.0,38,883846,True,False,False,False,118.00000000000001,59,4.672883368239458,5.856205963863859,3.541138212473237,59
B_handtuned_flc,dense,fault_noise_spike_sev1,noise_spike,12.0,39,542999,False,True,False,False,38.00000000000001,400,1.9726041888104646,16.876010167442026,81.15279518946791,19
B_handtuned_flc,dense,fault_noise_spike_sev1,noise_spike,12.0,40,876790,False,True,False,False,50.0,400,1.7969818082707432,4.804089468938335,70.97240049278774,25
B_handtuned_flc,dense,fault_noise_spike_sev1,noise_spike,12.0,41,864562,False,True,False,False,76.0,400,2.5738084380193595,20.34351150903404,43.744499268805264,38
B_handtuned_flc,dense,fault_noise_spike_sev1,noise_spike,12.0,42,110485,False,True,False,False,138.0,400,1.966320362120708,6.0590309486075,84.2509250059864,69
B_handtuned_flc,dense,fault_noise_spike_sev1,noise_spike,12.0,43,8300,False,True,False,False,132.0,400,2.7838181600951426,17.489910958906915,23.002048383011974,66
B_handtuned_flc,dense,fault_noise_spike_sev1,noise_spike,12.0,44,503793,False,True,False,False,114.0,400,1.9503287271031744,13.562650261056211,89.08664067422114,57
B_handtuned_flc,dense,fault_noise_spike_sev1,noise_spike,12.0,45,352372,False,True,False,False,84.00000000000001,400,2.3274517905279097,17.363757560765958,50.38184549012135,42
B_handtuned_flc,dense,fault_noise_spike_sev1,noise_spike,12.0,46,454845,False,True,False,False,19.999999999999996,400,1.9990931321949825,26.666341944121818,99.51092131980202,10
B_handtuned_flc,dense,fault_noise_spike_sev1,noise_spike,12.0,47,837206,False,True,False,False,22.000000000000004,400,1.5309277209130063,17.26355107000086,97.05964902008155,11
B_handtuned_flc,dense,fault_noise_spike_sev1,noise_spike,12.0,48,834851,False,True,False,False,105.99999999999999,400,1.9769047731865153,7.647868006624607,27.048537463634396,53
B_handtuned_flc,dense,fault_noise_spike_sev1,noise_spike,12.0,49,457512,True,False,False,False,150.0,75,3.137705110208486,13.442407202524247,2.794719083789428,75
B_handtuned_flc,dense,fault_noise_spike_sev2,noise_spike,30.0,0,404653,False,True,False,False,482.0,400,1.8997071330190205,10.227480297027059,96.11793854301713,241
B_handtuned_flc,dense,fault_noise_spike_sev2,noise_spike,30.0,1,215753,False,True,False,False,112.00000000000001,400,3.063072574633342,10.95554375370482,90.8036909991099,56
B_handtuned_flc,dense,fault_noise_spike_sev2,noise_spike,30.0,2,944924,False,True,False,False,15.999999999999998,400,2.986238899792323,25.77,103.5354006404494,8
B_handtuned_flc,dense,fault_noise_spike_sev2,noise_spike,30.0,3,12413,False,True,False,False,100.0,400,3.3756600992679533,14.079157313435248,90.64045056204232,50
B_handtuned_flc,dense,fault_noise_spike_sev2,noise_spike,30.0,4,839153,False,True,False,False,186.0,400,1.6046809901461125,7.137507893511314,63.217004725883875,93
B_handtuned_flc,dense,fault_noise_spike_sev2,noise_spike,30.0,5,26206,False,True,False,False,84.0,400,1.9633563900731268,10.861997075288437,45.13097933636462,42
B_handtuned_flc,dense,fault_noise_spike_sev2,noise_spike,30.0,6,85702,False,True,False,False,98.0,400,2.3605130748122196,8.555814827486717,74.54435201219725,49
B_handtuned_flc,dense,fault_noise_spike_sev2,noise_spike,30.0,7,720542,False,True,False,False,76.00000000000001,400,1.7570746576824967,8.209626214405853,52.6937965576985,38
B_handtuned_flc,dense,fault_noise_spike_sev2,noise_spike,30.0,8,43194,False,True,False,False,486.0,400,1.6320119991011344,11.102784869011822,43.60769779362722,243
B_handtuned_flc,dense,fault_noise_spike_sev2,noise_spike,30.0,9,76840,False,True,False,False,28.000000000000007,400,3.127151581262199,30.60198934551897,91.66382806000273,14
B_handtuned_flc,dense,fault_noise_spike_sev2,noise_spike,30.0,10,827195,False,True,False,False,68.0,400,2.366386249698878,11.128340829529687,63.65367960578212,34
B_handtuned_flc,dense,fault_noise_spike_sev2,noise_spike,30.0,11,891107,False,True,False,False,46.0,400,3.3790406356807243,13.260685190582622,85.67219992596715,23
B_handtuned_flc,dense,fault_noise_spike_sev2,noise_spike,30.0,12,419585,False,True,False,False,57.99999999999999,400,2.152004704768115,6.135551862666685,75.59082413765609,29
B_handtuned_flc,dense,fault_noise_spike_sev2,noise_spike,30.0,13,197278,True,False,False,False,118.0,59,4.756792597566171,8.95610083157466,3.888384893305829,59
B_handtuned_flc,dense,fault_noise_spike_sev2,noise_spike,30.0,14,662269,False,True,False,False,114.0,400,2.1370749817240173,16.70057831136118,91.36196990041577,57
B_handtuned_flc,dense,fault_noise_spike_sev2,noise_spike,30.0,15,666954,False,True,False,False,25.999999999999996,400,2.457000010806659,18.070424320019946,95.00638252046008,13
B_handtuned_flc,dense,fault_noise_spike_sev2,noise_spike,30.0,16,764983,False,True,False,False,28.0,400,2.9741103595342446,21.562237096312426,92.98473979850385,14
B_handtuned_flc,dense,fault_noise_spike_sev2,noise_spike,30.0,17,888532,False,True,False,False,18.0,400,2.8743269901700184,13.315636990409127,100.82175936895231,9
B_handtuned_flc,dense,fault_noise_spike_sev2,noise_spike,30.0,18,155719,False,True,False,False,111.99999999999999,400,2.004159326450745,16.069326383358945,92.09761014197974,56
B_handtuned_flc,dense,fault_noise_spike_sev2,noise_spike,30.0,19,579943,False,True,False,False,134.0,400,1.9336162495551006,16.651366191158985,61.35331179022847,67
B_handtuned_flc,dense,fault_noise_spike_sev2,noise_spike,30.0,20,727353,False,True,False,False,140.0,400,2.0189890291367814,9.96601770494934,83.4577269756039,70
B_handtuned_flc,dense,fault_noise_spike_sev2,noise_spike,30.0,21,6151,False,True,False,False,36.00000000000001,400,1.9342565469764386,20.62421249131238,83.6304158049091,18
B_handtuned_flc,dense,fault_noise_spike_sev2,noise_spike,30.0,22,710788,False,True,False,False,84.0,400,3.9661222634321174,12.269227069234459,37.67369374754062,42
B_handtuned_flc,dense,fault_noise_spike_sev2,noise_spike,30.0,23,138531,False,True,False,False,100.0,400,2.186155620379793,10.525198573734842,75.861014707425,50
B_handtuned_flc,dense,fault_noise_spike_sev2,noise_spike,30.0,24,281206,False,True,False,False,156.00000000000003,400,1.8823529859757437,15.833563760266811,38.051453638096596,78
B_handtuned_flc,dense,fault_noise_spike_sev2,noise_spike,30.0,25,90320,False,True,False,False,200.0,400,1.911179556552038,16.600397039287174,49.03274452948736,100
B_handtuned_flc,dense,fault_noise_spike_sev2,noise_spike,30.0,26,473688,False,True,False,False,112.0,400,2.6338473634744086,14.49481557908843,87.55742162256244,56
B_handtuned_flc,dense,fault_noise_spike_sev2,noise_spike,30.0,27,950752,False,True,False,False,28.000000000000004,400,3.013876312388343,7.5100877837747975,92.68901976938658,14
B_handtuned_flc,dense,fault_noise_spike_sev2,noise_spike,30.0,28,974050,False,True,False,False,116.0,400,1.628810211808554,15.228957285037101,21.11156224675811,58
B_handtuned_flc,dense,fault_noise_spike_sev2,noise_spike,30.0,29,162968,True,False,False,False,121.99999999999997,61,3.467528574565609,11.617820083117955,3.2794157332451683,61
B_handtuned_flc,dense,fault_noise_spike_sev2,noise_spike,30.0,30,247501,False,True,False,False,248.0,400,2.0755720179587507,8.387678276095992,92.83933012692673,124
B_handtuned_flc,dense,fault_noise_spike_sev2,noise_spike,30.0,31,611736,False,True,False,False,64.0,400,2.6293662185821423,7.017005468179755,63.203410831382314,32
B_handtuned_flc,dense,fault_noise_spike_sev2,noise_spike,30.0,32,202663,False,True,False,False,14.000000000000004,400,1.7739779148291364,3.754421510013961,104.93382941135994,7
B_handtuned_flc,dense,fault_noise_spike_sev2,noise_spike,30.0,33,749349,False,True,False,False,154.0,400,2.277433551240701,9.92565244236103,26.317547586735664,77
B_handtuned_flc,dense,fault_noise_spike_sev2,noise_spike,30.0,34,67944,False,True,False,False,98.0,400,2.263809286658407,5.975247309243348,33.54338153454532,49
B_handtuned_flc,dense,fault_noise_spike_sev2,noise_spike,30.0,35,667972,False,True,False,False,94.00000000000003,400,2.1262403682267896,11.140794163857665,45.9161627745649,47
B_handtuned_flc,dense,fault_noise_spike_sev2,noise_spike,30.0,36,284085,False,True,False,False,30.0,400,3.658083925589547,7.702940855748222,92.65727810534013,15
B_handtuned_flc,dense,fault_noise_spike_sev2,noise_spike,30.0,37,56648,False,True,False,False,118.0,400,1.7505667188017133,11.677807035708174,19.65181468236889,59
B_handtuned_flc,dense,fault_noise_spike_sev2,noise_spike,30.0,38,883846,True,False,False,False,117.99999999999999,59,4.672883368239458,7.719008117536113,3.738169281888678,59
B_handtuned_flc,dense,fault_noise_spike_sev2,noise_spike,30.0,39,542999,False,True,False,False,36.00000000000001,400,3.0795033258343616,22.81356628785547,83.0421605894819,18
B_handtuned_flc,dense,fault_noise_spike_sev2,noise_spike,30.0,40,876790,False,True,False,False,78.0,400,3.329068202912255,16.152135204956274,71.18562955590205,39
B_handtuned_flc,dense,fault_noise_spike_sev2,noise_spike,30.0,41,864562,False,True,False,False,66.0,400,1.715831595589177,11.785151630650516,55.553591810184464,33
B_handtuned_flc,dense,fault_noise_spike_sev2,noise_spike,30.0,42,110485,False,True,False,False,242.0,400,1.6444817954323976,8.128744921252787,51.476958617694834,121
B_handtuned_flc,dense,fault_noise_spike_sev2,noise_spike,30.0,43,8300,True,False,False,False,154.0,77,2.3785701837256847,14.7204176570042,2.7815588259847024,77
B_handtuned_flc,dense,fault_noise_spike_sev2,noise_spike,30.0,44,503793,False,True,False,False,116.0,400,2.377795914915575,17.781957175983454,91.48427229525903,58
B_handtuned_flc,dense,fault_noise_spike_sev2,noise_spike,30.0,45,352372,False,True,False,False,84.00000000000003,400,2.30868104055595,18.37605771380904,49.683780624076235,42
B_handtuned_flc,dense,fault_noise_spike_sev2,noise_spike,30.0,46,454845,False,True,False,False,19.999999999999996,400,1.9990931321949825,26.666341944121818,99.51092131980202,10
B_handtuned_flc,dense,fault_noise_spike_sev2,noise_spike,30.0,47,837206,False,True,False,False,22.000000000000004,400,1.5309277209130063,17.26355107000086,97.05964902008155,11
B_handtuned_flc,dense,fault_noise_spike_sev2,noise_spike,30.0,48,834851,False,True,False,False,105.99999999999999,400,2.08972470889579,7.909990499440595,27.01745342662158,53
B_handtuned_flc,dense,fault_noise_spike_sev2,noise_spike,30.0,49,457512,False,True,False,False,171.99999999999997,400,3.133763326373445,14.03018161508027,62.10245044771225,86
B_handtuned_flc,dense,fault_noise_spike_sev3,noise_spike,60.0,0,404653,False,True,False,False,95.99999999999999,400,3.563651695150687,15.293520454505009,28.78003213293137,48
B_handtuned_flc,dense,fault_noise_spike_sev3,noise_spike,60.0,1,215753,False,True,False,False,114.00000000000001,400,1.7424891966171077,15.659984382327865,92.14433187878896,57
B_handtuned_flc,dense,fault_noise_spike_sev3,noise_spike,60.0,2,944924,False,True,False,False,15.999999999999998,400,2.986238899792323,25.77,103.5354006404494,8
B_handtuned_flc,dense,fault_noise_spike_sev3,noise_spike,60.0,3,12413,False,True,False,False,100.00000000000001,400,2.7645686579996678,14.05416200564547,91.4286933087976,50
B_handtuned_flc,dense,fault_noise_spike_sev3,noise_spike,60.0,4,839153,False,True,False,False,87.99999999999999,400,3.3281556047260907,9.334465761683742,43.90051603277955,44
B_handtuned_flc,dense,fault_noise_spike_sev3,noise_spike,60.0,5,26206,False,True,False,False,100.0,400,2.745192538886256,12.46766353780888,33.46627774766361,50
B_handtuned_flc,dense,fault_noise_spike_sev3,noise_spike,60.0,6,85702,False,True,False,False,98.0,400,2.578694893960643,8.691749754948104,74.29421069269308,49
B_handtuned_flc,dense,fault_noise_spike_sev3,noise_spike,60.0,7,720542,False,True,False,False,76.00000000000001,400,1.7570746576824967,8.209626214405853,52.6937965576985,38
B_handtuned_flc,dense,fault_noise_spike_sev3,noise_spike,60.0,8,43194,False,True,False,False,245.99999999999997,400,2.5671891533274587,17.826034517682505,119.58160944229789,123
B_handtuned_flc,dense,fault_noise_spike_sev3,noise_spike,60.0,9,76840,False,True,False,False,28.000000000000007,400,3.127151581262199,30.60198934551897,91.66382806000273,14
B_handtuned_flc,dense,fault_noise_spike_sev3,noise_spike,60.0,10,827195,False,True,False,False,114.0,400,2.3439654880707415,19.933147381310032,91.68001043654361,57
B_handtuned_flc,dense,fault_noise_spike_sev3,noise_spike,60.0,11,891107,False,True,False,False,46.0,400,3.3790406356807243,13.260685190582622,85.67219992596715,23
B_handtuned_flc,dense,fault_noise_spike_sev3,noise_spike,60.0,12,419585,False,True,False,False,57.99999999999999,400,2.152004704768115,6.135551862666685,75.59082413765609,29
B_handtuned_flc,dense,fault_noise_spike_sev3,noise_spike,60.0,13,197278,False,True,False,False,70.00000000000001,400,4.306674862332422,12.719940293388616,50.93074387630401,35
B_handtuned_flc,dense,fault_noise_spike_sev3,noise_spike,60.0,14,662269,True,False,False,False,128.0,64,6.066071021024734,23.244226422903107,3.3975505198675586,64
B_handtuned_flc,dense,fault_noise_spike_sev3,noise_spike,60.0,15,666954,False,True,False,False,25.999999999999996,400,2.457000010806659,18.070424320019946,95.00638252046008,13
B_handtuned_flc,dense,fault_noise_spike_sev3,noise_spike,60.0,16,764983,False,True,False,False,28.0,400,2.9741103595342446,21.562237096312426,92.98473979850385,14
B_handtuned_flc,dense,fault_noise_spike_sev3,noise_spike,60.0,17,888532,False,True,False,False,18.0,400,2.8743269901700184,13.315636990409127,100.82175936895231,9
B_handtuned_flc,dense,fault_noise_spike_sev3,noise_spike,60.0,18,155719,False,True,False,False,544.0,400,1.6274964756203956,13.126031077418014,72.30926850177008,272
B_handtuned_flc,dense,fault_noise_spike_sev3,noise_spike,60.0,19,579943,False,True,False,False,90.0,400,2.1323033075937445,16.610047986211843,40.493456150024656,45
B_handtuned_flc,dense,fault_noise_spike_sev3,noise_spike,60.0,20,727353,True,False,False,False,118.0,59,2.691846410263748,11.295484002742914,3.7740695498584285,59
B_handtuned_flc,dense,fault_noise_spike_sev3,noise_spike,60.0,21,6151,False,True,False,False,36.00000000000001,400,1.9342565469764386,20.62421249131238,83.6304158049091,18
B_handtuned_flc,dense,fault_noise_spike_sev3,noise_spike,60.0,22,710788,False,True,False,False,260.00000000000006,400,2.242022207886115,14.368864017915708,123.05052058358754,130
B_handtuned_flc,dense,fault_noise_spike_sev3,noise_spike,60.0,23,138531,False,True,False,False,97.99999999999999,400,3.4947838110032503,10.21378477081687,70.40316484830909,49
B_handtuned_flc,dense,fault_noise_spike_sev3,noise_spike,60.0,24,281206,False,True,False,False,84.00000000000001,400,2.334640847225542,12.820936826044553,46.42691100531519,42
B_handtuned_flc,dense,fault_noise_spike_sev3,noise_spike,60.0,25,90320,False,True,False,False,82.0,400,2.435077026519755,25.57302758822691,71.5503329219449,41
B_handtuned_flc,dense,fault_noise_spike_sev3,noise_spike,60.0,26,473688,False,True,False,False,98.0,400,1.684899823134293,18.772304817223535,37.591130763744964,49
B_handtuned_flc,dense,fault_noise_spike_sev3,noise_spike,60.0,27,950752,False,True,False,False,28.000000000000004,400,3.013876312388343,7.5100877837747975,92.68901976938658,14
B_handtuned_flc,dense,fault_noise_spike_sev3,noise_spike,60.0,28,974050,False,True,False,False,118.0,400,1.5418933645049961,17.290596874462885,19.30166673562124,59
B_handtuned_flc,dense,fault_noise_spike_sev3,noise_spike,60.0,29,162968,False,True,False,False,192.0,400,2.5259549426283976,15.117431369205415,85.77169361942155,96
B_handtuned_flc,dense,fault_noise_spike_sev3,noise_spike,60.0,30,247501,False,True,False,False,152.0,400,2.2084785249501895,8.975953507759561,54.207356068650995,76
B_handtuned_flc,dense,fault_noise_spike_sev3,noise_spike,60.0,31,611736,False,True,False,False,112.0,400,1.5878690270640368,20.920137527692354,91.78504960581775,56
B_handtuned_flc,dense,fault_noise_spike_sev3,noise_spike,60.0,32,202663,False,True,False,False,14.000000000000004,400,1.7739779148291364,3.754421510013961,104.93382941135994,7
B_handtuned_flc,dense,fault_noise_spike_sev3,noise_spike,60.0,33,749349,False,True,False,False,45.99999999999999,400,4.6546278740492895,7.227886351977336,84.251555908713,23
B_handtuned_flc,dense,fault_noise_spike_sev3,noise_spike,60.0,34,67944,False,True,False,False,64.00000000000001,400,2.0154391360566577,12.263660307699956,72.21704558692223,32
B_handtuned_flc,dense,fault_noise_spike_sev3,noise_spike,60.0,35,667972,False,True,False,False,95.99999999999999,400,2.4187067168309593,16.30288222285938,27.106797421476415,48
B_handtuned_flc,dense,fault_noise_spike_sev3,noise_spike,60.0,36,284085,False,True,False,False,30.0,400,3.658083925589547,7.702940855748222,92.65727810534013,15
B_handtuned_flc,dense,fault_noise_spike_sev3,noise_spike,60.0,37,56648,False,True,False,False,72.0,400,2.552825731831713,13.956430655416485,47.85492511172639,36
B_handtuned_flc,dense,fault_noise_spike_sev3,noise_spike,60.0,38,883846,False,True,False,False,70.0,400,2.448434626744864,8.32675521982929,52.52286988221203,35
B_handtuned_flc,dense,fault_noise_spike_sev3,noise_spike,60.0,39,542999,False,True,False,False,36.00000000000001,400,3.0795033258343616,22.81356628785547,83.0421605894819,18
B_handtuned_flc,dense,fault_noise_spike_sev3,noise_spike,60.0,40,876790,False,True,False,False,48.0,400,2.2051184051290775,15.118186711939922,74.41361007000378,24
B_handtuned_flc,dense,fault_noise_spike_sev3,noise_spike,60.0,41,864562,False,True,False,False,54.0,400,1.9155371252259146,18.915351808877972,73.4625616884651,27
B_handtuned_flc,dense,fault_noise_spike_sev3,noise_spike,60.0,42,110485,False,True,False,False,141.99999999999997,400,2.1171891292940503,10.058249484716232,84.91300696873135,71
B_handtuned_flc,dense,fault_noise_spike_sev3,noise_spike,60.0,43,8300,False,True,False,False,138.0,400,2.038920893878366,15.205104245240456,16.628463025666218,69
B_handtuned_flc,dense,fault_noise_spike_sev3,noise_spike,60.0,44,503793,False,True,False,False,115.99999999999999,400,2.4533716565979615,21.51734024825712,91.56614018491273,58
B_handtuned_flc,dense,fault_noise_spike_sev3,noise_spike,60.0,45,352372,False,True,False,False,84.00000000000003,400,2.600267031004285,16.827908083489163,51.92903244155747,42
B_handtuned_flc,dense,fault_noise_spike_sev3,noise_spike,60.0,46,454845,False,True,False,False,19.999999999999996,400,1.9990931321949825,26.666341944121818,99.51092131980202,10
B_handtuned_flc,dense,fault_noise_spike_sev3,noise_spike,60.0,47,837206,False,True,False,False,22.000000000000004,400,1.5309277209130063,17.26355107000086,97.05964902008155,11
B_handtuned_flc,dense,fault_noise_spike_sev3,noise_spike,60.0,48,834851,False,True,False,False,105.99999999999999,400,2.08972470889579,7.909990499440595,27.01745342662158,53
B_handtuned_flc,dense,fault_noise_spike_sev3,noise_spike,60.0,49,457512,False,True,False,False,119.99999999999997,400,2.7313610726024686,18.447110362651884,28.77820188191662,60
B_handtuned_flc_fault_aware,sparse,clean,,,0,404653,False,False,True,False,800.0,400,1.9709537957578593,3.0262703426299726,19.92879725129377,400
B_handtuned_flc_fault_aware,sparse,clean,,,1,215753,True,False,False,False,232.00000000000003,116,2.5738827647700258,3.954584189571011,2.4844862071679064,116
B_handtuned_flc_fault_aware,sparse,clean,,,2,944924,True,False,False,False,120.00000000000001,60,5.716933402348747,3.0188588518027943,3.211236669164349,60
B_handtuned_flc_fault_aware,sparse,clean,,,3,12413,False,True,False,False,110.00000000000001,400,2.744443436656787,7.06982054206253,91.36588835073722,55
B_handtuned_flc_fault_aware,sparse,clean,,,4,839153,False,True,False,False,418.0,400,1.8129876324861849,4.658202137918002,66.62537888214409,209
B_handtuned_flc_fault_aware,sparse,clean,,,5,26206,True,False,False,False,394.00000000000006,197,2.689906718463515,3.8839901510071946,3.9728143795962287,197
B_handtuned_flc_fault_aware,sparse,clean,,,6,85702,False,True,False,False,108.00000000000001,400,2.167456297020734,4.197105817364563,72.34009270370112,54
B_handtuned_flc_fault_aware,sparse,clean,,,7,720542,False,True,False,False,134.0,400,1.9168381549896378,2.579715960977851,6.989367956340766,67
B_handtuned_flc_fault_aware,sparse,clean,,,8,43194,False,False,True,False,800.0,400,3.1866903807975073,3.34746735242446,90.82635824762195,400
B_handtuned_flc_fault_aware,sparse,clean,,,9,76840,False,True,False,False,58.000000000000014,400,3.1628235069018316,9.689642067870492,62.162662553508966,29
B_handtuned_flc_fault_aware,sparse,clean,,,10,827195,False,True,False,False,348.0,400,2.458780639269234,4.291197736566301,55.291954911011025,174
B_handtuned_flc_fault_aware,sparse,clean,,,11,891107,True,False,False,False,117.99999999999999,59,2.693112316215077,3.9444373908334867,3.907668603776324,59
B_handtuned_flc_fault_aware,sparse,clean,,,12,419585,True,False,False,False,117.9999999999999,59,10.176117708449313,1.9549182181032303,3.009692573127411,59
B_handtuned_flc_fault_aware,sparse,clean,,,13,197278,False,False,True,False,800.0,400,2.6228542519109794,3.46328730885089,86.73602730243475,400
B_handtuned_flc_fault_aware,sparse,clean,,,14,662269,False,True,False,False,100.0,400,2.7827182834248694,5.925462093541082,90.61999728267857,50
B_handtuned_flc_fault_aware,sparse,clean,,,15,666954,False,True,False,False,23.999999999999996,400,1.7857138497481888,24.944355388264828,97.09014014581828,12
B_handtuned_flc_fault_aware,sparse,clean,,,16,764983,False,True,False,False,220.0,400,2.488337286898898,4.097703299060872,84.39686389277537,110
B_handtuned_flc_fault_aware,sparse,clean,,,17,888532,False,True,False,False,192.00000000000003,400,1.9492881598754823,4.85887767282599,94.58796129560864,96
B_handtuned_flc_fault_aware,sparse,clean,,,18,155719,False,True,False,False,124.0,400,2.9436980368510532,5.889030850701179,13.10684452695561,62
B_handtuned_flc_fault_aware,sparse,clean,,,19,579943,False,True,False,False,216.0,400,1.6852033537078728,3.0881667627216127,93.55996878759137,108
B_handtuned_flc_fault_aware,sparse,clean,,,20,727353,True,False,False,False,120.0,60,9.524916422446589,2.8226800281265225,2.530639889596107,60
B_handtuned_flc_fault_aware,sparse,clean,,,21,6151,False,True,False,False,73.99999999999999,400,1.7636930148967025,5.277155252174462,68.04140900706572,37
B_handtuned_flc_fault_aware,sparse,clean,,,22,710788,False,False,True,False,800.0,400,2.4584709007455787,3.3310975521711033,33.66413681016173,400
B_handtuned_flc_fault_aware,sparse,clean,,,23,138531,False,True,False,False,130.00000000000003,400,2.258878109886795,5.968830050880659,7.153295376471699,65
B_handtuned_flc_fault_aware,sparse,clean,,,24,281206,False,True,False,False,334.0,400,2.3008134230029462,3.1089615021356685,60.06974861752211,167
B_handtuned_flc_fault_aware,sparse,clean,,,25,90320,False,True,False,False,70.0,400,3.3017527403827853,4.824112430459777,54.86162613769815,35
B_handtuned_flc_fault_aware,sparse,clean,,,26,473688,False,True,False,False,320.0,400,1.879507837101573,3.699398105009178,64.7549621312337,160
B_handtuned_flc_fault_aware,sparse,clean,,,27,950752,False,True,False,False,48.0,400,2.5348191649459246,8.0493140299431,72.2509638512291,24
B_handtuned_flc_fault_aware,sparse,clean,,,28,974050,False,True,False,False,47.99999999999999,400,2.8076925383749223,10.29912295045654,84.65721174971867,24
B_handtuned_flc_fault_aware,sparse,clean,,,29,162968,False,True,False,False,140.0,400,2.178353166605991,3.658206081100801,24.612936561320726,70
B_handtuned_flc_fault_aware,sparse,clean,,,30,247501,False,True,False,False,162.0,400,2.2928667372608897,4.226693696185808,14.578554970386932,81
B_handtuned_flc_fault_aware,sparse,clean,,,31,611736,False,True,False,False,80.0,400,2.420458042710116,6.84329332967747,69.54639840546683,40
B_handtuned_flc_fault_aware,sparse,clean,,,32,202663,False,True,False,False,47.99999999999999,400,1.7855813395712976,5.05874075310286,74.59699238761247,24
B_handtuned_flc_fault_aware,sparse,clean,,,33,749349,False,True,False,False,54.00000000000001,400,2.5142215080184327,4.035566974413815,65.95897780816806,27
B_handtuned_flc_fault_aware,sparse,clean,,,34,67944,False,True,False,False,60.00000000000001,400,3.6148312732948042,3.908459756942447,74.64655217246715,30
B_handtuned_flc_fault_aware,sparse,clean,,,35,667972,False,True,False,False,90.00000000000006,400,3.333647641742473,4.787695447662808,46.60024500018191,45
B_handtuned_flc_fault_aware,sparse,clean,,,36,284085,False,True,False,False,126.0,400,1.8919790947488277,2.0826656541777915,14.546628258751442,63
B_handtuned_flc_fault_aware,sparse,clean,,,37,56648,False,True,False,False,122.00000000000001,400,1.8555403892087323,3.202905798623959,91.34222945460782,61
B_handtuned_flc_fault_aware,sparse,clean,,,38,883846,False,True,False,False,90.00000000000001,400,3.4413138858344525,6.170569563996716,54.35345990788746,45
B_handtuned_flc_fault_aware,sparse,clean,,,39,542999,False,True,False,False,288.0,400,2.1361931570570296,3.564964551171267,88.9848991094829,144
B_handtuned_flc_fault_aware,sparse,clean,,,40,876790,False,True,False,False,149.99999999999997,400,2.6327038543141246,4.2079309955805115,7.946378913166284,75
B_handtuned_flc_fault_aware,sparse,clean,,,41,864562,False,True,False,False,32.0,400,2.1214959619533382,23.252273808147464,86.97226629066775,16
B_handtuned_flc_fault_aware,sparse,clean,,,42,110485,False,True,False,False,142.0,400,2.450972200790048,7.54462113682425,90.24269804395867,71
B_handtuned_flc_fault_aware,sparse,clean,,,43,8300,False,True,False,False,120.0,400,2.3363282025426093,4.601171389232555,90.62542597769317,60
B_handtuned_flc_fault_aware,sparse,clean,,,44,503793,False,True,False,False,138.0,400,2.4585572063587793,3.9467663572965495,13.347152115422023,69
B_handtuned_flc_fault_aware,sparse,clean,,,45,352372,True,False,False,False,118.00000000000003,59,3.087080680925344,2.594528207290381,3.1231465574350525,59
B_handtuned_flc_fault_aware,sparse,clean,,,46,454845,False,True,False,False,140.0,400,1.9853124388250134,5.0526823657425695,25.78161944335497,70
B_handtuned_flc_fault_aware,sparse,clean,,,47,837206,False,True,False,False,186.0,400,1.9181994271324432,2.946414002718711,89.53662563796364,93
B_handtuned_flc_fault_aware,sparse,clean,,,48,834851,False,True,False,False,130.0,400,2.066490832475278,5.96977994986394,22.482787275473445,65
B_handtuned_flc_fault_aware,sparse,clean,,,49,457512,False,True,False,False,124.00000000000003,400,1.7355385078100194,4.2617782985764805,8.056761424745424,62
B_handtuned_flc_fault_aware,sparse,fault_dropout,dropout,,0,404653,False,True,False,False,109.99999999999999,400,2.215520218061767,1.2840641007609692,26.36760858172964,55
B_handtuned_flc_fault_aware,sparse,fault_dropout,dropout,,1,215753,False,True,False,False,102.00000000000001,400,3.362292429343009,3.652686369514447,73.29396789979863,51
B_handtuned_flc_fault_aware,sparse,fault_dropout,dropout,,2,944924,False,True,False,False,120.00000000000001,400,2.783630426410978,1.8731146931882432,16.949078665765718,60
B_handtuned_flc_fault_aware,sparse,fault_dropout,dropout,,3,12413,False,True,False,False,96.0,400,1.7457342271154404,4.5846968600750975,92.7857354905693,48
B_handtuned_flc_fault_aware,sparse,fault_dropout,dropout,,4,839153,False,True,False,False,111.99999999999999,400,2.8205860099037174,2.244474536222029,25.19768132868586,56
B_handtuned_flc_fault_aware,sparse,fault_dropout,dropout,,5,26206,False,True,False,False,90.0,400,1.778951564429823,1.9930023891365762,66.01083857185256,45
B_handtuned_flc_fault_aware,sparse,fault_dropout,dropout,,6,85702,False,True,False,False,106.00000000000001,400,1.5623312799906932,2.1504105114762164,66.68461791629169,53
B_handtuned_flc_fault_aware,sparse,fault_dropout,dropout,,7,720542,False,True,False,False,127.99999999999997,400,1.9186402032580019,1.1307805892589984,6.781369657021806,64
B_handtuned_flc_fault_aware,sparse,fault_dropout,dropout,,8,43194,False,True,False,False,78.00000000000001,400,1.7882956088453283,1.4899110405284937,41.38473188551732,39
B_handtuned_flc_fault_aware,sparse,fault_dropout,dropout,,9,76840,False,True,False,False,58.000000000000014,400,3.1628235069018316,9.689642067870492,62.162662553508966,29
B_handtuned_flc_fault_aware,sparse,fault_dropout,dropout,,10,827195,False,True,False,False,116.00000000000001,400,2.1120538460874765,1.9551588432146285,17.254636701939493,58
B_handtuned_flc_fault_aware,sparse,fault_dropout,dropout,,11,891107,False,True,False,False,113.99999999999997,400,2.2806773885405054,2.10292213678999,33.56564123069197,57
B_handtuned_flc_fault_aware,sparse,fault_dropout,dropout,,12,419585,False,True,False,False,121.9999999999999,400,1.9147977142783577,0.5665288147344166,9.236013359136367,61
B_handtuned_flc_fault_aware,sparse,fault_dropout,dropout,,13,197278,False,True,False,False,48.000000000000014,400,2.250811181026661,1.666666666666667,72.4720823671233,24
B_handtuned_flc_fault_aware,sparse,fault_dropout,dropout,,14,662269,False,True,False,False,72.00000000000001,400,1.9501437273538242,1.7334165325005308,59.83868687899921,36
B_handtuned_flc_fault_aware,sparse,fault_dropout,dropout,,15,666954,False,True,False,False,23.999999999999996,400,1.7857138497481888,24.944355388264828,97.09014014581828,12
B_handtuned_flc_fault_aware,sparse,fault_dropout,dropout,,16,764983,False,True,False,False,46.0,400,2.2377923571660148,4.792906990793075,74.50387598394138,23
B_handtuned_flc_fault_aware,sparse,fault_dropout,dropout,,17,888532,False,True,False,False,102.00000000000001,400,2.315415873560091,3.4926380983364154,58.592935248776456,51
B_handtuned_flc_fault_aware,sparse,fault_dropout,dropout,,18,155719,False,True,False,False,82.0,400,1.8803319993840264,1.170731707505,43.88819184549996,41
B_handtuned_flc_fault_aware,sparse,fault_dropout,dropout,,19,579943,False,True,False,False,792.0,400,2.286219117362309,3.7780713496139717,93.96449785143254,396
B_handtuned_flc_fault_aware,sparse,fault_dropout,dropout,,20,727353,False,True,False,False,82.0,400,2.807479201616363,1.4146870029941325,54.871727162168334,41
B_handtuned_flc_fault_aware,sparse,fault_dropout,dropout,,21,6151,False,True,False,False,75.99999999999999,400,1.9367189327723957,3.8500841825999252,79.85845676399074,38
B_handtuned_flc_fault_aware,sparse,fault_dropout,dropout,,22,710788,False,True,False,False,60.0,400,2.059716891126805,2.291130119199481,60.39204965133646,30
B_handtuned_flc_fault_aware,sparse,fault_dropout,dropout,,23,138531,False,True,False,False,114.00000000000003,400,3.3215462522210464,2.1646420250887073,27.68459365716591,57
B_handtuned_flc_fault_aware,sparse,fault_dropout,dropout,,24,281206,False,True,False,False,124.0000000000001,400,3.405740071467203,1.2638464855942513,7.997176663628001,62
B_handtuned_flc_fault_aware,sparse,fault_dropout,dropout,,25,90320,False,True,False,False,71.99999999999999,400,1.9113481610023713,1.8006500823801648,49.374921636505405,36
B_handtuned_flc_fault_aware,sparse,fault_dropout,dropout,,26,473688,False,True,False,False,124.00000000000001,400,2.657387942759231,1.3030351495768444,6.9229661271432805,62
B_handtuned_flc_fault_aware,sparse,fault_dropout,dropout,,27,950752,False,True,False,False,48.0,400,2.5348191649459246,8.0493140299431,72.2509638512291,24
B_handtuned_flc_fault_aware,sparse,fault_dropout,dropout,,28,974050,False,True,False,False,47.999999999999986,400,2.2997275420940166,13.316073440580675,82.51548301793724,24
B_handtuned_flc_fault_aware,sparse,fault_dropout,dropout,,29,162968,False,True,False,False,110.0,400,1.6063432745134145,1.0830496850595295,26.442728479015717,55
B_handtuned_flc_fault_aware,sparse,fault_dropout,dropout,,30,247501,False,True,False,False,158.0,400,2.2606867795846335,2.7280196463047823,15.615050585108031,79
B_handtuned_flc_fault_aware,sparse,fault_dropout,dropout,,31,611736,False,True,False,False,80.0,400,1.9620353656425606,4.594346079624556,77.9015564114985,40
B_handtuned_flc_fault_aware,sparse,fault_dropout,dropout,,32,202663,False,True,False,False,47.99999999999999,400,1.7855813395712976,5.05874075310286,74.59699238761247,24
B_handtuned_flc_fault_aware,sparse,fault_dropout,dropout,,33,749349,False,True,False,False,56.0,400,1.992599303484778,0.6398375795830354,63.094928343441524,28
B_handtuned_flc_fault_aware,sparse,fault_dropout,dropout,,34,67944,False,True,False,False,38.00000000000001,400,2.3241112663281944,2.7745638293683177,82.28365057679916,19
B_handtuned_flc_fault_aware,sparse,fault_dropout,dropout,,35,667972,False,True,False,False,100.00000000000006,400,2.376882425585455,1.1692141984596316,43.35179410889496,50
B_handtuned_flc_fault_aware,sparse,fault_dropout,dropout,,36,284085,True,False,False,False,118.0,59,8.311442420183162,1.1868508267255695,3.2813038416754794,59
B_handtuned_flc_fault_aware,sparse,fault_dropout,dropout,,37,56648,False,True,False,False,112.00000000000001,400,1.8231837304199539,1.876895905186262,85.82887650271962,56
B_handtuned_flc_fault_aware,sparse,fault_dropout,dropout,,38,883846,False,True,False,False,88.0,400,3.4136879330022576,4.251580736795469,55.41917029731261,44
B_handtuned_flc_fault_aware,sparse,fault_dropout,dropout,,39,542999,False,True,False,False,116.0,400,2.7001388184003683,1.4944452804658648,86.38254287659576,58
B_handtuned_flc_fault_aware,sparse,fault_dropout,dropout,,40,876790,False,True,False,False,106.0,400,1.853915760376608,2.2304027321020685,33.836800592882646,53
B_handtuned_flc_fault_aware,sparse,fault_dropout,dropout,,41,864562,False,True,False,False,32.00000000000001,400,2.304478936759629,20.37461979149284,86.94676216448406,16
B_handtuned_flc_fault_aware,sparse,fault_dropout,dropout,,42,110485,False,True,False,False,108.0,400,1.859163604338465,4.363078677320773,52.213800320686076,54
B_handtuned_flc_fault_aware,sparse,fault_dropout,dropout,,43,8300,False,True,False,False,82.0,400,1.7159160832735412,4.9675007724070195,56.721836178655174,41
B_handtuned_flc_fault_aware,sparse,fault_dropout,dropout,,44,503793,False,True,False,False,90.00000000000001,400,4.246750698399354,2.567615102923418,40.84343810500906,45
B_handtuned_flc_fault_aware,sparse,fault_dropout,dropout,,45,352372,True,False,False,False,118.00000000000003,59,3.087080680925344,1.8283898170341493,2.770819719704834,59
B_handtuned_flc_fault_aware,sparse,fault_dropout,dropout,,46,454845,False,True,False,False,132.00000000000003,400,2.66866834307231,1.6305511228290919,9.361906157397465,66
B_handtuned_flc_fault_aware,sparse,fault_dropout,dropout,,47,837206,True,False,False,False,118.00000000000003,59,3.431925680241478,1.1825790117078334,3.8248403532429567,59
B_handtuned_flc_fault_aware,sparse,fault_dropout,dropout,,48,834851,False,True,False,False,132.0,400,2.066490832475278,3.9563044964446203,26.07476378331481,66
B_handtuned_flc_fault_aware,sparse,fault_dropout,dropout,,49,457512,False,True,False,False,120.00000000000003,400,2.5356635452171328,2.3477403088892217,17.873687361012426,60
B_handtuned_flc_fault_aware,sparse,fault_bias,bias,,0,404653,False,True,False,False,140.0,400,2.750033622028941,13.447518231149063,66.26082519588951,70
B_handtuned_flc_fault_aware,sparse,fault_bias,bias,,1,215753,False,True,False,False,104.00000000000001,400,1.9241980254630329,4.17431449069977,74.79061317370386,52
B_handtuned_flc_fault_aware,sparse,fault_bias,bias,,2,944924,False,True,False,False,126.0,400,2.089611724050541,3.1560015882190267,32.25068381442898,63
B_handtuned_flc_fault_aware,sparse,fault_bias,bias,,3,12413,False,True,False,False,88.00000000000001,400,2.714837566130162,5.880312794303881,94.76141448747036,44
B_handtuned_flc_fault_aware,sparse,fault_bias,bias,,4,839153,False,True,False,False,136.0,400,1.9612359340523717,3.029963092410569,78.32013410114486,68
B_handtuned_flc_fault_aware,sparse,fault_bias,bias,,5,26206,False,True,False,False,66.00000000000001,400,3.177291091671206,4.680515057669216,98.7227425462513,33
B_handtuned_flc_fault_aware,sparse,fault_bias,bias,,6,85702,False,True,False,False,106.00000000000001,400,2.119922761091858,2.3976925822917052,72.43607124089404,53
B_handtuned_flc_fault_aware,sparse,fault_bias,bias,,7,720542,False,True,False,False,136.0,400,2.633489382686337,1.6175281473198797,15.810134795432763,68
B_handtuned_flc_fault_aware,sparse,fault_bias,bias,,8,43194,False,True,False,False,258.0,400,1.547218251708718,4.765135283651428,38.68833708713781,129
B_handtuned_flc_fault_aware,sparse,fault_bias,bias,,9,76840,False,True,False,False,58.000000000000014,400,3.1628235069018316,9.689642067870492,62.162662553508966,29
B_handtuned_flc_fault_aware,sparse,fault_bias,bias,,10,827195,False,True,False,False,332.0,400,1.5139247257996455,6.368746566213955,31.153192993447718,166
B_handtuned_flc_fault_aware,sparse,fault_bias,bias,,11,891107,False,True,False,False,129.99999999999997,400,2.351345784950894,2.6353403619008215,54.05619695501322,65
B_handtuned_flc_fault_aware,sparse,fault_bias,bias,,12,419585,False,True,False,False,119.99999999999989,400,3.1700691452280316,1.045906232286031,9.225622125961552,60
B_handtuned_flc_fault_aware,sparse,fault_bias,bias,,13,197278,False,True,False,False,104.00000000000001,400,2.2605642138970485,2.7654065526788565,79.64759836425647,52
B_handtuned_flc_fault_aware,sparse,fault_bias,bias,,14,662269,False,True,False,False,268.0,400,2.142611154736924,8.252425040227429,62.90803862539673,134
B_handtuned_flc_fault_aware,sparse,fault_bias,bias,,15,666954,False,True,False,False,23.999999999999996,400,1.7857138497481888,24.944355388264828,97.09014014581828,12
B_handtuned_flc_fault_aware,sparse,fault_bias,bias,,16,764983,False,True,False,False,186.0,400,2.3129333464512243,2.5317811347813923,54.65326940352701,93
B_handtuned_flc_fault_aware,sparse,fault_bias,bias,,17,888532,False,True,False,False,124.0,400,1.7265589528149838,4.421226478055848,92.06723947393778,62
B_handtuned_flc_fault_aware,sparse,fault_bias,bias,,18,155719,False,True,False,False,82.0,400,1.9935498246548822,1.350454641850714,43.8718728723732,41
B_handtuned_flc_fault_aware,sparse,fault_bias,bias,,19,579943,False,True,False,False,42.0,400,2.289122287067,3.9964572496270003,83.76550139978414,21
B_handtuned_flc_fault_aware,sparse,fault_bias,bias,,20,727353,False,True,False,False,142.0,400,2.7470791929509093,4.247504597689437,91.21814497563555,71
B_handtuned_flc_fault_aware,sparse,fault_bias,bias,,21,6151,False,True,False,False,91.99999999999999,400,2.240150565352663,3.489703189900723,51.83476192238229,46
B_handtuned_flc_fault_aware,sparse,fault_bias,bias,,22,710788,False,True,False,False,54.0,400,3.7316928806231884,2.0119933253549855,67.4698528814997,27
B_handtuned_flc_fault_aware,sparse,fault_bias,bias,,23,138531,False,True,False,False,70.00000000000001,400,1.8514447813571482,6.387083643911235,50.57071809096234,35
B_handtuned_flc_fault_aware,sparse,fault_bias,bias,,24,281206,False,True,False,False,224.0,400,2.6122359380880513,2.0172277065353077,100.13881943112698,112
B_handtuned_flc_fault_aware,sparse,fault_bias,bias,,25,90320,False,True,False,False,121.99999999999999,400,2.880703373455952,1.7429624877926724,9.657159442498969,61
B_handtuned_flc_fault_aware,sparse,fault_bias,bias,,26,473688,False,True,False,False,132.0,400,2.562438523808151,1.700930682964722,17.551806264154195,66
B_handtuned_flc_fault_aware,sparse,fault_bias,bias,,27,950752,False,True,False,False,48.0,400,2.5348191649459246,8.0493140299431,72.2509638512291,24
B_handtuned_flc_fault_aware,sparse,fault_bias,bias,,28,974050,False,True,False,False,47.99999999999999,400,2.8385817399745608,9.724519109691114,84.63959567893365,24
B_handtuned_flc_fault_aware,sparse,fault_bias,bias,,29,162968,False,True,False,False,120.0,400,1.990548951313511,6.520367695172108,31.093759635542824,60
B_handtuned_flc_fault_aware,sparse,fault_bias,bias,,30,247501,False,True,False,False,156.00000000000003,400,3.214001103354611,3.1243737590535603,14.602729363784906,78
B_handtuned_flc_fault_aware,sparse,fault_bias,bias,,31,611736,False,True,False,False,99.99999999999999,400,1.6514685317753803,5.474148919785912,92.51492567256709,50
B_handtuned_flc_fault_aware,sparse,fault_bias,bias,,32,202663,False,True,False,False,47.99999999999999,400,1.7855813395712976,5.05874075310286,74.59699238761247,24
B_handtuned_flc_fault_aware,sparse,fault_bias,bias,,33,749349,False,True,False,False,54.0,400,2.3609729467016747,1.3595654071702417,67.59975479484828,27
B_handtuned_flc_fault_aware,sparse,fault_bias,bias,,34,67944,False,True,False,False,99.99999999999999,400,2.8080729926943113,3.1548565252846554,91.29890944701194,50
B_handtuned_flc_fault_aware,sparse,fault_bias,bias,,35,667972,False,True,False,False,94.00000000000006,400,1.781098290080967,3.255871667735746,55.341894576548896,47
B_handtuned_flc_fault_aware,sparse,fault_bias,bias,,36,284085,False,True,False,False,128.00000000000003,400,1.6532247533391833,4.823242782558523,7.685784731544074,64
B_handtuned_flc_fault_aware,sparse,fault_bias,bias,,37,56648,False,True,False,False,108.00000000000001,400,2.7756037665603723,2.748752447670319,91.24966125311673,54
B_handtuned_flc_fault_aware,sparse,fault_bias,bias,,38,883846,False,True,False,False,79.99999999999999,400,2.979285917842389,5.8539781434619975,91.288870195672,40
B_handtuned_flc_fault_aware,sparse,fault_bias,bias,,39,542999,False,True,False,False,112.0,400,2.832191277966571,2.5693919540261203,35.29969279481585,56
B_handtuned_flc_fault_aware,sparse,fault_bias,bias,,40,876790,False,True,False,False,145.99999999999997,400,1.6531127111039865,2.4158110457100044,21.216180329532012,73
B_handtuned_flc_fault_aware,sparse,fault_bias,bias,,41,864562,False,True,False,False,44.00000000000001,400,3.2845527708482676,6.842919699136292,85.82625609318747,22
B_handtuned_flc_fault_aware,sparse,fault_bias,bias,,42,110485,False,True,False,False,142.0,400,1.6608522709965836,4.046388172438878,91.83068378303734,71
B_handtuned_flc_fault_aware,sparse,fault_bias,bias,,43,8300,False,True,False,False,102.0,400,2.260593459085722,5.0126730061606555,78.61463053372549,51
B_handtuned_flc_fault_aware,sparse,fault_bias,bias,,44,503793,False,True,False,False,102.00000000000003,400,3.1225890322969447,3.7531046804575308,48.29887301656867,51
B_handtuned_flc_fault_aware,sparse,fault_bias,bias,,45,352372,False,True,False,False,288.0,400,2.119104570267212,2.9113426959546995,72.26711566114656,144
B_handtuned_flc_fault_aware,sparse,fault_bias,bias,,46,454845,False,True,False,False,130.00000000000003,400,2.6974401869122606,2.18799908282639,15.401597145052106,65
B_handtuned_flc_fault_aware,sparse,fault_bias,bias,,47,837206,False,True,False,False,340.0,400,1.6969770786286225,1.7840718679694376,54.73920246853755,170
B_handtuned_flc_fault_aware,sparse,fault_bias,bias,,48,834851,False,True,False,False,132.0,400,2.066490832475278,3.9957284936296036,27.705051755111576,66
B_handtuned_flc_fault_aware,sparse,fault_bias,bias,,49,457512,False,True,False,False,166.0,400,2.3257983816874446,2.6866539405059187,72.34353627451985,83
B_handtuned_flc_fault_aware,sparse,fault_stale,stale,,0,404653,False,True,False,False,288.0,400,1.941045249894786,3.3045992615216977,71.04732085033315,144
B_handtuned_flc_fault_aware,sparse,fault_stale,stale,,1,215753,False,True,False,False,102.00000000000001,400,2.530941183844112,3.8606068037215886,70.90417801035478,51
B_handtuned_flc_fault_aware,sparse,fault_stale,stale,,2,944924,False,True,False,False,122.0000000000001,400,2.016421695391331,2.727266489849535,26.2565842881901,61
B_handtuned_flc_fault_aware,sparse,fault_stale,stale,,3,12413,False,True,False,False,98.0,400,2.050711647053896,7.747715515876814,91.02795583346794,49
B_handtuned_flc_fault_aware,sparse,fault_stale,stale,,4,839153,False,True,False,False,114.0,400,2.294534379110768,4.3107844645939055,33.92597122914133,57
B_handtuned_flc_fault_aware,sparse,fault_stale,stale,,5,26206,False,True,False,False,104.00000000000001,400,2.4745202882718695,5.389833027259883,90.75463523295362,52
B_handtuned_flc_fault_aware,sparse,fault_stale,stale,,6,85702,False,True,False,False,110.00000000000001,400,2.55024583730633,2.530396749481092,72.74235871368595,55
B_handtuned_flc_fault_aware,sparse,fault_stale,stale,,7,720542,False,True,False,False,134.0,400,2.566686024826708,4.917804588302221,17.904730980440398,67
B_handtuned_flc_fault_aware,sparse,fault_stale,stale,,8,43194,False,True,False,False,130.00000000000003,400,3.023361974242802,2.489638566208067,13.876468117577902,65
B_handtuned_flc_fault_aware,sparse,fault_stale,stale,,9,76840,False,True,False,False,58.000000000000014,400,3.1628235069018316,9.689642067870492,62.162662553508966,29
B_handtuned_flc_fault_aware,sparse,fault_stale,stale,,10,827195,False,True,False,False,96.00000000000001,400,2.4726199696822,2.7678605993844836,30.040688166392155,48
B_handtuned_flc_fault_aware,sparse,fault_stale,stale,,11,891107,False,True,False,False,231.99999999999997,400,2.312925621437956,2.8035370887860993,103.77281082658322,116
B_handtuned_flc_fault_aware,sparse,fault_stale,stale,,12,419585,False,True,False,False,121.99999999999986,400,1.895407332166458,1.6406058835071162,9.1110970870139,61
B_handtuned_flc_fault_aware,sparse,fault_stale,stale,,13,197278,False,True,False,False,48.000000000000014,400,2.250811181026661,1.666666666666667,72.4720823671233,24
B_handtuned_flc_fault_aware,sparse,fault_stale,stale,,14,662269,False,True,False,False,72.00000000000001,400,2.095804671382396,2.0792839050537326,59.588981727850964,36
B_handtuned_flc_fault_aware,sparse,fault_stale,stale,,15,666954,False,True,False,False,23.999999999999996,400,1.7857138497481888,24.944355388264828,97.09014014581828,12
B_handtuned_flc_fault_aware,sparse,fault_stale,stale,,16,764983,False,True,False,False,48.0,400,1.8591990648487366,5.183560473916875,72.92148385707162,24
B_handtuned_flc_fault_aware,sparse,fault_stale,stale,,17,888532,True,False,False,False,126.00000000000001,63,7.119525823171644,4.837809802391198,2.874591535566128,63
B_handtuned_flc_fault_aware,sparse,fault_stale,stale,,18,155719,False,True,False,False,82.0,400,1.9988854895068395,1.3499790540050334,43.86895082382456,41
B_handtuned_flc_fault_aware,sparse,fault_stale,stale,,19,579943,False,True,False,False,42.0,400,2.289122287067,3.9964572496270003,83.76550139978414,21
B_handtuned_flc_fault_aware,sparse,fault_stale,stale,,20,727353,False,True,False,False,123.99999999999994,400,3.0914959603141177,2.3249172151764266,8.549465394021134,62
B_handtuned_flc_fault_aware,sparse,fault_stale,stale,,21,6151,False,True,False,False,74.0,400,2.4174174272250832,4.0747826691878375,71.35820961505789,37
B_handtuned_flc_fault_aware,sparse,fault_stale,stale,,22,710788,False,True,False,False,54.0,400,3.7316928806231884,2.0119933253549855,67.4698528814997,27
B_handtuned_flc_fault_aware,sparse,fault_stale,stale,,23,138531,False,True,False,False,128.00000000000003,400,2.105348688221242,4.486635626633107,6.806836228567544,64
B_handtuned_flc_fault_aware,sparse,fault_stale,stale,,24,281206,False,True,False,False,342.0,400,3.140895228806053,2.9292114144648216,60.36598876469173,171
B_handtuned_flc_fault_aware,sparse,fault_stale,stale,,25,90320,False,True,False,False,124.0,400,1.9703241752396294,4.610952979651052,9.425345101176102,62
B_handtuned_flc_fault_aware,sparse,fault_stale,stale,,26,473688,False,True,False,False,128.0,400,3.0970657556448806,2.2132536246436403,10.043163625634302,64
B_handtuned_flc_fault_aware,sparse,fault_stale,stale,,27,950752,False,True,False,False,48.0,400,2.5348191649459246,8.0493140299431,72.2509638512291,24
B_handtuned_flc_fault_aware,sparse,fault_stale,stale,,28,974050,False,True,False,False,47.99999999999999,400,3.0444571338789332,10.01307625043619,84.16816807354584,24
B_handtuned_flc_fault_aware,sparse,fault_stale,stale,,29,162968,False,True,False,False,138.0,400,2.698981073847343,1.8981504969637497,22.914882745480966,69
B_handtuned_flc_fault_aware,sparse,fault_stale,stale,,30,247501,False,True,False,False,146.00000000000003,400,2.620250380844999,4.285084609571588,17.540864358621388,73
B_handtuned_flc_fault_aware,sparse,fault_stale,stale,,31,611736,False,True,False,False,80.00000000000001,400,1.5701136292311142,6.2565645760802555,76.05461915290095,40
B_handtuned_flc_fault_aware,sparse,fault_stale,stale,,32,202663,False,True,False,False,47.99999999999999,400,1.7855813395712976,5.05874075310286,74.59699238761247,24
B_handtuned_flc_fault_aware,sparse,fault_stale,stale,,33,749349,False,True,False,False,54.0,400,2.357529202442213,2.1095087856875954,67.94705004829308,27
B_handtuned_flc_fault_aware,sparse,fault_stale,stale,,34,67944,False,True,False,False,96.00000000000001,400,2.6356600653617357,5.777159753254144,70.2213849081782,48
B_handtuned_flc_fault_aware,sparse,fault_stale,stale,,35,667972,False,True,False,False,94.00000000000006,400,2.233609765013983,2.933894378724006,55.90288730923925,47
B_handtuned_flc_fault_aware,sparse,fault_stale,stale,,36,284085,True,False,False,False,118.00000000000003,59,10.139539099699325,1.9697562662015202,2.3274001831875157,59
B_handtuned_flc_fault_aware,sparse,fault_stale,stale,,37,56648,False,True,False,False,112.00000000000001,400,1.9004598503242538,3.283021429468768,92.05243492073701,56
B_handtuned_flc_fault_aware,sparse,fault_stale,stale,,38,883846,False,True,False,False,216.0,400,2.716015916367859,4.357783499601547,88.52352130858887,108
B_handtuned_flc_fault_aware,sparse,fault_stale,stale,,39,542999,True,False,False,False,128.0,64,4.444809483105817,2.80424225435165,3.301685280743765,64
B_handtuned_flc_fault_aware,sparse,fault_stale,stale,,40,876790,False,True,False,False,145.99999999999997,400,2.4713966757518007,3.3410212257923657,21.315558106705407,73
B_handtuned_flc_fault_aware,sparse,fault_stale,stale,,41,864562,False,True,False,False,32.00000000000001,400,2.3107122446564863,20.383528517147365,86.94642194010964,16
B_handtuned_flc_fault_aware,sparse,fault_stale,stale,,42,110485,False,True,False,False,140.0,400,3.3754887292448723,4.815772978370921,83.8894455347431,70
B_handtuned_flc_fault_aware,sparse,fault_stale,stale,,43,8300,False,True,False,False,80.0,400,2.8395478442282114,5.261530387430556,58.04574270666474,40
B_handtuned_flc_fault_aware,sparse,fault_stale,stale,,44,503793,False,True,False,False,92.00000000000001,400,2.488232973497847,2.715519432989717,40.605977173531706,46
B_handtuned_flc_fault_aware,sparse,fault_stale,stale,,45,352372,True,False,False,False,118.0,59,3.087080680925344,2.609346768470893,3.9158798254758023,59
B_handtuned_flc_fault_aware,sparse,fault_stale,stale,,46,454845,False,True,False,False,129.99999999999994,400,2.128307164405811,2.7210572534399606,14.435959995680655,65
B_handtuned_flc_fault_aware,sparse,fault_stale,stale,,47,837206,False,True,False,False,185.99999999999997,400,1.7562098297891497,3.460329347551315,92.1283336766058,93
B_handtuned_flc_fault_aware,sparse,fault_stale,stale,,48,834851,False,True,False,False,140.00000000000003,400,1.9820685201635608,7.046031975264521,43.4998349827079,70
B_handtuned_flc_fault_aware,sparse,fault_stale,stale,,49,457512,False,True,False,False,106.00000000000003,400,2.187512772383192,3.161542562986786,22.24528887220253,53
B_handtuned_flc_fault_aware,sparse,fault_noise_spike_sev1,noise_spike,12.0,0,404653,False,True,False,False,250.00000000000003,400,2.2525951668616497,3.9959758894336073,78.84176330734111,125
B_handtuned_flc_fault_aware,sparse,fault_noise_spike_sev1,noise_spike,12.0,1,215753,False,True,False,False,114.00000000000001,400,3.0945444976276786,3.944341945309199,90.76935953454965,57
B_handtuned_flc_fault_aware,sparse,fault_noise_spike_sev1,noise_spike,12.0,2,944924,True,False,False,False,118.00000000000001,59,5.716933402348747,3.0376572624069884,3.777319040146306,59
B_handtuned_flc_fault_aware,sparse,fault_noise_spike_sev1,noise_spike,12.0,3,12413,False,True,False,False,104.00000000000001,400,1.9009479271602525,7.945745733916398,91.03116628423899,52
B_handtuned_flc_fault_aware,sparse,fault_noise_spike_sev1,noise_spike,12.0,4,839153,False,True,False,False,326.0,400,1.594012996904797,4.6827280149316906,83.37431935814604,163
B_handtuned_flc_fault_aware,sparse,fault_noise_spike_sev1,noise_spike,12.0,5,26206,False,True,False,False,54.0,400,2.68394312981916,10.384089836097486,75.77759475448276,27
B_handtuned_flc_fault_aware,sparse,fault_noise_spike_sev1,noise_spike,12.0,6,85702,False,True,False,False,108.00000000000001,400,3.2497498493661188,4.628212953944064,71.34318183780023,54
B_handtuned_flc_fault_aware,sparse,fault_noise_spike_sev1,noise_spike,12.0,7,720542,False,True,False,False,132.0,400,2.454443529908422,3.428430747335342,15.135503671739764,66
B_handtuned_flc_fault_aware,sparse,fault_noise_spike_sev1,noise_spike,12.0,8,43194,False,True,False,False,76.00000000000001,400,3.0382804416619105,2.7164402713550033,43.99366041851203,38
B_handtuned_flc_fault_aware,sparse,fault_noise_spike_sev1,noise_spike,12.0,9,76840,False,True,False,False,58.000000000000014,400,3.1628235069018316,9.689642067870492,62.162662553508966,29
B_handtuned_flc_fault_aware,sparse,fault_noise_spike_sev1,noise_spike,12.0,10,827195,False,True,False,False,96.00000000000004,400,2.297666760820827,2.5339925695457395,29.957576574290325,48
B_handtuned_flc_fault_aware,sparse,fault_noise_spike_sev1,noise_spike,12.0,11,891107,False,True,False,False,106.0,400,1.8752664711435554,4.5032735211554815,16.28045927319402,53
B_handtuned_flc_fault_aware,sparse,fault_noise_spike_sev1,noise_spike,12.0,12,419585,True,False,False,False,119.99999999999984,60,6.3620550470021335,2.469976518677994,3.625376656684109,60
B_handtuned_flc_fault_aware,sparse,fault_noise_spike_sev1,noise_spike,12.0,13,197278,False,True,False,False,800.0,400,2.4614039156633347,3.5201570428818165,86.43599246963743,400
B_handtuned_flc_fault_aware,sparse,fault_noise_spike_sev1,noise_spike,12.0,14,662269,False,True,False,False,102.00000000000003,400,2.321051423853432,5.946458111291112,91.79171974088528,51
B_handtuned_flc_fault_aware,sparse,fault_noise_spike_sev1,noise_spike,12.0,15,666954,False,True,False,False,23.999999999999996,400,1.7857138497481888,24.944355388264828,97.09014014581828,12
B_handtuned_flc_fault_aware,sparse,fault_noise_spike_sev1,noise_spike,12.0,16,764983,False,True,False,False,280.0,400,3.1178445825833023,4.265352012372525,126.57590912382965,140
B_handtuned_flc_fault_aware,sparse,fault_noise_spike_sev1,noise_spike,12.0,17,888532,False,True,False,False,156.00000000000003,400,2.08069428582954,4.531555339316899,22.140309752938055,78
B_handtuned_flc_fault_aware,sparse,fault_noise_spike_sev1,noise_spike,12.0,18,155719,False,True,False,False,82.0,400,2.318476179470322,5.147571477464505,43.0956988197649,41
B_handtuned_flc_fault_aware,sparse,fault_noise_spike_sev1,noise_spike,12.0,19,579943,False,True,False,False,524.0,400,2.8583224931590427,3.7887063962922674,94.67151070986716,262
B_handtuned_flc_fault_aware,sparse,fault_noise_spike_sev1,noise_spike,12.0,20,727353,False,True,False,False,126.0,400,2.17632465862738,4.881064231791465,7.263314122910769,63
B_handtuned_flc_fault_aware,sparse,fault_noise_spike_sev1,noise_spike,12.0,21,6151,False,True,False,False,74.0,400,1.7455026164745162,5.085883381266015,67.52683679378306,37
B_handtuned_flc_fault_aware,sparse,fault_noise_spike_sev1,noise_spike,12.0,22,710788,False,True,False,False,84.0,400,2.0197939567197105,9.120990530047651,41.5683936173161,42
B_handtuned_flc_fault_aware,sparse,fault_noise_spike_sev1,noise_spike,12.0,23,138531,False,True,False,False,124.00000000000006,400,1.9517933296536691,4.988945426463697,8.045723928626302,62
B_handtuned_flc_fault_aware,sparse,fault_noise_spike_sev1,noise_spike,12.0,24,281206,False,True,False,False,134.0,400,1.6574250177635526,3.075274100174201,15.855131176068442,67
B_handtuned_flc_fault_aware,sparse,fault_noise_spike_sev1,noise_spike,12.0,25,90320,True,False,False,False,119.99999999999999,60,6.791928394506764,4.167009240708376,3.559401172806745,60
B_handtuned_flc_fault_aware,sparse,fault_noise_spike_sev1,noise_spike,12.0,26,473688,False,True,False,False,128.00000000000003,400,3.138760987995973,2.7830261956025666,11.934655823307482,64
B_handtuned_flc_fault_aware,sparse,fault_noise_spike_sev1,noise_spike,12.0,27,950752,False,True,False,False,48.0,400,2.5348191649459246,8.0493140299431,72.2509638512291,24
B_handtuned_flc_fault_aware,sparse,fault_noise_spike_sev1,noise_spike,12.0,28,974050,False,True,False,False,47.999999999999986,400,2.858505247966166,10.6396065385749,84.5285205860241,24
B_handtuned_flc_fault_aware,sparse,fault_noise_spike_sev1,noise_spike,12.0,29,162968,False,True,False,False,148.0,400,2.642898270950779,3.078559790517575,22.776950898428076,74
B_handtuned_flc_fault_aware,sparse,fault_noise_spike_sev1,noise_spike,12.0,30,247501,False,True,False,False,160.0,400,3.260649837152789,4.3098028054637965,13.726764590945383,80
B_handtuned_flc_fault_aware,sparse,fault_noise_spike_sev1,noise_spike,12.0,31,611736,False,True,False,False,80.0,400,2.4026966846334603,6.510974666885902,69.33298905430014,40
B_handtuned_flc_fault_aware,sparse,fault_noise_spike_sev1,noise_spike,12.0,32,202663,False,True,False,False,47.99999999999999,400,1.7855813395712976,5.05874075310286,74.59699238761247,24
B_handtuned_flc_fault_aware,sparse,fault_noise_spike_sev1,noise_spike,12.0,33,749349,False,True,False,False,54.00000000000001,400,2.540322572713544,4.301701899031793,65.9200963231928,27
B_handtuned_flc_fault_aware,sparse,fault_noise_spike_sev1,noise_spike,12.0,34,67944,False,True,False,False,60.00000000000001,400,4.199273066877945,4.118367224930809,74.36290557922503,30
B_handtuned_flc_fault_aware,sparse,fault_noise_spike_sev1,noise_spike,12.0,35,667972,True,False,False,False,128.00000000000006,64,8.230073343064184,3.072559366174422,3.9736781417600797,64
B_handtuned_flc_fault_aware,sparse,fault_noise_spike_sev1,noise_spike,12.0,36,284085,False,True,False,False,126.00000000000001,400,1.8675297410820384,4.486013444730801,8.883189891717379,63
B_handtuned_flc_fault_aware,sparse,fault_noise_spike_sev1,noise_spike,12.0,37,56648,False,True,False,False,64.0,400,2.3680946970199765,7.671588609854628,65.3784115493324,32
B_handtuned_flc_fault_aware,sparse,fault_noise_spike_sev1,noise_spike,12.0,38,883846,False,True,False,False,90.0,400,2.466635600926553,5.7272567084475705,53.51708305703933,45
B_handtuned_flc_fault_aware,sparse,fault_noise_spike_sev1,noise_spike,12.0,39,542999,True,False,False,False,123.99999999999999,62,8.529211988606402,2.3387883660018027,3.575417672068174,62
B_handtuned_flc_fault_aware,sparse,fault_noise_spike_sev1,noise_spike,12.0,40,876790,False,True,False,False,144.0,400,2.168433259468578,4.971609868468878,6.59749444863097,72
B_handtuned_flc_fault_aware,sparse,fault_noise_spike_sev1,noise_spike,12.0,41,864562,False,True,False,False,32.0,400,1.76890042341352,26.25225292610174,87.01435925813948,16
B_handtuned_flc_fault_aware,sparse,fault_noise_spike_sev1,noise_spike,12.0,42,110485,False,True,False,False,158.0,400,2.1519576510284533,5.600690212611333,91.30924408093534,79
B_handtuned_flc_fault_aware,sparse,fault_noise_spike_sev1,noise_spike,12.0,43,8300,False,True,False,False,98.0,400,2.2832435968278233,5.790212433502602,66.01281989816923,49
B_handtuned_flc_fault_aware,sparse,fault_noise_spike_sev1,noise_spike,12.0,44,503793,False,True,False,False,192.0,400,2.018581286350894,3.680164674702406,79.50644611694038,96
B_handtuned_flc_fault_aware,sparse,fault_noise_spike_sev1,noise_spike,12.0,45,352372,True,False,False,False,116.0,58,3.087080680925344,2.3722854766677575,3.8552093666938863,58
B_handtuned_flc_fault_aware,sparse,fault_noise_spike_sev1,noise_spike,12.0,46,454845,False,True,False,False,133.99999999999997,400,2.145020598118238,4.303498560630678,20.16046246456046,67
B_handtuned_flc_fault_aware,sparse,fault_noise_spike_sev1,noise_spike,12.0,47,837206,False,True,False,False,192.0,400,2.1156672249178183,3.4823599493544832,96.60655776204409,96
B_handtuned_flc_fault_aware,sparse,fault_noise_spike_sev1,noise_spike,12.0,48,834851,False,True,False,False,132.00000000000003,400,1.699497757930914,8.237769022601132,16.317443170185037,66
B_handtuned_flc_fault_aware,sparse,fault_noise_spike_sev1,noise_spike,12.0,49,457512,False,True,False,False,124.0,400,2.4626634986831055,4.454034493390098,7.540073705133459,62
B_handtuned_flc_fault_aware,sparse,fault_noise_spike_sev2,noise_spike,30.0,0,404653,False,True,False,False,245.99999999999997,400,2.492697942319591,3.8229529711947317,81.74844356570233,123
B_handtuned_flc_fault_aware,sparse,fault_noise_spike_sev2,noise_spike,30.0,1,215753,False,True,False,False,112.00000000000001,400,2.08089123825018,7.3443700896126245,91.92948578375169,56
B_handtuned_flc_fault_aware,sparse,fault_noise_spike_sev2,noise_spike,30.0,2,944924,True,False,False,False,118.0,59,5.716933402348747,3.679241020993319,2.7575729126000685,59
B_handtuned_flc_fault_aware,sparse,fault_noise_spike_sev2,noise_spike,30.0,3,12413,False,True,False,False,76.00000000000003,400,2.574831029604305,9.337747565687842,72.54434933304263,38
B_handtuned_flc_fault_aware,sparse,fault_noise_spike_sev2,noise_spike,30.0,4,839153,False,True,False,False,125.99999999999999,400,1.660204306870831,6.009182791978741,7.159238431610443,63
B_handtuned_flc_fault_aware,sparse,fault_noise_spike_sev2,noise_spike,30.0,5,26206,False,True,False,False,40.00000000000001,400,2.2182200610684335,17.754134887067732,79.91259452972612,20
B_handtuned_flc_fault_aware,sparse,fault_noise_spike_sev2,noise_spike,30.0,6,85702,False,True,False,False,108.00000000000001,400,2.552212584752339,3.995858360708092,68.9978737528149,54
B_handtuned_flc_fault_aware,sparse,fault_noise_spike_sev2,noise_spike,30.0,7,720542,False,True,False,False,127.99999999999999,400,3.0519865852715338,4.083545079743406,7.7263947175705665,64
B_handtuned_flc_fault_aware,sparse,fault_noise_spike_sev2,noise_spike,30.0,8,43194,False,True,False,False,110.00000000000001,400,1.9120493072527365,6.624191095936181,37.71591293190616,55
B_handtuned_flc_fault_aware,sparse,fault_noise_spike_sev2,noise_spike,30.0,9,76840,False,True,False,False,58.000000000000014,400,3.1628235069018316,9.689642067870492,62.162662553508966,29
B_handtuned_flc_fault_aware,sparse,fault_noise_spike_sev2,noise_spike,30.0,10,827195,False,True,False,False,96.00000000000001,400,2.2869393382378016,2.7638113619353497,29.926466433219908,48
B_handtuned_flc_fault_aware,sparse,fault_noise_spike_sev2,noise_spike,30.0,11,891107,True,False,False,False,118.00000000000001,59,5.894171705537374,3.8741985505867893,2.851737690768325,59
B_handtuned_flc_fault_aware,sparse,fault_noise_spike_sev2,noise_spike,30.0,12,419585,False,True,False,False,131.9999999999999,400,1.8407974027680467,2.9713925591297197,10.41927653179302,66
B_handtuned_flc_fault_aware,sparse,fault_noise_spike_sev2,noise_spike,30.0,13,197278,False,True,False,False,102.00000000000001,400,2.318140052443194,4.4311285482745975,47.15753601327425,51
B_handtuned_flc_fault_aware,sparse,fault_noise_spike_sev2,noise_spike,30.0,14,662269,False,True,False,False,197.99999999999997,400,2.5783296097159383,5.113017849547624,90.00319275681647,99
B_handtuned_flc_fault_aware,sparse,fault_noise_spike_sev2,noise_spike,30.0,15,666954,False,True,False,False,23.999999999999996,400,1.7857138497481888,24.944355388264828,97.09014014581828,12
B_handtuned_flc_fault_aware,sparse,fault_noise_spike_sev2,noise_spike,30.0,16,764983,False,True,False,False,288.0,400,2.565531228151631,3.4351732098510377,126.47202325826441,144
B_handtuned_flc_fault_aware,sparse,fault_noise_spike_sev2,noise_spike,30.0,17,888532,False,True,False,False,78.0,400,2.0154490159733625,6.9914213313200975,51.06745704963502,39
B_handtuned_flc_fault_aware,sparse,fault_noise_spike_sev2,noise_spike,30.0,18,155719,False,True,False,False,86.0,400,2.1145568299770927,4.545994632715804,36.43901508535235,43
B_handtuned_flc_fault_aware,sparse,fault_noise_spike_sev2,noise_spike,30.0,19,579943,False,True,False,False,298.0,400,2.110277123226431,3.4870174702280607,79.47545522522661,149
B_handtuned_flc_fault_aware,sparse,fault_noise_spike_sev2,noise_spike,30.0,20,727353,False,True,False,False,124.0,400,2.582662133774937,5.223275216079743,6.887533449725493,62
B_handtuned_flc_fault_aware,sparse,fault_noise_spike_sev2,noise_spike,30.0,21,6151,False,True,False,False,74.0,400,2.81135334433695,9.625110224416431,77.05849218630752,37
B_handtuned_flc_fault_aware,sparse,fault_noise_spike_sev2,noise_spike,30.0,22,710788,False,True,False,False,84.0,400,2.4004459688007964,7.930507738588521,40.145006047034414,42
B_handtuned_flc_fault_aware,sparse,fault_noise_spike_sev2,noise_spike,30.0,23,138531,False,True,False,False,122.0,400,2.876762858281532,4.524940624048881,9.462543890302547,61
B_handtuned_flc_fault_aware,sparse,fault_noise_spike_sev2,noise_spike,30.0,24,281206,True,False,False,False,122.00000000000001,61,7.461307087465393,4.345930829084754,3.4916477555803525,61
B_handtuned_flc_fault_aware,sparse,fault_noise_spike_sev2,noise_spike,30.0,25,90320,True,False,False,False,117.99999999999999,59,4.695839797399705,5.216537763661297,3.3391276410158865,59
B_handtuned_flc_fault_aware,sparse,fault_noise_spike_sev2,noise_spike,30.0,26,473688,False,True,False,False,128.00000000000003,400,2.2358559517050485,4.4042624550644,8.050014451572137,64
B_handtuned_flc_fault_aware,sparse,fault_noise_spike_sev2,noise_spike,30.0,27,950752,False,True,False,False,48.0,400,2.5348191649459246,8.0493140299431,72.2509638512291,24
B_handtuned_flc_fault_aware,sparse,fault_noise_spike_sev2,noise_spike,30.0,28,974050,False,True,False,False,47.99999999999999,400,2.8628333957552696,10.483170914167106,84.490068808094,24
B_handtuned_flc_fault_aware,sparse,fault_noise_spike_sev2,noise_spike,30.0,29,162968,False,True,False,False,148.0,400,2.892779297821676,3.7584871494310756,22.29381325871512,74
B_handtuned_flc_fault_aware,sparse,fault_noise_spike_sev2,noise_spike,30.0,30,247501,False,True,False,False,158.00000000000003,400,2.972799310986576,4.656759413161855,10.68602382292356,79
B_handtuned_flc_fault_aware,sparse,fault_noise_spike_sev2,noise_spike,30.0,31,611736,False,True,False,False,80.0,400,2.181697266849395,7.440308410534277,70.25781152790884,40
B_handtuned_flc_fault_aware,sparse,fault_noise_spike_sev2,noise_spike,30.0,32,202663,False,True,False,False,47.99999999999999,400,1.7855813395712976,5.05874075310286,74.59699238761247,24
B_handtuned_flc_fault_aware,sparse,fault_noise_spike_sev2,noise_spike,30.0,33,749349,True,False,False,False,120.00000000000001,60,2.862280015642996,4.453860664150128,3.9182821516880915,60
B_handtuned_flc_fault_aware,sparse,fault_noise_spike_sev2,noise_spike,30.0,34,67944,False,True,False,False,60.00000000000001,400,4.368077436573264,3.5026584298397396,74.19878144480346,30
B_handtuned_flc_fault_aware,sparse,fault_noise_spike_sev2,noise_spike,30.0,35,667972,False,True,False,False,68.00000000000003,400,1.818145414385136,4.41636011436915,52.77680957375079,34
B_handtuned_flc_fault_aware,sparse,fault_noise_spike_sev2,noise_spike,30.0,36,284085,False,True,False,False,125.99999999999999,400,1.9854341877577828,4.873882718129211,7.959449889359668,63
B_handtuned_flc_fault_aware,sparse,fault_noise_spike_sev2,noise_spike,30.0,37,56648,False,True,False,False,64.00000000000001,400,2.240249413648163,11.261276868293791,62.21133730247685,32
B_handtuned_flc_fault_aware,sparse,fault_noise_spike_sev2,noise_spike,30.0,38,883846,False,True,False,False,98.0,400,2.6370529930678184,8.345754174879257,54.97834042522896,49
B_handtuned_flc_fault_aware,sparse,fault_noise_spike_sev2,noise_spike,30.0,39,542999,True,False,False,False,121.99999999999999,61,3.4730086458745393,2.3567065602146995,3.751021753198878,61
B_handtuned_flc_fault_aware,sparse,fault_noise_spike_sev2,noise_spike,30.0,40,876790,False,True,False,False,144.0,400,3.068989970503147,5.584916651725785,10.720946210385138,72
B_handtuned_flc_fault_aware,sparse,fault_noise_spike_sev2,noise_spike,30.0,41,864562,False,True,False,False,32.00000000000001,400,1.9474454332942646,15.158706858785086,87.14268726444237,16
B_handtuned_flc_fault_aware,sparse,fault_noise_spike_sev2,noise_spike,30.0,42,110485,True,False,False,False,134.0,67,4.529035809393552,4.644039978957028,3.321549570291324,67
B_handtuned_flc_fault_aware,sparse,fault_noise_spike_sev2,noise_spike,30.0,43,8300,False,True,False,False,96.0,400,2.9066879727832258,7.633787671392124,59.70930203661232,48
B_handtuned_flc_fault_aware,sparse,fault_noise_spike_sev2,noise_spike,30.0,44,503793,False,True,False,False,92.00000000000001,400,1.8259444526939446,4.0989896489621085,39.132327103259705,46
B_handtuned_flc_fault_aware,sparse,fault_noise_spike_sev2,noise_spike,30.0,45,352372,False,True,False,False,94.0,400,3.0218213140096313,2.496379332858654,26.18839178036358,47
B_handtuned_flc_fault_aware,sparse,fault_noise_spike_sev2,noise_spike,30.0,46,454845,True,False,False,False,119.99999999999999,60,10.260388221710267,5.1303043790279075,3.249990925813553,60
B_handtuned_flc_fault_aware,sparse,fault_noise_spike_sev2,noise_spike,30.0,47,837206,True,False,False,False,119.99999999999997,60,5.076939201202436,3.2266925758016916,3.5391009371694486,60
B_handtuned_flc_fault_aware,sparse,fault_noise_spike_sev2,noise_spike,30.0,48,834851,False,True,False,False,132.0,400,2.066490832475278,8.248989646649392,25.854430731141587,66
B_handtuned_flc_fault_aware,sparse,fault_noise_spike_sev2,noise_spike,30.0,49,457512,False,True,False,False,98.0,400,2.5290299938716485,3.912429895418404,22.1945098520469,49
B_handtuned_flc_fault_aware,sparse,fault_noise_spike_sev3,noise_spike,60.0,0,404653,False,True,False,False,212.0,400,2.0866623285883574,6.8166939882609485,70.07894334617828,106
B_handtuned_flc_fault_aware,sparse,fault_noise_spike_sev3,noise_spike,60.0,1,215753,False,True,False,False,110.00000000000001,400,2.8149171116959626,8.703121508169879,91.21225667082453,55
B_handtuned_flc_fault_aware,sparse,fault_noise_spike_sev3,noise_spike,60.0,2,944924,False,True,False,False,98.00000000000001,400,1.8949852819341593,6.6390112191591655,23.95903883928398,49
B_handtuned_flc_fault_aware,sparse,fault_noise_spike_sev3,noise_spike,60.0,3,12413,False,True,False,False,106.00000000000001,400,2.473908924040739,8.548520732148601,91.5421380738641,53
B_handtuned_flc_fault_aware,sparse,fault_noise_spike_sev3,noise_spike,60.0,4,839153,False,True,False,False,81.99999999999999,400,2.234358838773867,7.909401125867238,37.49712292292259,41
B_handtuned_flc_fault_aware,sparse,fault_noise_spike_sev3,noise_spike,60.0,5,26206,False,True,False,False,100.0,400,2.996365837361038,9.159007604971583,53.25321074205992,50
B_handtuned_flc_fault_aware,sparse,fault_noise_spike_sev3,noise_spike,60.0,6,85702,False,True,False,False,108.00000000000001,400,1.7050309664487349,4.066646095405627,68.72791998302189,54
B_handtuned_flc_fault_aware,sparse,fault_noise_spike_sev3,noise_spike,60.0,7,720542,False,True,False,False,130.0,400,2.37323735096262,4.540737650441496,12.666047260797274,65
B_handtuned_flc_fault_aware,sparse,fault_noise_spike_sev3,noise_spike,60.0,8,43194,False,True,False,False,106.0,400,2.019709191790504,4.268241681934873,22.694224441185685,53
B_handtuned_flc_fault_aware,sparse,fault_noise_spike_sev3,noise_spike,60.0,9,76840,False,True,False,False,58.000000000000014,400,3.1628235069018316,9.689642067870492,62.162662553508966,29
B_handtuned_flc_fault_aware,sparse,fault_noise_spike_sev3,noise_spike,60.0,10,827195,False,True,False,False,90.00000000000001,400,2.8804051452836554,6.825436295370316,32.85724658397476,45
B_handtuned_flc_fault_aware,sparse,fault_noise_spike_sev3,noise_spike,60.0,11,891107,True,False,False,False,117.99999999999999,59,6.187098417433958,3.5602144016653416,2.489421151488492,59
B_handtuned_flc_fault_aware,sparse,fault_noise_spike_sev3,noise_spike,60.0,12,419585,False,True,False,False,125.99999999999986,400,2.1649451204063594,2.845324645853508,7.389524274262753,63
B_handtuned_flc_fault_aware,sparse,fault_noise_spike_sev3,noise_spike,60.0,13,197278,False,True,False,False,100.00000000000001,400,1.672781193146978,5.675937229765867,57.015477172003926,50
B_handtuned_flc_fault_aware,sparse,fault_noise_spike_sev3,noise_spike,60.0,14,662269,False,True,False,False,199.99999999999997,400,2.007601211635903,8.262339193892831,91.4177120942328,100
B_handtuned_flc_fault_aware,sparse,fault_noise_spike_sev3,noise_spike,60.0,15,666954,False,True,False,False,23.999999999999996,400,1.7857138497481888,24.944355388264828,97.09014014581828,12
B_handtuned_flc_fault_aware,sparse,fault_noise_spike_sev3,noise_spike,60.0,16,764983,False,True,False,False,106.0,400,2.4503028517450733,6.168238267157138,51.12637095188675,53
B_handtuned_flc_fault_aware,sparse,fault_noise_spike_sev3,noise_spike,60.0,17,888532,True,False,False,False,126.00000000000003,63,5.275029160737613,5.183291944477269,3.7102933985953057,63
B_handtuned_flc_fault_aware,sparse,fault_noise_spike_sev3,noise_spike,60.0,18,155719,False,True,False,False,82.0,400,2.048323227229479,7.050371768326627,42.26867265025933,41
B_handtuned_flc_fault_aware,sparse,fault_noise_spike_sev3,noise_spike,60.0,19,579943,False,True,False,False,84.0,400,2.403721022987599,4.990374442444399,47.39280722710464,42
B_handtuned_flc_fault_aware,sparse,fault_noise_spike_sev3,noise_spike,60.0,20,727353,True,False,False,False,118.00000000000001,59,4.639607531866259,6.668452697902213,3.183990099527643,59
B_handtuned_flc_fault_aware,sparse,fault_noise_spike_sev3,noise_spike,60.0,21,6151,False,True,False,False,74.00000000000001,400,1.598154504697523,4.6647263797649385,71.88361832090932,37
B_handtuned_flc_fault_aware,sparse,fault_noise_spike_sev3,noise_spike,60.0,22,710788,False,True,False,False,58.0,400,1.956394616922188,3.943155826291502,62.96134296604645,29
B_handtuned_flc_fault_aware,sparse,fault_noise_spike_sev3,noise_spike,60.0,23,138531,False,True,False,False,70.00000000000003,400,2.3647051116720865,4.2010905690106775,49.458910360614595,35
B_handtuned_flc_fault_aware,sparse,fault_noise_spike_sev3,noise_spike,60.0,24,281206,True,False,False,False,128.0,64,4.981406475666701,3.938824678566842,2.7011959357957194,64
B_handtuned_flc_fault_aware,sparse,fault_noise_spike_sev3,noise_spike,60.0,25,90320,True,False,False,False,119.99999999999996,60,4.6676154259111104,6.623770383576682,3.364556386561946,60
B_handtuned_flc_fault_aware,sparse,fault_noise_spike_sev3,noise_spike,60.0,26,473688,True,False,False,False,120.00000000000004,60,9.671591590535286,4.910263888107465,3.1570798498575563,60
B_handtuned_flc_fault_aware,sparse,fault_noise_spike_sev3,noise_spike,60.0,27,950752,False,True,False,False,48.0,400,2.5348191649459246,8.0493140299431,72.2509638512291,24
B_handtuned_flc_fault_aware,sparse,fault_noise_spike_sev3,noise_spike,60.0,28,974050,False,True,False,False,47.99999999999999,400,2.787794236984061,11.693836884418898,83.87887583407951,24
B_handtuned_flc_fault_aware,sparse,fault_noise_spike_sev3,noise_spike,60.0,29,162968,False,True,False,False,134.0,400,2.424766889728625,7.484450905862988,14.66126576476168,67
B_handtuned_flc_fault_aware,sparse,fault_noise_spike_sev3,noise_spike,60.0,30,247501,False,True,False,False,158.0,400,3.376685454862594,4.790495211978254,11.996445126148611,79
B_handtuned_flc_fault_aware,sparse,fault_noise_spike_sev3,noise_spike,60.0,31,611736,False,True,False,False,80.0,400,1.5914495883075348,8.92432096917079,72.98153601506867,40
B_handtuned_flc_fault_aware,sparse,fault_noise_spike_sev3,noise_spike,60.0,32,202663,False,True,False,False,47.99999999999999,400,1.7855813395712976,5.05874075310286,74.59699238761247,24
B_handtuned_flc_fault_aware,sparse,fault_noise_spike_sev3,noise_spike,60.0,33,749349,True,False,False,False,120.00000000000001,60,3.4710865285895967,5.557044090638815,3.3954646526892485,60
B_handtuned_flc_fault_aware,sparse,fault_noise_spike_sev3,noise_spike,60.0,34,67944,False,True,False,False,60.000000000000014,400,3.7276792960303755,4.53352907503311,74.51645680900188,30
B_handtuned_flc_fault_aware,sparse,fault_noise_spike_sev3,noise_spike,60.0,35,667972,False,True,False,False,68.00000000000001,400,1.9445409281276504,7.653211085645758,52.83897148909012,34
B_handtuned_flc_fault_aware,sparse,fault_noise_spike_sev3,noise_spike,60.0,36,284085,False,True,False,False,83.99999999999999,400,2.540590169330047,5.231419156428883,37.017910008336685,42
B_handtuned_flc_fault_aware,sparse,fault_noise_spike_sev3,noise_spike,60.0,37,56648,True,False,False,False,120.00000000000001,60,2.9890300712052627,6.582397511370879,3.1997199358481843,60
B_handtuned_flc_fault_aware,sparse,fault_noise_spike_sev3,noise_spike,60.0,38,883846,False,True,False,False,96.00000000000001,400,1.6331878298043399,8.775889947994605,64.51354346006953,48
B_handtuned_flc_fault_aware,sparse,fault_noise_spike_sev3,noise_spike,60.0,39,542999,True,False,False,False,128.0,64,5.726962028187598,3.249564396965381,2.977620936275058,64
B_handtuned_flc_fault_aware,sparse,fault_noise_spike_sev3,noise_spike,60.0,40,876790,False,True,False,False,135.99999999999997,400,1.7739766881556671,8.33032280437188,17.52597863728791,68
B_handtuned_flc_fault_aware,sparse,fault_noise_spike_sev3,noise_spike,60.0,41,864562,False,True,False,False,42.0,400,1.6834248155858198,6.821629254523215,80.2124960278406,21
B_handtuned_flc_fault_aware,sparse,fault_noise_spike_sev3,noise_spike,60.0,42,110485,False,True,False,False,106.0,400,3.0645097756908934,9.52464178467217,37.43469925587445,53
B_handtuned_flc_fault_aware,sparse,fault_noise_spike_sev3,noise_spike,60.0,43,8300,False,True,False,False,86.0,400,1.858632534074783,5.376592532565308,56.543220808506085,43
B_handtuned_flc_fault_aware,sparse,fault_noise_spike_sev3,noise_spike,60.0,44,503793,False,True,False,False,90.00000000000001,400,3.529811291896933,5.652824949147971,41.80928495385739,45
B_handtuned_flc_fault_aware,sparse,fault_noise_spike_sev3,noise_spike,60.0,45,352372,False,True,False,False,96.0,400,2.352037152831397,5.263386110770842,30.947820194218533,48
B_handtuned_flc_fault_aware,sparse,fault_noise_spike_sev3,noise_spike,60.0,46,454845,False,True,False,False,126.0,400,3.0947974499843256,5.4639283662760745,6.98872448755033,63
B_handtuned_flc_fault_aware,sparse,fault_noise_spike_sev3,noise_spike,60.0,47,837206,True,False,False,False,128.0,64,3.6476460350876634,5.595244062738387,3.217773069118044,64
B_handtuned_flc_fault_aware,sparse,fault_noise_spike_sev3,noise_spike,60.0,48,834851,False,True,False,False,132.00000000000003,400,1.6928136656127135,8.107389101926774,21.18734014102475,66
B_handtuned_flc_fault_aware,sparse,fault_noise_spike_sev3,noise_spike,60.0,49,457512,False,True,False,False,96.00000000000001,400,1.9203191589162263,7.170742029215346,25.803040168791647,48
B_handtuned_flc_fault_aware,dense,clean,,,0,404653,False,True,False,False,362.0,400,2.4704618386761115,5.0085751223678825,28.722804038189263,181
B_handtuned_flc_fault_aware,dense,clean,,,1,215753,False,True,False,False,110.0,400,1.6046072135531655,7.185031403009782,91.74194441705822,55
B_handtuned_flc_fault_aware,dense,clean,,,2,944924,False,True,False,False,15.999999999999998,400,2.986238899792323,25.77,103.5354006404494,8
B_handtuned_flc_fault_aware,dense,clean,,,3,12413,False,True,False,False,106.0,400,2.8241873673470277,6.129317087097388,90.9311178499804,53
B_handtuned_flc_fault_aware,dense,clean,,,4,839153,True,False,False,False,118.00000000000001,59,4.5062216524964676,5.554258011635274,3.0701155429965588,59
B_handtuned_flc_fault_aware,dense,clean,,,5,26206,False,True,False,False,51.99999999999999,400,2.6562795985246215,5.5913333745694365,77.04140455600019,26
B_handtuned_flc_fault_aware,dense,clean,,,6,85702,False,True,False,False,104.00000000000001,400,2.8258311848827926,7.80674030232747,74.80805025097875,52
B_handtuned_flc_fault_aware,dense,clean,,,7,720542,False,True,False,False,72.0,400,2.1462580169848633,3.961322123549806,53.361279829148884,36
B_handtuned_flc_fault_aware,dense,clean,,,8,43194,True,False,False,False,122.00000000000003,61,3.957732994565618,5.7118819103055705,3.3622049624583523,61
B_handtuned_flc_fault_aware,dense,clean,,,9,76840,False,True,False,False,28.000000000000007,400,3.127151581262199,31.927443685898606,91.5611944912947,14
B_handtuned_flc_fault_aware,dense,clean,,,10,827195,False,True,False,False,237.99999999999997,400,2.2372978976624487,5.448404531046906,39.373369767237655,119
B_handtuned_flc_fault_aware,dense,clean,,,11,891107,False,True,False,False,178.0,400,2.454884374191762,4.901518928432807,51.12951269206471,89
B_handtuned_flc_fault_aware,dense,clean,,,12,419585,False,True,False,False,98.0,400,2.4042424529920363,5.983631050783982,69.53158974819803,49
B_handtuned_flc_fault_aware,dense,clean,,,13,197278,False,True,False,False,138.0,400,1.8546554293038182,5.105680776678287,9.085355427247345,69
B_handtuned_flc_fault_aware,dense,clean,,,14,662269,False,True,False,False,222.0,400,2.1322786792317157,4.166837687738931,81.16686575707621,111
B_handtuned_flc_fault_aware,dense,clean,,,15,666954,False,True,False,False,25.999999999999996,400,2.457000010806659,18.070424320019946,95.00638252046008,13
B_handtuned_flc_fault_aware,dense,clean,,,16,764983,False,True,False,False,28.000000000000004,400,2.9741103595342446,22.060182647996072,92.99733595277469,14
B_handtuned_flc_fault_aware,dense,clean,,,17,888532,False,True,False,False,18.0,400,2.8743269901700184,13.315636990409127,100.82175936895231,9
B_handtuned_flc_fault_aware,dense,clean,,,18,155719,False,True,False,False,41.99999999999999,400,2.5460488246916797,10.438754925614951,79.71976175516353,21
B_handtuned_flc_fault_aware,dense,clean,,,19,579943,True,False,False,False,119.99999999999999,60,5.0693112194479015,7.724765508387161,2.6682422046732825,60
B_handtuned_flc_fault_aware,dense,clean,,,20,727353,False,True,False,False,108.00000000000001,400,1.708206030583817,4.489617601205209,91.63937840266951,54
B_handtuned_flc_fault_aware,dense,clean,,,21,6151,False,True,False,False,34.00000000000001,400,2.141206115812063,19.212435823521282,85.22927218674455,17
B_handtuned_flc_fault_aware,dense,clean,,,22,710788,False,True,False,False,87.99999999999999,400,1.9190696694584641,9.856160479042394,35.00429729438344,44
B_handtuned_flc_fault_aware,dense,clean,,,23,138531,False,True,False,False,105.99999999999997,400,2.157175388990849,5.680960262236222,80.37315021478395,53
B_handtuned_flc_fault_aware,dense,clean,,,24,281206,False,True,False,False,88.00000000000001,400,1.9703029072615,8.065747511600671,44.81209709551951,44
B_handtuned_flc_fault_aware,dense,clean,,,25,90320,False,True,False,False,82.00000000000001,400,2.3865815603075893,9.32080663536123,54.43994750824191,41
B_handtuned_flc_fault_aware,dense,clean,,,26,473688,False,True,False,False,114.0,400,2.0999684544813415,6.525280545464436,88.774543970282,57
B_handtuned_flc_fault_aware,dense,clean,,,27,950752,False,True,False,False,28.000000000000004,400,3.013876312388343,7.5100877837747975,92.68901976938658,14
B_handtuned_flc_fault_aware,dense,clean,,,28,974050,False,True,False,False,112.0,400,1.9311260581112475,10.435860456864022,25.806174073168215,56
B_handtuned_flc_fault_aware,dense,clean,,,29,162968,False,True,False,False,236.0,400,1.5668290144097268,4.5767127248587265,80.7203349072422,118
B_handtuned_flc_fault_aware,dense,clean,,,30,247501,False,True,False,False,94.00000000000006,400,2.2913483574511924,4.739593482151146,38.57847965185101,47
B_handtuned_flc_fault_aware,dense,clean,,,31,611736,False,True,False,False,84.0,400,2.492346654265847,6.090514862454303,41.928324114912556,42
B_handtuned_flc_fault_aware,dense,clean,,,32,202663,False,True,False,False,14.000000000000004,400,1.7739779148291364,3.754421510013961,104.93382941135994,7
B_handtuned_flc_fault_aware,dense,clean,,,33,749349,False,False,True,False,800.0,400,2.760021563194274,5.37910423131054,89.78692559850353,400
B_handtuned_flc_fault_aware,dense,clean,,,34,67944,False,True,False,False,40.0,400,1.5925338431286415,3.691173478530635,79.6921109354342,20
B_handtuned_flc_fault_aware,dense,clean,,,35,667972,False,True,False,False,164.00000000000003,400,2.685275915273988,5.259567973300978,45.80536445461704,82
B_handtuned_flc_fault_aware,dense,clean,,,36,284085,False,True,False,False,29.99999999999999,400,3.72152636938062,7.3396049944784805,92.77405821382317,15
B_handtuned_flc_fault_aware,dense,clean,,,37,56648,False,True,False,False,200.0,400,2.344184766571793,4.479927335794553,89.26528525544693,100
B_handtuned_flc_fault_aware,dense,clean,,,38,883846,True,False,False,False,118.00000000000001,59,4.672883368239458,4.325223903935551,3.396563380030609,59
B_handtuned_flc_fault_aware,dense,clean,,,39,542999,False,True,False,False,36.0,400,2.7608507285239234,15.84746345744252,83.27804216774697,18
B_handtuned_flc_fault_aware,dense,clean,,,40,876790,False,True,False,False,138.0,400,2.339426669434543,4.221701912992798,17.072610416567784,69
B_handtuned_flc_fault_aware,dense,clean,,,41,864562,False,True,False,False,75.99999999999999,400,2.5884102407265006,7.930952852235223,44.296595763114354,38
B_handtuned_flc_fault_aware,dense,clean,,,42,110485,False,True,False,False,330.0,400,2.8666416532044465,5.228216839367904,29.746873233457713,165
B_handtuned_flc_fault_aware,dense,clean,,,43,8300,False,True,False,False,136.0,400,2.170927979272855,12.796586793104604,21.1535645129118,68
B_handtuned_flc_fault_aware,dense,clean,,,44,503793,False,True,False,False,71.99999999999999,400,3.177370308661959,9.915039058349343,60.777739112120386,36
B_handtuned_flc_fault_aware,dense,clean,,,45,352372,False,True,False,False,98.00000000000003,400,2.3065953566640838,10.397385390240778,28.46611632017135,49
B_handtuned_flc_fault_aware,dense,clean,,,46,454845,False,True,False,False,19.999999999999996,400,1.9990931321949825,26.666341944121818,99.51092131980202,10
B_handtuned_flc_fault_aware,dense,clean,,,47,837206,False,True,False,False,22.000000000000004,400,1.5309277209130063,17.26355107000086,97.05964902008155,11
B_handtuned_flc_fault_aware,dense,clean,,,48,834851,False,True,False,False,104.00000000000001,400,2.0041563545591994,5.696970739236216,26.078980468766996,52
B_handtuned_flc_fault_aware,dense,clean,,,49,457512,False,True,False,False,156.00000000000003,400,1.8667915873196417,9.949692006972933,38.822249387267796,78
B_handtuned_flc_fault_aware,dense,fault_dropout,dropout,,0,404653,False,True,False,False,109.99999999999999,400,2.7682646349635367,2.2848821854887587,27.81935190048821,55
B_handtuned_flc_fault_aware,dense,fault_dropout,dropout,,1,215753,False,True,False,False,110.0,400,3.063072574633342,5.134980147505859,84.1069941713396,55
B_handtuned_flc_fault_aware,dense,fault_dropout,dropout,,2,944924,False,True,False,False,15.999999999999998,400,2.986238899792323,25.77,103.5354006404494,8
B_handtuned_flc_fault_aware,dense,fault_dropout,dropout,,3,12413,False,True,False,False,98.00000000000001,400,1.7258942748533908,4.851562992860347,82.93084493538694,49
B_handtuned_flc_fault_aware,dense,fault_dropout,dropout,,4,839153,False,True,False,False,116.00000000000003,400,1.733121413795037,3.425940543031621,24.868217743368866,58
B_handtuned_flc_fault_aware,dense,fault_dropout,dropout,,5,26206,False,True,False,False,94.0,400,1.9023529449081131,2.927337397601917,41.06814690872739,47
B_handtuned_flc_fault_aware,dense,fault_dropout,dropout,,6,85702,False,True,False,False,104.00000000000003,400,2.1252842007447863,3.6247246266390074,75.42691535153045,52
B_handtuned_flc_fault_aware,dense,fault_dropout,dropout,,7,720542,False,True,False,False,72.0,400,2.1462580169848633,3.961322123549806,53.361279829148884,36
B_handtuned_flc_fault_aware,dense,fault_dropout,dropout,,8,43194,False,True,False,False,136.0,400,1.949381227009015,3.6399817682051046,9.855821958376747,68
B_handtuned_flc_fault_aware,dense,fault_dropout,dropout,,9,76840,False,True,False,False,28.000000000000007,400,3.127151581262199,31.927443685898606,91.5611944912947,14
B_handtuned_flc_fault_aware,dense,fault_dropout,dropout,,10,827195,False,True,False,False,68.0,400,2.3813725820516156,7.1251132959811825,59.6077542444223,34
B_handtuned_flc_fault_aware,dense,fault_dropout,dropout,,11,891107,False,True,False,False,124.0,400,2.454884374191762,3.841684083037078,21.274172935504186,62
B_handtuned_flc_fault_aware,dense,fault_dropout,dropout,,12,419585,False,True,False,False,98.0,400,2.240709824365207,4.895980461785616,52.86003226691834,49
B_handtuned_flc_fault_aware,dense,fault_dropout,dropout,,13,197278,False,True,False,False,106.00000000000001,400,1.7827465506007572,3.7023005694027282,58.48288957893397,53
B_handtuned_flc_fault_aware,dense,fault_dropout,dropout,,14,662269,False,True,False,False,72.0,400,3.2339446535373857,2.66666758524271,48.92373419248152,36
B_handtuned_flc_fault_aware,dense,fault_dropout,dropout,,15,666954,False,True,False,False,25.999999999999996,400,2.457000010806659,18.070424320019946,95.00638252046008,13
B_handtuned_flc_fault_aware,dense,fault_dropout,dropout,,16,764983,False,True,False,False,28.000000000000004,400,2.9741103595342446,22.060182647996072,92.99733595277469,14
B_handtuned_flc_fault_aware,dense,fault_dropout,dropout,,17,888532,False,True,False,False,18.0,400,2.8743269901700184,13.315636990409127,100.82175936895231,9
B_handtuned_flc_fault_aware,dense,fault_dropout,dropout,,18,155719,False,True,False,False,41.99999999999999,400,2.5460488246916797,10.438754925614951,79.71976175516353,21
B_handtuned_flc_fault_aware,dense,fault_dropout,dropout,,19,579943,False,True,False,False,123.99999999999997,400,1.7528977103409797,5.303860022914443,9.394819121091865,62
B_handtuned_flc_fault_aware,dense,fault_dropout,dropout,,20,727353,False,True,False,False,68.00000000000001,400,3.285691722570721,3.4254117699555633,65.49668358183393,34
B_handtuned_flc_fault_aware,dense,fault_dropout,dropout,,21,6151,False,True,False,False,34.00000000000001,400,2.141206115812063,19.212435823521282,85.22927218674455,17
B_handtuned_flc_fault_aware,dense,fault_dropout,dropout,,22,710788,False,True,False,False,84.0,400,1.7671259510851636,3.5349619742087013,36.21499945182438,42
B_handtuned_flc_fault_aware,dense,fault_dropout,dropout,,23,138531,False,True,False,False,77.99999999999999,400,2.2942142428809307,3.102872072869466,52.056697883835575,39
B_handtuned_flc_fault_aware,dense,fault_dropout,dropout,,24,281206,False,True,False,False,103.99999999999999,400,1.7715873618847189,2.0541962785286407,34.30038652311884,52
B_handtuned_flc_fault_aware,dense,fault_dropout,dropout,,25,90320,False,True,False,False,82.00000000000001,400,3.139618459512856,6.703873825065431,49.40259957550088,41
B_handtuned_flc_fault_aware,dense,fault_dropout,dropout,,26,473688,False,True,False,False,102.0,400,1.672524419151965,3.4083178680303994,72.83834213833647,51
B_handtuned_flc_fault_aware,dense,fault_dropout,dropout,,27,950752,False,True,False,False,28.000000000000004,400,3.013876312388343,7.5100877837747975,92.68901976938658,14
B_handtuned_flc_fault_aware,dense,fault_dropout,dropout,,28,974050,False,True,False,False,102.0,400,1.9629635476596794,5.81449339031213,41.66981902019372,51
B_handtuned_flc_fault_aware,dense,fault_dropout,dropout,,29,162968,False,True,False,False,56.000000000000014,400,2.3031756941384183,1.7475493637696935,63.195612231453396,28
B_handtuned_flc_fault_aware,dense,fault_dropout,dropout,,30,247501,False,True,False,False,90.00000000000001,400,2.0755020306805565,4.279877202714485,39.291350284148095,45
B_handtuned_flc_fault_aware,dense,fault_dropout,dropout,,31,611736,True,False,False,False,124.0,62,2.5128767771203266,2.4600755715928866,3.317214892822987,62
B_handtuned_flc_fault_aware,dense,fault_dropout,dropout,,32,202663,False,True,False,False,14.000000000000004,400,1.7739779148291364,3.754421510013961,104.93382941135994,7
B_handtuned_flc_fault_aware,dense,fault_dropout,dropout,,33,749349,False,True,False,False,119.99999999999999,400,2.875165910453797,3.8186184400924494,21.406532803122765,60
B_handtuned_flc_fault_aware,dense,fault_dropout,dropout,,34,67944,False,True,False,False,38.0,400,2.2935771101681697,3.0655830500782515,81.3279423904267,19
B_handtuned_flc_fault_aware,dense,fault_dropout,dropout,,35,667972,False,True,False,False,98.0,400,2.190148089426837,1.949344117214765,84.68391756738691,49
B_handtuned_flc_fault_aware,dense,fault_dropout,dropout,,36,284085,False,True,False,False,29.99999999999999,400,3.72152636938062,7.3396049944784805,92.77405821382317,15
B_handtuned_flc_fault_aware,dense,fault_dropout,dropout,,37,56648,False,True,False,False,106.0,400,1.6198133455621617,1.6670222987534744,47.29505737731074,53
B_handtuned_flc_fault_aware,dense,fault_dropout,dropout,,38,883846,False,True,False,False,126.0,400,1.570010507025744,2.2064408624023373,10.0269459644046,63
B_handtuned_flc_fault_aware,dense,fault_dropout,dropout,,39,542999,False,True,False,False,36.0,400,2.7608507285239234,15.846406814781965,83.2781049295442,18
B_handtuned_flc_fault_aware,dense,fault_dropout,dropout,,40,876790,False,True,False,False,66.0,400,3.9833866310729222,2.187918792684256,53.7446623233944,33
B_handtuned_flc_fault_aware,dense,fault_dropout,dropout,,41,864562,False,True,False,False,46.0,400,3.121633215509485,2.873196093792992,73.46156526131907,23
B_handtuned_flc_fault_aware,dense,fault_dropout,dropout,,42,110485,False,True,False,False,85.99999999999999,400,3.1139168785550035,3.890639193032981,54.09192068131948,43
B_handtuned_flc_fault_aware,dense,fault_dropout,dropout,,43,8300,False,True,False,False,100.0,400,2.0501854080315707,11.169293525694142,60.2072994047949,50
B_handtuned_flc_fault_aware,dense,fault_dropout,dropout,,44,503793,False,True,False,False,71.99999999999999,400,3.4088616850988105,9.5110347211152,60.31018567412544,36
B_handtuned_flc_fault_aware,dense,fault_dropout,dropout,,45,352372,False,True,False,False,94.00000000000001,400,2.9445647580881245,10.08591878403598,29.513035099870145,47
B_handtuned_flc_fault_aware,dense,fault_dropout,dropout,,46,454845,False,True,False,False,19.999999999999996,400,1.9990931321949825,26.666341944121818,99.51092131980202,10
B_handtuned_flc_fault_aware,dense,fault_dropout,dropout,,47,837206,False,True,False,False,22.000000000000004,400,1.5309277209130063,17.26355107000086,97.05964902008155,11
B_handtuned_flc_fault_aware,dense,fault_dropout,dropout,,48,834851,False,True,False,False,140.00000000000003,400,2.5377442008834006,3.177915362751439,8.383765386226095,70
B_handtuned_flc_fault_aware,dense,fault_dropout,dropout,,49,457512,False,True,False,False,70.00000000000001,400,3.137705110208486,12.965750030509344,73.12689890923032,35
B_handtuned_flc_fault_aware,dense,fault_bias,bias,,0,404653,False,True,False,False,73.99999999999999,400,2.554191669716497,10.746393773022811,46.263273725243785,37
B_handtuned_flc_fault_aware,dense,fault_bias,bias,,1,215753,False,True,False,False,110.0,400,2.7664805342708987,5.205046942875629,82.405939506028,55
B_handtuned_flc_fault_aware,dense,fault_bias,bias,,2,944924,False,True,False,False,15.999999999999998,400,2.986238899792323,25.77,103.5354006404494,8
B_handtuned_flc_fault_aware,dense,fault_bias,bias,,3,12413,False,True,False,False,92.00000000000001,400,2.396610189679501,6.16148801030638,91.57693600316946,46
B_handtuned_flc_fault_aware,dense,fault_bias,bias,,4,839153,False,True,False,False,100.00000000000001,400,1.7999138256438578,4.901565464396917,28.82548371451117,50
B_handtuned_flc_fault_aware,dense,fault_bias,bias,,5,26206,False,True,False,False,75.99999999999999,400,2.0460121920563585,6.222254528981324,91.29005483718389,38
B_handtuned_flc_fault_aware,dense,fault_bias,bias,,6,85702,False,True,False,False,100.00000000000001,400,2.520720138607193,4.418377700599795,74.97295562141872,50
B_handtuned_flc_fault_aware,dense,fault_bias,bias,,7,720542,False,True,False,False,72.0,400,2.1462580169848633,3.961322123549806,53.361279829148884,36
B_handtuned_flc_fault_aware,dense,fault_bias,bias,,8,43194,False,True,False,False,192.0,400,3.2002902441797074,8.466404970796795,77.28841435765288,96
B_handtuned_flc_fault_aware,dense,fault_bias,bias,,9,76840,False,True,False,False,28.000000000000007,400,3.127151581262199,31.927443685898606,91.5611944912947,14
B_handtuned_flc_fault_aware,dense,fault_bias,bias,,10,827195,False,True,False,False,68.0,400,2.487799068985761,16.80213133250215,61.46185573878169,34
B_handtuned_flc_fault_aware,dense,fault_bias,bias,,11,891107,False,True,False,False,118.0,400,1.8338571643960897,4.213819239366332,91.8546489634284,59
B_handtuned_flc_fault_aware,dense,fault_bias,bias,,12,419585,False,True,False,False,96.0,400,3.116616840078801,5.658892320855635,57.739640597207135,48
B_handtuned_flc_fault_aware,dense,fault_bias,bias,,13,197278,False,True,False,False,124.0,400,1.8424502627858508,5.593001987270496,61.387457225537986,62
B_handtuned_flc_fault_aware,dense,fault_bias,bias,,14,662269,False,True,False,False,130.00000000000003,400,1.837621074210357,8.862802206095513,32.313894204541356,65
B_handtuned_flc_fault_aware,dense,fault_bias,bias,,15,666954,False,True,False,False,25.999999999999996,400,2.457000010806659,18.070424320019946,95.00638252046008,13
B_handtuned_flc_fault_aware,dense,fault_bias,bias,,16,764983,False,True,False,False,28.000000000000004,400,2.9741103595342446,22.060182647996072,92.99733595277469,14
B_handtuned_flc_fault_aware,dense,fault_bias,bias,,17,888532,False,True,False,False,18.0,400,2.8743269901700184,13.315636990409127,100.82175936895231,9
B_handtuned_flc_fault_aware,dense,fault_bias,bias,,18,155719,False,True,False,False,41.99999999999999,400,2.5460488246916797,10.438754925614951,79.71976175516353,21
B_handtuned_flc_fault_aware,dense,fault_bias,bias,,19,579943,False,True,False,False,72.0,400,2.218776551983877,7.388424097289181,47.09280847473039,36
B_handtuned_flc_fault_aware,dense,fault_bias,bias,,20,727353,False,True,False,False,160.0,400,1.953032157293478,3.7373411533407697,91.36850553541124,80
B_handtuned_flc_fault_aware,dense,fault_bias,bias,,21,6151,False,True,False,False,34.00000000000001,400,2.141206115812063,19.212435823521282,85.22927218674455,17
B_handtuned_flc_fault_aware,dense,fault_bias,bias,,22,710788,False,True,False,False,83.99999999999999,400,2.9623714357640485,4.256412727660075,35.95525884555148,42
B_handtuned_flc_fault_aware,dense,fault_bias,bias,,23,138531,False,True,False,False,100.0,400,2.440287251884142,3.7093343710588984,79.814428508918,50
B_handtuned_flc_fault_aware,dense,fault_bias,bias,,24,281206,False,True,False,False,88.0,400,2.853535082746843,3.375469173760123,38.47329036179579,44
B_handtuned_flc_fault_aware,dense,fault_bias,bias,,25,90320,False,True,False,False,82.00000000000001,400,2.7890781213328246,7.567576931884457,50.3493102795111,41
B_handtuned_flc_fault_aware,dense,fault_bias,bias,,26,473688,False,True,False,False,60.0,400,2.825666461576617,4.579504857786313,62.498179865407316,30
B_handtuned_flc_fault_aware,dense,fault_bias,bias,,27,950752,False,True,False,False,28.000000000000004,400,3.013876312388343,7.5100877837747975,92.68901976938658,14
B_handtuned_flc_fault_aware,dense,fault_bias,bias,,28,974050,False,True,False,False,100.0,400,2.606329962423188,7.879264643505316,62.65463591156604,50
B_handtuned_flc_fault_aware,dense,fault_bias,bias,,29,162968,False,True,False,False,122.0,400,2.0249989703176694,9.456559911055443,83.16833070144271,61
B_handtuned_flc_fault_aware,dense,fault_bias,bias,,30,247501,False,True,False,False,104.00000000000001,400,1.9700132260443108,4.221855842169862,60.33198914941975,52
B_handtuned_flc_fault_aware,dense,fault_bias,bias,,31,611736,False,True,False,False,106.0,400,1.9420675245802144,4.597245072419139,56.73993345737826,53
B_handtuned_flc_fault_aware,dense,fault_bias,bias,,32,202663,False,True,False,False,14.000000000000004,400,1.7739779148291364,3.754421510013961,104.93382941135994,7
B_handtuned_flc_fault_aware,dense,fault_bias,bias,,33,749349,False,True,False,False,118.0,400,2.1376899978719583,2.7043611163169925,20.68052218378799,59
B_handtuned_flc_fault_aware,dense,fault_bias,bias,,34,67944,False,True,False,False,102.0,400,2.1725947986031326,4.3530709966420575,52.089095250140836,51
B_handtuned_flc_fault_aware,dense,fault_bias,bias,,35,667972,False,True,False,False,64.0,400,2.3229011960145742,3.571730466686439,67.84220930716211,32
B_handtuned_flc_fault_aware,dense,fault_bias,bias,,36,284085,False,True,False,False,29.99999999999999,400,3.72152636938062,7.3396049944784805,92.77405821382317,15
B_handtuned_flc_fault_aware,dense,fault_bias,bias,,37,56648,False,True,False,False,84.0,400,3.194350710467584,3.7410602918169,52.66896112183702,42
B_handtuned_flc_fault_aware,dense,fault_bias,bias,,38,883846,False,True,False,False,122.00000000000009,400,2.044180104143871,3.3385013103381795,23.825729054811955,61
B_handtuned_flc_fault_aware,dense,fault_bias,bias,,39,542999,False,True,False,False,36.0,400,2.7608507285239234,15.909982694295175,83.27436298384953,18
B_handtuned_flc_fault_aware,dense,fault_bias,bias,,40,876790,False,True,False,False,140.0,400,2.8845625788919698,3.241253203847986,14.351481989288354,70
B_handtuned_flc_fault_aware,dense,fault_bias,bias,,41,864562,False,True,False,False,88.0,400,1.9483565793619857,4.975268095334513,81.81083095531753,44
B_handtuned_flc_fault_aware,dense,fault_bias,bias,,42,110485,False,True,False,False,87.99999999999999,400,1.5266436771807153,3.836867543603354,55.17259546410019,44
B_handtuned_flc_fault_aware,dense,fault_bias,bias,,43,8300,False,True,False,False,80.0,400,2.2838592753440974,13.886649886496084,76.20285663415189,40
B_handtuned_flc_fault_aware,dense,fault_bias,bias,,44,503793,False,True,False,False,118.0,400,1.5874365505950716,6.732988097607835,92.37470271559789,59
B_handtuned_flc_fault_aware,dense,fault_bias,bias,,45,352372,False,True,False,False,96.00000000000001,400,1.618207733253024,10.498214612562318,28.21611739953285,48
B_handtuned_flc_fault_aware,dense,fault_bias,bias,,46,454845,False,True,False,False,19.999999999999996,400,1.9990931321949825,26.666341944121818,99.51092131980202,10
B_handtuned_flc_fault_aware,dense,fault_bias,bias,,47,837206,False,True,False,False,22.000000000000004,400,1.5309277209130063,17.26355107000086,97.05964902008155,11
B_handtuned_flc_fault_aware,dense,fault_bias,bias,,48,834851,False,True,False,False,104.00000000000001,400,2.5886880959789447,4.006527533474003,26.19351054438808,52
B_handtuned_flc_fault_aware,dense,fault_bias,bias,,49,457512,False,True,False,False,84.0,400,2.5317571426976437,12.256963424714636,92.02383975552303,42
B_handtuned_flc_fault_aware,dense,fault_stale,stale,,0,404653,False,True,False,False,108.0,400,2.366460497057147,3.210637621552635,34.474374778260206,54
B_handtuned_flc_fault_aware,dense,fault_stale,stale,,1,215753,False,True,False,False,110.0,400,3.063072574633342,5.323546024006458,81.10909250317245,55
B_handtuned_flc_fault_aware,dense,fault_stale,stale,,2,944924,False,True,False,False,15.999999999999998,400,2.986238899792323,25.77,103.5354006404494,8
B_handtuned_flc_fault_aware,dense,fault_stale,stale,,3,12413,False,True,False,False,288.0,400,2.5128358538480806,5.745497318797653,45.83536330915805,144
B_handtuned_flc_fault_aware,dense,fault_stale,stale,,4,839153,False,True,False,False,98.0,400,1.7014388647462297,5.693115374966802,23.83773787263145,49
B_handtuned_flc_fault_aware,dense,fault_stale,stale,,5,26206,False,True,False,False,142.0,400,1.8629854108537232,5.686977540102332,91.05731412967035,71
B_handtuned_flc_fault_aware,dense,fault_stale,stale,,6,85702,False,True,False,False,104.0,400,1.8505605917626438,3.8476574045040763,75.9605588380259,52
B_handtuned_flc_fault_aware,dense,fault_stale,stale,,7,720542,False,True,False,False,72.0,400,2.1462580169848633,3.961322123549806,53.361279829148884,36
B_handtuned_flc_fault_aware,dense,fault_stale,stale,,8,43194,False,True,False,False,134.00000000000003,400,1.9612116117748744,5.190418701607335,14.409134248550057,67
B_handtuned_flc_fault_aware,dense,fault_stale,stale,,9,76840,False,True,False,False,28.000000000000007,400,3.127151581262199,31.927443685898606,91.5611944912947,14
B_handtuned_flc_fault_aware,dense,fault_stale,stale,,10,827195,False,True,False,False,68.0,400,2.770652702475153,8.709744614949127,63.56956173887211,34
B_handtuned_flc_fault_aware,dense,fault_stale,stale,,11,891107,False,True,False,False,198.0,400,2.2017087681085843,5.706018688897017,70.35726394165918,99
B_handtuned_flc_fault_aware,dense,fault_stale,stale,,12,419585,False,True,False,False,98.0,400,2.496884106121106,5.331151032543481,52.44452819734007,49
B_handtuned_flc_fault_aware,dense,fault_stale,stale,,13,197278,False,True,False,False,128.0,400,2.9845378064436225,5.288881806534508,6.902651887849587,64
B_handtuned_flc_fault_aware,dense,fault_stale,stale,,14,662269,False,True,False,False,76.0,400,1.9518409739241658,3.6121475085794326,47.74860912050491,38
B_handtuned_flc_fault_aware,dense,fault_stale,stale,,15,666954,False,True,False,False,25.999999999999996,400,2.457000010806659,18.070424320019946,95.00638252046008,13
B_handtuned_flc_fault_aware,dense,fault_stale,stale,,16,764983,False,True,False,False,28.000000000000004,400,2.9741103595342446,22.060182647996072,92.99733595277469,14
B_handtuned_flc_fault_aware,dense,fault_stale,stale,,17,888532,False,True,False,False,18.0,400,2.8743269901700184,13.315636990409127,100.82175936895231,9
B_handtuned_flc_fault_aware,dense,fault_stale,stale,,18,155719,False,True,False,False,41.99999999999999,400,2.5460488246916797,10.438754925614951,79.71976175516353,21
B_handtuned_flc_fault_aware,dense,fault_stale,stale,,19,579943,True,False,False,False,121.99999999999996,61,1.9177016592067067,7.199140909245182,2.7901711211453497,61
B_handtuned_flc_fault_aware,dense,fault_stale,stale,,20,727353,False,True,False,False,70.0,400,1.93876672839986,9.248246719282568,58.779222408336615,35
B_handtuned_flc_fault_aware,dense,fault_stale,stale,,21,6151,False,True,False,False,34.00000000000001,400,2.141206115812063,19.212435823521282,85.22927218674455,17
B_handtuned_flc_fault_aware,dense,fault_stale,stale,,22,710788,False,True,False,False,84.0,400,2.7753340095191836,4.292617501878528,36.006462070428704,42
B_handtuned_flc_fault_aware,dense,fault_stale,stale,,23,138531,False,True,False,False,76.0,400,3.043798062560968,3.899536643236314,57.717951954568065,38
B_handtuned_flc_fault_aware,dense,fault_stale,stale,,24,281206,False,True,False,False,128.0,400,1.7125416695650673,6.646432965058087,7.294988897737637,64
B_handtuned_flc_fault_aware,dense,fault_stale,stale,,25,90320,False,True,False,False,82.00000000000001,400,2.816184294824811,7.12895198312867,50.21986292915694,41
B_handtuned_flc_fault_aware,dense,fault_stale,stale,,26,473688,False,True,False,False,60.0,400,2.825666461576617,4.768223214759252,62.473643866727116,30
B_handtuned_flc_fault_aware,dense,fault_stale,stale,,27,950752,False,True,False,False,28.000000000000004,400,3.013876312388343,7.5100877837747975,92.68901976938658,14
B_handtuned_flc_fault_aware,dense,fault_stale,stale,,28,974050,False,True,False,False,122.0,400,1.8336390356298005,10.699959737882763,19.715707123632626,61
B_handtuned_flc_fault_aware,dense,fault_stale,stale,,29,162968,False,True,False,False,56.00000000000001,400,2.539582071484677,3.8591391243019024,63.09116230846017,28
B_handtuned_flc_fault_aware,dense,fault_stale,stale,,30,247501,False,True,False,False,374.00000000000006,400,2.4763749555857757,5.940769163210378,40.062809934904486,187
B_handtuned_flc_fault_aware,dense,fault_stale,stale,,31,611736,False,True,False,False,66.0,400,1.920630266830881,4.792602467512319,67.08121110929004,33
B_handtuned_flc_fault_aware,dense,fault_stale,stale,,32,202663,False,True,False,False,14.000000000000004,400,1.7739779148291364,3.754421510013961,104.93382941135994,7
B_handtuned_flc_fault_aware,dense,fault_stale,stale,,33,749349,False,True,False,False,172.0,400,3.0321397823828815,4.580615595343811,46.924388899812264,86
B_handtuned_flc_fault_aware,dense,fault_stale,stale,,34,67944,False,True,False,False,104.0,400,2.331332940497265,6.641471680815921,35.538203916162395,52
B_handtuned_flc_fault_aware,dense,fault_stale,stale,,35,667972,False,True,False,False,50.0,400,1.5937549607404102,6.599948119185556,70.08606459970441,25
B_handtuned_flc_fault_aware,dense,fault_stale,stale,,36,284085,False,True,False,False,29.99999999999999,400,3.72152636938062,7.3396049944784805,92.77405821382317,15
B_handtuned_flc_fault_aware,dense,fault_stale,stale,,37,56648,False,True,False,False,67.99999999999999,400,2.551342060751723,2.7378564562796917,56.80475674210495,34
B_handtuned_flc_fault_aware,dense,fault_stale,stale,,38,883846,False,True,False,False,223.99999999999997,400,2.3020679717315473,4.82392194382827,91.61378487901898,112
B_handtuned_flc_fault_aware,dense,fault_stale,stale,,39,542999,False,True,False,False,36.0,400,2.7608507285239234,15.874956472303248,83.27641592472595,18
B_handtuned_flc_fault_aware,dense,fault_stale,stale,,40,876790,False,True,False,False,66.0,400,3.5147133149098653,2.997319744476149,53.62988036212581,33
B_handtuned_flc_fault_aware,dense,fault_stale,stale,,41,864562,False,True,False,False,38.0,400,2.2231238288920494,12.882528551565647,82.54304123712186,19
B_handtuned_flc_fault_aware,dense,fault_stale,stale,,42,110485,False,True,False,False,134.0,400,1.8080168204409008,4.062678503123077,82.78337151678029,67
B_handtuned_flc_fault_aware,dense,fault_stale,stale,,43,8300,False,True,False,False,102.0,400,1.9786907717097229,11.498969241406057,58.714580963911104,51
B_handtuned_flc_fault_aware,dense,fault_stale,stale,,44,503793,False,True,False,False,117.99999999999999,400,2.591374697225617,9.149976086907106,91.18849891615335,59
B_handtuned_flc_fault_aware,dense,fault_stale,stale,,45,352372,False,True,False,False,110.0,400,2.9228806682769415,11.76561546486903,26.340668742101577,55
B_handtuned_flc_fault_aware,dense,fault_stale,stale,,46,454845,False,True,False,False,19.999999999999996,400,1.9990931321949825,26.666341944121818,99.51092131980202,10
B_handtuned_flc_fault_aware,dense,fault_stale,stale,,47,837206,False,True,False,False,22.000000000000004,400,1.5309277209130063,17.26355107000086,97.05964902008155,11
B_handtuned_flc_fault_aware,dense,fault_stale,stale,,48,834851,False,True,False,False,104.00000000000001,400,1.5812900389347089,4.350358626944466,26.09128593274651,52
B_handtuned_flc_fault_aware,dense,fault_stale,stale,,49,457512,False,True,False,False,102.0,400,2.7343702477700007,11.895728200855949,49.21678784245427,51
B_handtuned_flc_fault_aware,dense,fault_noise_spike_sev1,noise_spike,12.0,0,404653,False,True,False,False,278.0,400,1.9033985454711213,4.259622693663776,97.32356354021577,139
B_handtuned_flc_fault_aware,dense,fault_noise_spike_sev1,noise_spike,12.0,1,215753,False,True,False,False,108.0,400,3.063072574633342,5.936249586623459,90.87591703995095,54
B_handtuned_flc_fault_aware,dense,fault_noise_spike_sev1,noise_spike,12.0,2,944924,False,True,False,False,15.999999999999998,400,2.986238899792323,25.77,103.5354006404494,8
B_handtuned_flc_fault_aware,dense,fault_noise_spike_sev1,noise_spike,12.0,3,12413,False,True,False,False,108.00000000000001,400,2.354531759689869,6.553789463923721,91.78904881981963,54
B_handtuned_flc_fault_aware,dense,fault_noise_spike_sev1,noise_spike,12.0,4,839153,False,True,False,False,97.99999999999999,400,2.309587265784155,4.237529728455981,23.887111689717266,49
B_handtuned_flc_fault_aware,dense,fault_noise_spike_sev1,noise_spike,12.0,5,26206,False,True,False,False,92.00000000000003,400,4.4008894093489825,7.62585835185962,45.040443051955904,46
B_handtuned_flc_fault_aware,dense,fault_noise_spike_sev1,noise_spike,12.0,6,85702,False,True,False,False,106.00000000000001,400,3.054271772408121,4.635579058488228,75.1907665341477,53
B_handtuned_flc_fault_aware,dense,fault_noise_spike_sev1,noise_spike,12.0,7,720542,False,True,False,False,72.0,400,2.1462580169848633,3.961322123549806,53.361279829148884,36
B_handtuned_flc_fault_aware,dense,fault_noise_spike_sev1,noise_spike,12.0,8,43194,True,False,False,False,122.0,61,3.9479047148783204,6.093916761978126,2.3880212950662636,61
B_handtuned_flc_fault_aware,dense,fault_noise_spike_sev1,noise_spike,12.0,9,76840,False,True,False,False,28.000000000000007,400,3.127151581262199,31.927443685898606,91.5611944912947,14
B_handtuned_flc_fault_aware,dense,fault_noise_spike_sev1,noise_spike,12.0,10,827195,False,True,False,False,116.0,400,1.8994047879748275,7.117411066129773,91.57720489763294,58
B_handtuned_flc_fault_aware,dense,fault_noise_spike_sev1,noise_spike,12.0,11,891107,False,True,False,False,184.0,400,2.454884374191762,4.738207212506055,51.16439503564868,92
B_handtuned_flc_fault_aware,dense,fault_noise_spike_sev1,noise_spike,12.0,12,419585,False,True,False,False,96.0,400,3.1057676971367383,6.343342606118914,64.22946884126591,48
B_handtuned_flc_fault_aware,dense,fault_noise_spike_sev1,noise_spike,12.0,13,197278,False,True,False,False,129.99999999999997,400,2.070805099340569,7.513623077915724,7.63454805917642,65
B_handtuned_flc_fault_aware,dense,fault_noise_spike_sev1,noise_spike,12.0,14,662269,False,True,False,False,109.99999999999999,400,2.243360989850228,9.65213085757887,30.627709723832645,55
B_handtuned_flc_fault_aware,dense,fault_noise_spike_sev1,noise_spike,12.0,15,666954,False,True,False,False,25.999999999999996,400,2.457000010806659,18.070424320019946,95.00638252046008,13
B_handtuned_flc_fault_aware,dense,fault_noise_spike_sev1,noise_spike,12.0,16,764983,False,True,False,False,28.000000000000004,400,2.9741103595342446,22.060182647996072,92.99733595277469,14
B_handtuned_flc_fault_aware,dense,fault_noise_spike_sev1,noise_spike,12.0,17,888532,False,True,False,False,18.0,400,2.8743269901700184,13.315636990409127,100.82175936895231,9
B_handtuned_flc_fault_aware,dense,fault_noise_spike_sev1,noise_spike,12.0,18,155719,False,True,False,False,41.99999999999999,400,2.5460488246916797,10.438754925614951,79.71976175516353,21
B_handtuned_flc_fault_aware,dense,fault_noise_spike_sev1,noise_spike,12.0,19,579943,True,False,False,False,120.00000000000001,60,5.068182897712596,7.884925920426907,2.554727588639241,60
B_handtuned_flc_fault_aware,dense,fault_noise_spike_sev1,noise_spike,12.0,20,727353,False,True,False,False,110.00000000000001,400,2.8704305854287524,6.303226858630282,91.13119246331397,55
B_handtuned_flc_fault_aware,dense,fault_noise_spike_sev1,noise_spike,12.0,21,6151,False,True,False,False,34.00000000000001,400,2.141206115812063,19.212435823521282,85.22927218674455,17
B_handtuned_flc_fault_aware,dense,fault_noise_spike_sev1,noise_spike,12.0,22,710788,False,True,False,False,110.0,400,2.714243796586373,9.315771163479088,32.97056629166256,55
B_handtuned_flc_fault_aware,dense,fault_noise_spike_sev1,noise_spike,12.0,23,138531,False,True,False,False,98.0,400,1.5797731071557157,4.536731726788293,61.41375153409469,49
B_handtuned_flc_fault_aware,dense,fault_noise_spike_sev1,noise_spike,12.0,24,281206,False,True,False,False,58.00000000000001,400,4.084720833219985,7.127788404697572,61.73921633492285,29
B_handtuned_flc_fault_aware,dense,fault_noise_spike_sev1,noise_spike,12.0,25,90320,False,True,False,False,82.00000000000001,400,2.2940198085373686,9.799253331339251,55.56499736743958,41
B_handtuned_flc_fault_aware,dense,fault_noise_spike_sev1,noise_spike,12.0,26,473688,False,True,False,False,114.0,400,3.6332325959808087,9.46356920479041,90.70940141853418,57
B_handtuned_flc_fault_aware,dense,fault_noise_spike_sev1,noise_spike,12.0,27,950752,False,True,False,False,28.000000000000004,400,3.013876312388343,7.5100877837747975,92.68901976938658,14
B_handtuned_flc_fault_aware,dense,fault_noise_spike_sev1,noise_spike,12.0,28,974050,False,True,False,False,114.0,400,2.0715651206085965,9.292570191932962,23.185764253838236,57
B_handtuned_flc_fault_aware,dense,fault_noise_spike_sev1,noise_spike,12.0,29,162968,True,False,False,False,122.0,61,3.0075729058336327,6.436477403932928,2.169860829666797,61
B_handtuned_flc_fault_aware,dense,fault_noise_spike_sev1,noise_spike,12.0,30,247501,True,False,False,False,132.0,66,3.889588834137492,4.422261257469231,2.796901050818037,66
B_handtuned_flc_fault_aware,dense,fault_noise_spike_sev1,noise_spike,12.0,31,611736,True,False,False,False,124.0,62,4.484072060031178,4.153890569851046,2.98375703126419,62
B_handtuned_flc_fault_aware,dense,fault_noise_spike_sev1,noise_spike,12.0,32,202663,False,True,False,False,14.000000000000004,400,1.7739779148291364,3.754421510013961,104.93382941135994,7
B_handtuned_flc_fault_aware,dense,fault_noise_spike_sev1,noise_spike,12.0,33,749349,False,False,True,False,800.0,400,2.339364423865948,5.695383294235346,94.31820270998405,400
B_handtuned_flc_fault_aware,dense,fault_noise_spike_sev1,noise_spike,12.0,34,67944,False,True,False,False,102.0,400,2.192343170631379,5.651786780078676,42.775650349475924,51
B_handtuned_flc_fault_aware,dense,fault_noise_spike_sev1,noise_spike,12.0,35,667972,False,True,False,False,64.0,400,2.2257260271937778,6.129011181236219,62.39427850825492,32
B_handtuned_flc_fault_aware,dense,fault_noise_spike_sev1,noise_spike,12.0,36,284085,False,True,False,False,29.99999999999999,400,3.72152636938062,7.3396049944784805,92.77405821382317,15
B_handtuned_flc_fault_aware,dense,fault_noise_spike_sev1,noise_spike,12.0,37,56648,False,True,False,False,91.99999999999999,400,1.6013403465944642,4.4240493370275695,31.856632516805636,46
B_handtuned_flc_fault_aware,dense,fault_noise_spike_sev1,noise_spike,12.0,38,883846,True,False,False,False,120.00000000000004,60,4.672883368239458,5.734441490211219,2.9118960818179245,60
B_handtuned_flc_fault_aware,dense,fault_noise_spike_sev1,noise_spike,12.0,39,542999,False,True,False,False,36.0,400,2.7608507285239234,12.379170562101493,83.58286322591391,18
B_handtuned_flc_fault_aware,dense,fault_noise_spike_sev1,noise_spike,12.0,40,876790,False,True,False,False,72.0,400,2.4085408685592893,4.057145985757892,49.725135288668824,36
B_handtuned_flc_fault_aware,dense,fault_noise_spike_sev1,noise_spike,12.0,41,864562,False,True,False,False,75.99999999999996,400,2.3216625685349035,8.511027868570995,43.37385990546277,38
B_handtuned_flc_fault_aware,dense,fault_noise_spike_sev1,noise_spike,12.0,42,110485,False,True,False,False,129.99999999999997,400,1.851861451873222,4.189358040345732,91.67871002248495,65
B_handtuned_flc_fault_aware,dense,fault_noise_spike_sev1,noise_spike,12.0,43,8300,False,True,False,False,160.0,400,1.5735321315116577,9.750706690935226,14.88055683624178,80
B_handtuned_flc_fault_aware,dense,fault_noise_spike_sev1,noise_spike,12.0,44,503793,False,True,False,False,71.99999999999999,400,3.195782525639635,9.91686933500015,60.72814029198458,36
B_handtuned_flc_fault_aware,dense,fault_noise_spike_sev1,noise_spike,12.0,45,352372,False,True,False,False,122.00000000000003,400,1.8607962994922966,11.052711957334811,10.489847755200218,61
B_handtuned_flc_fault_aware,dense,fault_noise_spike_sev1,noise_spike,12.0,46,454845,False,True,False,False,19.999999999999996,400,1.9990931321949825,26.666341944121818,99.51092131980202,10
B_handtuned_flc_fault_aware,dense,fault_noise_spike_sev1,noise_spike,12.0,47,837206,False,True,False,False,22.000000000000004,400,1.5309277209130063,17.26355107000086,97.05964902008155,11
B_handtuned_flc_fault_aware,dense,fault_noise_spike_sev1,noise_spike,12.0,48,834851,False,True,False,False,104.00000000000001,400,2.639263345245655,3.8878560170842134,26.145364795744964,52
B_handtuned_flc_fault_aware,dense,fault_noise_spike_sev1,noise_spike,12.0,49,457512,False,True,False,False,120.00000000000001,400,2.4510938186527933,8.437463169310154,28.743944861815457,60
B_handtuned_flc_fault_aware,dense,fault_noise_spike_sev2,noise_spike,30.0,0,404653,False,True,False,False,274.0,400,2.5556022829569423,5.068648808896958,74.85395164871717,137
B_handtuned_flc_fault_aware,dense,fault_noise_spike_sev2,noise_spike,30.0,1,215753,False,True,False,False,112.0,400,2.2101359500929942,9.218373232393946,91.32287675569118,56
B_handtuned_flc_fault_aware,dense,fault_noise_spike_sev2,noise_spike,30.0,2,944924,False,True,False,False,15.999999999999998,400,2.986238899792323,25.77,103.5354006404494,8
B_handtuned_flc_fault_aware,dense,fault_noise_spike_sev2,noise_spike,30.0,3,12413,False,True,False,False,100.00000000000001,400,2.0002764881766617,6.0905568688816425,79.85884193767927,50
B_handtuned_flc_fault_aware,dense,fault_noise_spike_sev2,noise_spike,30.0,4,839153,True,False,False,False,118.0,59,3.808326721388673,4.512138661983643,2.6386444076892253,59
B_handtuned_flc_fault_aware,dense,fault_noise_spike_sev2,noise_spike,30.0,5,26206,False,True,False,False,82.0,400,2.556521497040377,10.14152339654525,46.45248600714545,41
B_handtuned_flc_fault_aware,dense,fault_noise_spike_sev2,noise_spike,30.0,6,85702,False,True,False,False,104.00000000000001,400,1.9370591668640373,4.698269648153614,70.84275420427855,52
B_handtuned_flc_fault_aware,dense,fault_noise_spike_sev2,noise_spike,30.0,7,720542,False,True,False,False,72.0,400,2.1462580169848633,3.961322123549806,53.361279829148884,36
B_handtuned_flc_fault_aware,dense,fault_noise_spike_sev2,noise_spike,30.0,8,43194,True,False,False,False,122.0,61,2.641020374712351,8.774282592438338,3.419015586462562,61
B_handtuned_flc_fault_aware,dense,fault_noise_spike_sev2,noise_spike,30.0,9,76840,False,True,False,False,28.000000000000007,400,3.127151581262199,31.927443685898606,91.5611944912947,14
B_handtuned_flc_fault_aware,dense,fault_noise_spike_sev2,noise_spike,30.0,10,827195,False,True,False,False,68.0,400,2.4326662605639324,13.711552995936536,61.163511443868614,34
B_handtuned_flc_fault_aware,dense,fault_noise_spike_sev2,noise_spike,30.0,11,891107,False,True,False,False,124.0,400,2.267696351908029,5.550171568406643,20.236435252000543,62
B_handtuned_flc_fault_aware,dense,fault_noise_spike_sev2,noise_spike,30.0,12,419585,False,True,False,False,98.0,400,2.525910081323294,7.504502828803064,73.17660619669172,49
B_handtuned_flc_fault_aware,dense,fault_noise_spike_sev2,noise_spike,30.0,13,197278,False,True,False,False,126.0,400,1.66733835186386,7.345750256590156,7.759145342497142,63
B_handtuned_flc_fault_aware,dense,fault_noise_spike_sev2,noise_spike,30.0,14,662269,False,True,False,False,77.99999999999997,400,3.023424129714264,11.506409466059157,59.85565733567854,39
B_handtuned_flc_fault_aware,dense,fault_noise_spike_sev2,noise_spike,30.0,15,666954,False,True,False,False,25.999999999999996,400,2.457000010806659,18.070424320019946,95.00638252046008,13
B_handtuned_flc_fault_aware,dense,fault_noise_spike_sev2,noise_spike,30.0,16,764983,False,True,False,False,28.000000000000004,400,2.9741103595342446,22.060182647996072,92.99733595277469,14
B_handtuned_flc_fault_aware,dense,fault_noise_spike_sev2,noise_spike,30.0,17,888532,False,True,False,False,18.0,400,2.8743269901700184,13.315636990409127,100.82175936895231,9
B_handtuned_flc_fault_aware,dense,fault_noise_spike_sev2,noise_spike,30.0,18,155719,False,True,False,False,41.99999999999999,400,2.5460488246916797,10.438754925614951,79.71976175516353,21
B_handtuned_flc_fault_aware,dense,fault_noise_spike_sev2,noise_spike,30.0,19,579943,False,True,False,False,98.0,400,2.960400401306212,8.170781716490461,28.380721421584003,49
B_handtuned_flc_fault_aware,dense,fault_noise_spike_sev2,noise_spike,30.0,20,727353,False,True,False,False,58.000000000000014,400,1.91608214194298,8.995682272790917,65.38122750439791,29
B_handtuned_flc_fault_aware,dense,fault_noise_spike_sev2,noise_spike,30.0,21,6151,False,True,False,False,34.00000000000001,400,2.141206115812063,19.212435823521282,85.22927218674455,17
B_handtuned_flc_fault_aware,dense,fault_noise_spike_sev2,noise_spike,30.0,22,710788,False,True,False,False,120.00000000000006,400,2.311643452499307,7.180725129258031,22.563021221332562,60
B_handtuned_flc_fault_aware,dense,fault_noise_spike_sev2,noise_spike,30.0,23,138531,False,True,False,False,98.0,400,3.1529461404609913,6.290821038986568,72.96198128937223,49
B_handtuned_flc_fault_aware,dense,fault_noise_spike_sev2,noise_spike,30.0,24,281206,False,True,False,False,88.00000000000001,400,2.523096166040641,5.865453313710886,46.26844565200646,44
B_handtuned_flc_fault_aware,dense,fault_noise_spike_sev2,noise_spike,30.0,25,90320,False,True,False,False,104.00000000000001,400,1.5785620065855785,9.505817353035747,72.7406636320023,52
B_handtuned_flc_fault_aware,dense,fault_noise_spike_sev2,noise_spike,30.0,26,473688,False,True,False,False,112.0,400,1.7158179139967016,7.409896260496102,89.08352966185842,56
B_handtuned_flc_fault_aware,dense,fault_noise_spike_sev2,noise_spike,30.0,27,950752,False,True,False,False,28.000000000000004,400,3.013876312388343,7.5100877837747975,92.68901976938658,14
B_handtuned_flc_fault_aware,dense,fault_noise_spike_sev2,noise_spike,30.0,28,974050,False,True,False,False,113.99999999999997,400,2.1327331030699517,8.376281107863234,21.97950814995103,57
B_handtuned_flc_fault_aware,dense,fault_noise_spike_sev2,noise_spike,30.0,29,162968,False,True,False,False,118.0,400,1.9147011260589624,6.94552226167998,65.70749316222499,59
B_handtuned_flc_fault_aware,dense,fault_noise_spike_sev2,noise_spike,30.0,30,247501,True,False,False,False,132.00000000000003,66,3.9367189993163283,5.861758094833798,3.7659320624036035,66
B_handtuned_flc_fault_aware,dense,fault_noise_spike_sev2,noise_spike,30.0,31,611736,False,True,False,False,84.00000000000001,400,2.347443848377806,5.153639778536579,42.04582892971464,42
B_handtuned_flc_fault_aware,dense,fault_noise_spike_sev2,noise_spike,30.0,32,202663,False,True,False,False,14.000000000000004,400,1.7739779148291364,3.754421510013961,104.93382941135994,7
B_handtuned_flc_fault_aware,dense,fault_noise_spike_sev2,noise_spike,30.0,33,749349,False,True,False,False,99.99999999999999,400,1.5449991611577758,5.3895173765966975,49.90699596338184,50
B_handtuned_flc_fault_aware,dense,fault_noise_spike_sev2,noise_spike,30.0,34,67944,False,True,False,False,40.0,400,1.9941047569986754,4.3098130459763215,79.8054152666811,20
B_handtuned_flc_fault_aware,dense,fault_noise_spike_sev2,noise_spike,30.0,35,667972,False,True,False,False,52.0,400,2.6176483261857157,4.908898326445893,68.68813107683249,26
B_handtuned_flc_fault_aware,dense,fault_noise_spike_sev2,noise_spike,30.0,36,284085,False,True,False,False,29.99999999999999,400,3.72152636938062,7.3396049944784805,92.77405821382317,15
B_handtuned_flc_fault_aware,dense,fault_noise_spike_sev2,noise_spike,30.0,37,56648,False,True,False,False,90.0,400,3.9261421168648094,4.8083967634489975,32.91435146103154,45
B_handtuned_flc_fault_aware,dense,fault_noise_spike_sev2,noise_spike,30.0,38,883846,True,False,False,False,118.00000000000003,59,4.672883368239458,4.618563472064103,3.6096676562865593,59
B_handtuned_flc_fault_aware,dense,fault_noise_spike_sev2,noise_spike,30.0,39,542999,False,True,False,False,36.0,400,2.7608507285239234,12.379170562101493,83.58286322591391,18
B_handtuned_flc_fault_aware,dense,fault_noise_spike_sev2,noise_spike,30.0,40,876790,False,True,False,False,78.0,400,3.371100022927023,11.099294365135908,70.92355442726729,39
B_handtuned_flc_fault_aware,dense,fault_noise_spike_sev2,noise_spike,30.0,41,864562,False,True,False,False,36.0,400,2.749486124881925,6.261473608814196,82.8420202354761,18
B_handtuned_flc_fault_aware,dense,fault_noise_spike_sev2,noise_spike,30.0,42,110485,False,True,False,False,88.0,400,1.7976841328889535,4.670856197321069,55.73904758508146,44
B_handtuned_flc_fault_aware,dense,fault_noise_spike_sev2,noise_spike,30.0,43,8300,False,True,False,False,166.0,400,2.5015157865108413,11.436417170011763,13.709419175905765,83
B_handtuned_flc_fault_aware,dense,fault_noise_spike_sev2,noise_spike,30.0,44,503793,False,True,False,False,71.99999999999999,400,3.2140804468452044,9.886768694667369,60.682874362620126,36
B_handtuned_flc_fault_aware,dense,fault_noise_spike_sev2,noise_spike,30.0,45,352372,False,True,False,False,98.00000000000001,400,2.3855098361621265,10.754081515982593,28.50024395773722,49
B_handtuned_flc_fault_aware,dense,fault_noise_spike_sev2,noise_spike,30.0,46,454845,False,True,False,False,19.999999999999996,400,1.9990931321949825,26.666341944121818,99.51092131980202,10
B_handtuned_flc_fault_aware,dense,fault_noise_spike_sev2,noise_spike,30.0,47,837206,False,True,False,False,22.000000000000004,400,1.5309277209130063,17.26355107000086,97.05964902008155,11
B_handtuned_flc_fault_aware,dense,fault_noise_spike_sev2,noise_spike,30.0,48,834851,False,True,False,False,104.00000000000001,400,2.0193337526151787,4.958822698769323,26.080741820302716,52
B_handtuned_flc_fault_aware,dense,fault_noise_spike_sev2,noise_spike,30.0,49,457512,False,True,False,False,72.0,400,1.7525505690464755,17.3713322048201,71.91084127017137,36
B_handtuned_flc_fault_aware,dense,fault_noise_spike_sev3,noise_spike,60.0,0,404653,False,True,False,False,116.0,400,1.853417134028548,8.116093020260774,27.19464333287605,58
B_handtuned_flc_fault_aware,dense,fault_noise_spike_sev3,noise_spike,60.0,1,215753,False,True,False,False,110.0,400,3.063072574633342,9.014277530927478,83.89960470205448,55
B_handtuned_flc_fault_aware,dense,fault_noise_spike_sev3,noise_spike,60.0,2,944924,False,True,False,False,15.999999999999998,400,2.986238899792323,25.77,103.5354006404494,8
B_handtuned_flc_fault_aware,dense,fault_noise_spike_sev3,noise_spike,60.0,3,12413,False,True,False,False,98.00000000000001,400,2.824145944895239,7.532772995976231,82.70146132447326,49
B_handtuned_flc_fault_aware,dense,fault_noise_spike_sev3,noise_spike,60.0,4,839153,False,True,False,False,96.00000000000001,400,2.0257249630597682,6.2629508516026915,27.312890451601067,48
B_handtuned_flc_fault_aware,dense,fault_noise_spike_sev3,noise_spike,60.0,5,26206,False,True,False,False,94.0,400,2.0343047610711578,11.216850017070046,44.48134809323788,47
B_handtuned_flc_fault_aware,dense,fault_noise_spike_sev3,noise_spike,60.0,6,85702,False,True,False,False,104.00000000000001,400,1.8441015321192498,6.135796500335939,71.39988409400897,52
B_handtuned_flc_fault_aware,dense,fault_noise_spike_sev3,noise_spike,60.0,7,720542,False,True,False,False,72.0,400,2.1462580169848633,3.961322123549806,53.361279829148884,36
B_handtuned_flc_fault_aware,dense,fault_noise_spike_sev3,noise_spike,60.0,8,43194,True,False,False,False,123.99999999999999,62,2.722283286993847,9.058853624390403,3.633747386023216,62
B_handtuned_flc_fault_aware,dense,fault_noise_spike_sev3,noise_spike,60.0,9,76840,False,True,False,False,28.000000000000007,400,3.127151581262199,31.927443685898606,91.5611944912947,14
B_handtuned_flc_fault_aware,dense,fault_noise_spike_sev3,noise_spike,60.0,10,827195,False,True,False,False,68.0,400,2.8053068195587647,10.44941268881679,59.19087369222617,34
B_handtuned_flc_fault_aware,dense,fault_noise_spike_sev3,noise_spike,60.0,11,891107,False,True,False,False,106.0,400,2.28580676439878,7.945720156715761,41.63880128907505,53
B_handtuned_flc_fault_aware,dense,fault_noise_spike_sev3,noise_spike,60.0,12,419585,False,True,False,False,96.0,400,2.5266155548119134,9.802962898829364,72.14568674980245,48
B_handtuned_flc_fault_aware,dense,fault_noise_spike_sev3,noise_spike,60.0,13,197278,False,True,False,False,126.00000000000004,400,1.6970491818028257,6.931500817353082,8.043149155439787,63
B_handtuned_flc_fault_aware,dense,fault_noise_spike_sev3,noise_spike,60.0,14,662269,False,True,False,False,100.0,400,1.924274563626824,11.256189471183848,37.286443446918966,50
B_handtuned_flc_fault_aware,dense,fault_noise_spike_sev3,noise_spike,60.0,15,666954,False,True,False,False,25.999999999999996,400,2.457000010806659,18.070424320019946,95.00638252046008,13
B_handtuned_flc_fault_aware,dense,fault_noise_spike_sev3,noise_spike,60.0,16,764983,False,True,False,False,28.000000000000004,400,2.9741103595342446,22.060182647996072,92.99733595277469,14
B_handtuned_flc_fault_aware,dense,fault_noise_spike_sev3,noise_spike,60.0,17,888532,False,True,False,False,18.0,400,2.8743269901700184,13.315636990409127,100.82175936895231,9
B_handtuned_flc_fault_aware,dense,fault_noise_spike_sev3,noise_spike,60.0,18,155719,False,True,False,False,41.99999999999999,400,2.5460488246916797,10.438754925614951,79.71976175516353,21
B_handtuned_flc_fault_aware,dense,fault_noise_spike_sev3,noise_spike,60.0,19,579943,False,True,False,False,98.0,400,4.507298728492837,9.074254924741512,29.442417501009963,49
B_handtuned_flc_fault_aware,dense,fault_noise_spike_sev3,noise_spike,60.0,20,727353,False,True,False,False,56.0,400,2.123948328067405,7.303566420870257,63.3237123855746,28
B_handtuned_flc_fault_aware,dense,fault_noise_spike_sev3,noise_spike,60.0,21,6151,False,True,False,False,34.00000000000001,400,2.141206115812063,19.212435823521282,85.22927218674455,17
B_handtuned_flc_fault_aware,dense,fault_noise_spike_sev3,noise_spike,60.0,22,710788,False,True,False,False,86.0,400,1.9079628391864414,7.426373847062325,35.92409003041926,43
B_handtuned_flc_fault_aware,dense,fault_noise_spike_sev3,noise_spike,60.0,23,138531,False,True,False,False,98.0,400,2.320937398404822,5.661560538817752,70.599520463345,49
B_handtuned_flc_fault_aware,dense,fault_noise_spike_sev3,noise_spike,60.0,24,281206,False,True,False,False,84.0,400,2.388858091023814,5.680355564557591,40.98279845273273,42
B_handtuned_flc_fault_aware,dense,fault_noise_spike_sev3,noise_spike,60.0,25,90320,False,True,False,False,82.00000000000001,400,3.1435260699718746,10.176477750004686,54.964087906634454,41
B_handtuned_flc_fault_aware,dense,fault_noise_spike_sev3,noise_spike,60.0,26,473688,False,True,False,False,61.99999999999999,400,2.295149939109035,14.931526671164265,59.90225775785754,31
B_handtuned_flc_fault_aware,dense,fault_noise_spike_sev3,noise_spike,60.0,27,950752,False,True,False,False,28.000000000000004,400,3.013876312388343,7.5100877837747975,92.68901976938658,14
B_handtuned_flc_fault_aware,dense,fault_noise_spike_sev3,noise_spike,60.0,28,974050,False,True,False,False,117.99999999999999,400,2.2571787377620605,8.491089754261012,17.42764297441999,59
B_handtuned_flc_fault_aware,dense,fault_noise_spike_sev3,noise_spike,60.0,29,162968,True,False,False,False,121.99999999999999,61,3.047848675946396,10.124880695183474,3.0063386191046155,61
B_handtuned_flc_fault_aware,dense,fault_noise_spike_sev3,noise_spike,60.0,30,247501,False,True,False,False,110.00000000000001,400,1.8245117803038606,7.2357758939643295,27.809789161016262,55
B_handtuned_flc_fault_aware,dense,fault_noise_spike_sev3,noise_spike,60.0,31,611736,False,True,False,False,84.0,400,2.238789281876116,5.011835449454993,42.22055911867831,42
B_handtuned_flc_fault_aware,dense,fault_noise_spike_sev3,noise_spike,60.0,32,202663,False,True,False,False,14.000000000000004,400,1.7739779148291364,3.754421510013961,104.93382941135994,7
B_handtuned_flc_fault_aware,dense,fault_noise_spike_sev3,noise_spike,60.0,33,749349,False,True,False,False,93.99999999999997,400,2.5565602667264318,10.22832855390554,72.05876218367307,47
B_handtuned_flc_fault_aware,dense,fault_noise_spike_sev3,noise_spike,60.0,34,67944,False,True,False,False,104.0,400,2.5068508161471974,7.343846035046722,36.791239448683825,52
B_handtuned_flc_fault_aware,dense,fault_noise_spike_sev3,noise_spike,60.0,35,667972,False,True,False,False,51.99999999999998,400,1.7905688161659121,5.562131404238865,66.98432143681879,26
B_handtuned_flc_fault_aware,dense,fault_noise_spike_sev3,noise_spike,60.0,36,284085,False,True,False,False,29.99999999999999,400,3.72152636938062,7.3396049944784805,92.77405821382317,15
B_handtuned_flc_fault_aware,dense,fault_noise_spike_sev3,noise_spike,60.0,37,56648,False,True,False,False,90.0,400,2.843701256631044,6.4478168799655755,32.10984374746051,45
B_handtuned_flc_fault_aware,dense,fault_noise_spike_sev3,noise_spike,60.0,38,883846,True,False,False,False,120.00000000000003,60,4.672883368239458,4.463991390758532,2.6200956766881838,60
B_handtuned_flc_fault_aware,dense,fault_noise_spike_sev3,noise_spike,60.0,39,542999,False,True,False,False,36.0,400,2.7608507285239234,12.379170562101493,83.58286322591391,18
B_handtuned_flc_fault_aware,dense,fault_noise_spike_sev3,noise_spike,60.0,40,876790,False,True,False,False,78.0,400,2.835251773223319,10.249216321234764,70.01091198400842,39
B_handtuned_flc_fault_aware,dense,fault_noise_spike_sev3,noise_spike,60.0,41,864562,False,True,False,False,54.0,400,2.2452110997752412,9.242686364862386,73.16246939181853,27
B_handtuned_flc_fault_aware,dense,fault_noise_spike_sev3,noise_spike,60.0,42,110485,False,True,False,False,86.0,400,2.6563982650023905,6.968465895727433,50.95575273455344,43
B_handtuned_flc_fault_aware,dense,fault_noise_spike_sev3,noise_spike,60.0,43,8300,False,True,False,False,164.0,400,2.730447330503634,10.178274383024013,14.334944374553352,82
B_handtuned_flc_fault_aware,dense,fault_noise_spike_sev3,noise_spike,60.0,44,503793,False,True,False,False,71.99999999999999,400,3.2799320640223844,9.839367498580764,60.58942684223618,36
B_handtuned_flc_fault_aware,dense,fault_noise_spike_sev3,noise_spike,60.0,45,352372,False,True,False,False,98.00000000000001,400,2.5684597797737863,10.705438764858323,28.441031991987426,49
B_handtuned_flc_fault_aware,dense,fault_noise_spike_sev3,noise_spike,60.0,46,454845,False,True,False,False,19.999999999999996,400,1.9990931321949825,26.666341944121818,99.51092131980202,10
B_handtuned_flc_fault_aware,dense,fault_noise_spike_sev3,noise_spike,60.0,47,837206,False,True,False,False,22.000000000000004,400,1.5309277209130063,17.26355107000086,97.05964902008155,11
B_handtuned_flc_fault_aware,dense,fault_noise_spike_sev3,noise_spike,60.0,48,834851,False,True,False,False,104.00000000000001,400,2.720719517322909,4.187866709280405,26.255745425397095,52
B_handtuned_flc_fault_aware,dense,fault_noise_spike_sev3,noise_spike,60.0,49,457512,False,True,False,False,69.99999999999999,400,3.075139468308249,19.401676291775203,76.43459780593244,35
D_nsga2_flc,sparse,clean,,,0,404653,False,True,False,False,230.0,400,2.8942650099285894,2.8604032003657833,62.67597822890191,115
D_nsga2_flc,sparse,clean,,,1,215753,False,True,False,False,104.0,400,1.7873808714878385,8.851291278993937,91.12806709545848,52
D_nsga2_flc,sparse,clean,,,2,944924,False,True,False,False,98.0,400,2.1053707738448537,5.304889165177932,91.15594527079367,49
D_nsga2_flc,sparse,clean,,,3,12413,False,False,True,False,800.0,400,3.480728846494697,4.488428360912156,90.07286873463595,400
D_nsga2_flc,sparse,clean,,,4,839153,False,False,True,False,799.9999999999999,400,3.07809653698199,3.0510958441094447,57.497056971562394,400
D_nsga2_flc,sparse,clean,,,5,26206,False,True,False,False,53.99999999999998,400,2.3656403139419426,5.267311663514736,84.54432054135368,27
D_nsga2_flc,sparse,clean,,,6,85702,False,False,True,False,800.0,400,4.3527086224283815,3.1648654426290235,72.43682400374851,400
D_nsga2_flc,sparse,clean,,,7,720542,False,True,False,False,106.0,400,2.06134342106048,2.937265062833663,47.06781609082946,53
D_nsga2_flc,sparse,clean,,,8,43194,False,False,True,False,800.0,400,2.2946013130081413,3.468155574292204,89.47408035691038,400
D_nsga2_flc,sparse,clean,,,9,76840,False,True,False,False,592.0,400,1.8231864797504858,4.759074892777008,25.865420351093157,296
D_nsga2_flc,sparse,clean,,,10,827195,False,True,False,False,562.0,400,2.011932327820653,3.301929663276288,84.8793211820393,281
D_nsga2_flc,sparse,clean,,,11,891107,False,True,False,False,113.99999999999996,400,2.509257484187748,4.371251685717925,53.73277582617241,57
D_nsga2_flc,sparse,clean,,,12,419585,False,True,False,False,216.0,400,1.6596052480592456,2.5861465765538374,74.32148053374328,108
D_nsga2_flc,sparse,clean,,,13,197278,False,True,False,False,48.000000000000014,400,2.503828903042349,3.9682405825092015,71.01461601641162,24
D_nsga2_flc,sparse,clean,,,14,662269,False,True,False,False,93.99999999999999,400,2.4994538707540976,4.772812599189269,91.19361482845954,47
D_nsga2_flc,sparse,clean,,,15,666954,False,True,False,False,23.999999999999996,400,1.575035892260809,15.274338079851603,97.80679372905855,12
D_nsga2_flc,sparse,clean,,,16,764983,False,False,True,False,800.0,400,2.1898238265573537,4.302534844097659,57.08001034988193,400
D_nsga2_flc,sparse,clean,,,17,888532,False,False,True,False,799.9999999999999,400,4.50402933616857,3.528174841654602,58.22999530722348,400
D_nsga2_flc,sparse,clean,,,18,155719,False,False,True,False,800.0,400,4.05932679205522,2.6605065918295243,47.241351325251244,400
D_nsga2_flc,sparse,clean,,,19,579943,False,True,False,False,114.0,400,2.1939639790975747,5.409146898235827,59.58730768029578,57
D_nsga2_flc,sparse,clean,,,20,727353,False,True,False,False,118.0,400,2.2121608634338936,4.494754794547052,14.705858824794277,59
D_nsga2_flc,sparse,clean,,,21,6151,False,True,False,False,92.0,400,1.6123781026225963,5.135962535137692,90.87826677562676,46
D_nsga2_flc,sparse,clean,,,22,710788,False,False,True,False,800.0,400,4.864713283293002,3.4077055239100282,65.4538869572944,400
D_nsga2_flc,sparse,clean,,,23,138531,False,True,False,False,68.0,400,2.434971080784965,7.191569167352412,85.96543619845984,34
D_nsga2_flc,sparse,clean,,,24,281206,False,True,False,False,98.0,400,2.6224119933262777,4.120522368943448,90.97462782627127,49
D_nsga2_flc,sparse,clean,,,25,90320,False,False,True,False,800.0,400,7.150177356488044,2.550191812594113,82.88275897293836,400
D_nsga2_flc,sparse,clean,,,26,473688,False,True,False,False,294.0,400,1.7408223520249306,3.0015930769344648,66.209696232009,147
D_nsga2_flc,sparse,clean,,,27,950752,False,True,False,False,25.999999999999996,400,1.8943989204031295,13.003766065145015,94.27406503793047,13
D_nsga2_flc,sparse,clean,,,28,974050,False,True,False,False,95.99999999999999,400,2.8743955712255245,4.7537872931885135,90.59085665955621,48
D_nsga2_flc,sparse,clean,,,29,162968,False,True,False,False,129.99999999999997,400,2.106936933884964,2.412685103972146,29.078352295759647,65
D_nsga2_flc,sparse,clean,,,30,247501,False,True,False,False,70.00000000000001,400,2.755258588207536,6.49524304810621,83.5537872524158,35
D_nsga2_flc,sparse,clean,,,31,611736,False,True,False,False,99.99999999999999,400,1.7866235879556598,6.754733509749689,91.79675566725984,50
D_nsga2_flc,sparse,clean,,,32,202663,False,True,False,False,102.00000000000001,400,1.5142663286761837,5.461608465121616,88.52017986341909,51
D_nsga2_flc,sparse,clean,,,33,749349,False,True,False,False,54.0,400,1.765971512694518,5.433660072700173,69.4565218724709,27
D_nsga2_flc,sparse,clean,,,34,67944,False,True,False,False,94.0,400,2.2004343812394045,9.052288352074116,90.63759921301336,47
D_nsga2_flc,sparse,clean,,,35,667972,False,True,False,False,386.0,400,3.202064988566425,3.306726914801557,93.6354014078002,193
D_nsga2_flc,sparse,clean,,,36,284085,False,True,False,False,82.0,400,2.356357262112031,4.372047291093345,38.36275782287064,41
D_nsga2_flc,sparse,clean,,,37,56648,False,True,False,False,106.00000000000001,400,2.443153107884537,3.5095946089397168,91.2882930317829,53
D_nsga2_flc,sparse,clean,,,38,883846,False,True,False,False,72.00000000000003,400,2.6351402657074994,4.23602514597671,73.90142629478142,36
D_nsga2_flc,sparse,clean,,,39,542999,False,True,False,False,46.0,400,2.45291686064217,16.91092143139399,79.05461082918572,23
D_nsga2_flc,sparse,clean,,,40,876790,True,False,False,False,138.0,69,4.787615927684678,3.8759634892204047,3.6170286373265554,69
D_nsga2_flc,sparse,clean,,,41,864562,False,True,False,False,44.0,400,2.121826858085118,10.320310529957867,84.38613825542896,22
D_nsga2_flc,sparse,clean,,,42,110485,False,True,False,False,134.0,400,1.8642772749508796,5.949539743437864,90.15674328269665,67
D_nsga2_flc,sparse,clean,,,43,8300,False,True,False,False,106.0,400,1.9514518662392106,5.575978757241435,91.35193435561327,53
D_nsga2_flc,sparse,clean,,,44,503793,False,True,False,False,98.0,400,2.0215689662453884,5.21308622183914,94.86833604557683,49
D_nsga2_flc,sparse,clean,,,45,352372,False,True,False,False,412.0,400,2.308344690172748,3.931209785675601,25.28231528444417,206
D_nsga2_flc,sparse,clean,,,46,454845,False,True,False,False,638.0,400,1.5261693863301249,2.9038033093143465,42.33194816442045,319
D_nsga2_flc,sparse,clean,,,47,837206,False,False,True,False,800.0,400,3.631355438619116,2.893134386883666,50.13922687740981,400
D_nsga2_flc,sparse,clean,,,48,834851,False,True,False,False,92.00000000000001,400,2.1288878219437097,6.165045237139794,90.85470429552522,46
D_nsga2_flc,sparse,clean,,,49,457512,False,True,False,False,94.0,400,1.6733785867885305,9.481623807874012,90.8631282224602,47
D_nsga2_flc,sparse,fault_dropout,dropout,,0,404653,False,True,False,False,246.0,400,1.7289842267855275,2.190065966059674,60.19257730830635,123
D_nsga2_flc,sparse,fault_dropout,dropout,,1,215753,False,True,False,False,106.0,400,1.7827465496119028,7.080851941140731,91.74142876777505,53
D_nsga2_flc,sparse,fault_dropout,dropout,,2,944924,False,True,False,False,80.0,400,2.1820938129398075,7.397419570639798,91.48504769740892,40
D_nsga2_flc,sparse,fault_dropout,dropout,,3,12413,False,True,False,False,55.99999999999999,400,1.8781646568849333,4.121448068873159,70.67245438671165,28
D_nsga2_flc,sparse,fault_dropout,dropout,,4,839153,False,True,False,False,131.99999999999997,400,2.822953797053635,2.692311148827232,72.11841088811389,66
D_nsga2_flc,sparse,fault_dropout,dropout,,5,26206,False,True,False,False,65.99999999999999,400,1.9469574427788279,2.842142910919357,102.34150697243457,33
D_nsga2_flc,sparse,fault_dropout,dropout,,6,85702,False,False,True,False,800.0,400,2.265945071218671,2.8106721441872646,74.26100784493276,400
D_nsga2_flc,sparse,fault_dropout,dropout,,7,720542,False,True,False,False,105.99999999999999,400,2.057873086920278,2.0628536951451646,32.4113344890905,53
D_nsga2_flc,sparse,fault_dropout,dropout,,8,43194,False,False,True,False,800.0,400,4.808371563907398,3.5267599255867346,87.17946461644824,400
D_nsga2_flc,sparse,fault_dropout,dropout,,9,76840,False,True,False,False,98.0,400,2.1584618000567373,4.8883295456912235,70.75635869125065,49
D_nsga2_flc,sparse,fault_dropout,dropout,,10,827195,True,False,False,False,131.99999999999997,66,4.5833889916149895,3.4188405524700074,3.3867883959200755,66
D_nsga2_flc,sparse,fault_dropout,dropout,,11,891107,False,True,False,False,111.99999999999996,400,1.7308866990746752,3.0773542377145904,54.796306668065235,56
D_nsga2_flc,sparse,fault_dropout,dropout,,12,419585,False,True,False,False,348.0,400,2.10323622410793,1.6689748028510736,73.46166535859263,174
D_nsga2_flc,sparse,fault_dropout,dropout,,13,197278,False,True,False,False,118.00000000000003,400,2.8044938135041124,3.5332445734474915,16.716240119776458,59
D_nsga2_flc,sparse,fault_dropout,dropout,,14,662269,False,True,False,False,97.99999999999999,400,2.5370711388588485,2.3161095779954763,83.73535603951147,49
D_nsga2_flc,sparse,fault_dropout,dropout,,15,666954,False,True,False,False,23.999999999999996,400,1.575035892260809,15.274338079851603,97.80679372905855,12
D_nsga2_flc,sparse,fault_dropout,dropout,,16,764983,False,True,False,False,46.0,400,2.402348310130077,5.450516419969066,73.26871490583352,23
D_nsga2_flc,sparse,fault_dropout,dropout,,17,888532,False,False,True,False,799.9999999999999,400,4.4733917909770575,3.221668272645349,48.70676836932331,400
D_nsga2_flc,sparse,fault_dropout,dropout,,18,155719,False,True,False,False,82.00000000000001,400,2.6364190753792403,2.0245734985206894,43.691538784121796,41
D_nsga2_flc,sparse,fault_dropout,dropout,,19,579943,False,False,True,False,800.0,400,2.798812891144587,4.041453886150751,89.88109842784421,400
D_nsga2_flc,sparse,fault_dropout,dropout,,20,727353,False,True,False,False,232.00000000000003,400,3.028308070049964,3.611050576619426,43.64131001459035,116
D_nsga2_flc,sparse,fault_dropout,dropout,,21,6151,False,True,False,False,74.0,400,2.0768621854269367,3.4757908753603517,81.00303391344605,37
D_nsga2_flc,sparse,fault_dropout,dropout,,22,710788,False,True,False,False,82.0,400,1.9176223558766652,3.988200284627349,38.788499338928865,41
D_nsga2_flc,sparse,fault_dropout,dropout,,23,138531,False,True,False,False,68.0,400,2.6405825597363273,6.225437276809625,80.45555589601663,34
D_nsga2_flc,sparse,fault_dropout,dropout,,24,281206,False,True,False,False,94.0,400,2.721762656003127,3.1878084086225704,93.54121476224296,47
D_nsga2_flc,sparse,fault_dropout,dropout,,25,90320,False,True,False,False,138.0,400,1.839030051381304,1.5533218867883876,91.51610396300626,69
D_nsga2_flc,sparse,fault_dropout,dropout,,26,473688,False,True,False,False,127.99999999999997,400,1.8105338954844643,1.9940654675701852,32.18593780816774,64
D_nsga2_flc,sparse,fault_dropout,dropout,,27,950752,False,True,False,False,25.999999999999996,400,1.8943989204031295,13.003766065145015,94.27406503793047,13
D_nsga2_flc,sparse,fault_dropout,dropout,,28,974050,False,True,False,False,94.00000000000001,400,1.7933433293911494,3.8960689354525,90.80838524541011,47
D_nsga2_flc,sparse,fault_dropout,dropout,,29,162968,False,True,False,False,138.0,400,1.8936725853407779,4.053181358119031,23.98536091477406,69
D_nsga2_flc,sparse,fault_dropout,dropout,,30,247501,False,True,False,False,70.00000000000001,400,2.755258588207536,6.49524304810621,83.5537872524158,35
D_nsga2_flc,sparse,fault_dropout,dropout,,31,611736,False,True,False,False,82.00000000000001,400,1.9096515968886572,4.152587919445014,71.04167663903392,41
D_nsga2_flc,sparse,fault_dropout,dropout,,32,202663,False,True,False,False,96.00000000000001,400,2.7133350070289723,4.320458994191717,91.30477536526656,48
D_nsga2_flc,sparse,fault_dropout,dropout,,33,749349,False,True,False,False,74.0,400,2.593869528861129,3.1186949383882596,75.79889301452768,37
D_nsga2_flc,sparse,fault_dropout,dropout,,34,67944,False,True,False,False,96.0,400,3.381520885249364,3.648306152430482,35.105759638150104,48
D_nsga2_flc,sparse,fault_dropout,dropout,,35,667972,False,True,False,False,84.0,400,1.9819161922143713,2.6362211610460684,67.6312335446229,42
D_nsga2_flc,sparse,fault_dropout,dropout,,36,284085,True,False,False,False,122.0,61,3.1625363986195025,2.4870401062285343,3.7451530352497118,61
D_nsga2_flc,sparse,fault_dropout,dropout,,37,56648,False,True,False,False,84.0,400,2.0314240422567345,3.1221217561996264,79.19728430899326,42
D_nsga2_flc,sparse,fault_dropout,dropout,,38,883846,False,True,False,False,146.00000000000003,400,1.6272586193217788,3.6900889448313694,10.77309763981661,73
D_nsga2_flc,sparse,fault_dropout,dropout,,39,542999,False,True,False,False,76.0,400,2.65961014711241,7.12381062320257,96.74755685556018,38
D_nsga2_flc,sparse,fault_dropout,dropout,,40,876790,False,True,False,False,148.0,400,2.760845168337754,2.874373577812234,11.63236417905924,74
D_nsga2_flc,sparse,fault_dropout,dropout,,41,864562,False,True,False,False,38.0,400,2.278618454266022,3.7570016509584137,83.01832345275811,19
D_nsga2_flc,sparse,fault_dropout,dropout,,42,110485,False,True,False,False,128.0,400,2.9715148464523153,2.435242140560892,80.54859697754762,64
D_nsga2_flc,sparse,fault_dropout,dropout,,43,8300,False,True,False,False,106.0,400,2.8383330092301176,5.798448168511549,89.59215728646156,53
D_nsga2_flc,sparse,fault_dropout,dropout,,44,503793,False,True,False,False,96.0,400,1.7459975107450378,4.098710816199644,92.4849311287837,48
D_nsga2_flc,sparse,fault_dropout,dropout,,45,352372,False,True,False,False,111.99999999999999,400,3.217762419516347,3.3366453228687214,39.808503504608424,56
D_nsga2_flc,sparse,fault_dropout,dropout,,46,454845,True,False,False,False,123.99999999999999,62,6.0245537850326505,1.5494800867312042,3.6469779922883268,62
D_nsga2_flc,sparse,fault_dropout,dropout,,47,837206,False,False,True,False,800.0,400,3.631355438619116,2.893134386883666,50.13922687740981,400
D_nsga2_flc,sparse,fault_dropout,dropout,,48,834851,False,True,False,False,96.00000000000001,400,1.9127324567474373,5.255291545002795,88.98605921217018,48
D_nsga2_flc,sparse,fault_dropout,dropout,,49,457512,False,True,False,False,88.00000000000001,400,2.1880459926851437,7.986997075964467,91.10723287077349,44
D_nsga2_flc,sparse,fault_bias,bias,,0,404653,False,True,False,False,92.0,400,3.1227548794405116,40.15988119386497,61.10918757972845,46
D_nsga2_flc,sparse,fault_bias,bias,,1,215753,False,True,False,False,106.0,400,3.479104192449634,7.466339134529931,85.92509090108248,53
D_nsga2_flc,sparse,fault_bias,bias,,2,944924,False,True,False,False,96.00000000000001,400,2.084922157687156,4.290384717817864,75.5307239837529,48
D_nsga2_flc,sparse,fault_bias,bias,,3,12413,False,True,False,False,55.99999999999999,400,1.8781646568849333,4.121448068873159,70.67245438671165,28
D_nsga2_flc,sparse,fault_bias,bias,,4,839153,True,False,False,False,125.99999999999999,63,7.72238128347442,3.3541226356188107,3.9570411427303167,63
D_nsga2_flc,sparse,fault_bias,bias,,5,26206,False,True,False,False,65.99999999999999,400,1.9445275911691162,2.8425188031610618,102.34275225432178,33
D_nsga2_flc,sparse,fault_bias,bias,,6,85702,False,True,False,False,258.0,400,2.950647540197957,1.9710328939233137,27.555560918330457,129
D_nsga2_flc,sparse,fault_bias,bias,,7,720542,False,True,False,False,111.99999999999999,400,1.8223582633526332,2.122540327576516,22.786517895114436,56
D_nsga2_flc,sparse,fault_bias,bias,,8,43194,False,False,True,False,800.0,400,6.428032392219927,39.195259237120815,85.9428401790222,400
D_nsga2_flc,sparse,fault_bias,bias,,9,76840,False,True,False,False,90.0,400,1.9561889219278412,8.989885825903539,42.39907050279901,45
D_nsga2_flc,sparse,fault_bias,bias,,10,827195,False,True,False,False,276.0,400,1.9976347199148734,19.431497802204262,128.73962282724153,138
D_nsga2_flc,sparse,fault_bias,bias,,11,891107,False,True,False,False,111.99999999999996,400,1.7308866990746752,3.0773542377145904,54.796306668065235,56
D_nsga2_flc,sparse,fault_bias,bias,,12,419585,False,True,False,False,84.0,400,3.5168293120727796,1.3231835410662531,37.933978190388665,42
D_nsga2_flc,sparse,fault_bias,bias,,13,197278,False,True,False,False,46.000000000000014,400,2.2822502086641685,4.192039663654775,74.49982402286278,23
D_nsga2_flc,sparse,fault_bias,bias,,14,662269,False,False,True,False,800.0,400,5.110195424177385,38.64666330394075,65.77188612370682,400
D_nsga2_flc,sparse,fault_bias,bias,,15,666954,False,True,False,False,23.999999999999996,400,1.575035892260809,15.274338079851603,97.80679372905855,12
D_nsga2_flc,sparse,fault_bias,bias,,16,764983,False,True,False,False,154.0,400,2.0094270228119337,7.721197895975437,93.73158060130662,77
D_nsga2_flc,sparse,fault_bias,bias,,17,888532,False,True,False,False,274.0,400,1.868654350027451,2.748343605836848,40.94218627075698,137
D_nsga2_flc,sparse,fault_bias,bias,,18,155719,False,True,False,False,82.0,400,2.433777835667906,1.997315269721138,44.37862650962372,41
D_nsga2_flc,sparse,fault_bias,bias,,19,579943,False,True,False,False,44.0,400,2.504983708231026,10.194967644475843,75.35209391925002,22
D_nsga2_flc,sparse,fault_bias,bias,,20,727353,False,True,False,False,154.00000000000003,400,1.8033710046674827,9.611848385218439,94.90245855447805,77
D_nsga2_flc,sparse,fault_bias,bias,,21,6151,False,True,False,False,72.0,400,4.058432069883002,3.903184381733251,79.85304238034068,36
D_nsga2_flc,sparse,fault_bias,bias,,22,710788,False,True,False,False,82.0,400,1.9050788628038007,3.8157158483421405,38.82822488764995,41
D_nsga2_flc,sparse,fault_bias,bias,,23,138531,False,True,False,False,70.0,400,2.228872347500167,11.844293865972565,75.8608220269139,35
D_nsga2_flc,sparse,fault_bias,bias,,24,281206,False,True,False,False,94.0,400,2.721762656003127,3.1878084086225704,93.54121476224296,47
D_nsga2_flc,sparse,fault_bias,bias,,25,90320,False,True,False,False,136.0,400,2.1869850093728522,1.5990419511199974,91.11144920749167,68
D_nsga2_flc,sparse,fault_bias,bias,,26,473688,False,True,False,False,128.0,400,1.9018396278503185,1.9876224833214566,32.34713615233228,64
D_nsga2_flc,sparse,fault_bias,bias,,27,950752,False,True,False,False,25.999999999999996,400,1.8943989204031295,13.003766065145015,94.27406503793047,13
D_nsga2_flc,sparse,fault_bias,bias,,28,974050,False,True,False,False,88.0,400,2.5460586795013507,3.336926894524069,91.59445683064395,44
D_nsga2_flc,sparse,fault_bias,bias,,29,162968,True,False,False,False,544.0,272,2.793846621297262,16.580234299418983,3.487344973743149,272
D_nsga2_flc,sparse,fault_bias,bias,,30,247501,False,True,False,False,70.00000000000001,400,2.5004723048683486,7.7399329023759105,82.80747942200374,35
D_nsga2_flc,sparse,fault_bias,bias,,31,611736,False,True,False,False,92.00000000000001,400,1.6723182761803939,3.1395596068808946,92.43471039670143,46
D_nsga2_flc,sparse,fault_bias,bias,,32,202663,False,True,False,False,94.00000000000001,400,2.792359234800399,4.412383653642604,91.2688833425862,47
D_nsga2_flc,sparse,fault_bias,bias,,33,749349,False,True,False,False,74.0,400,2.593869528861129,3.1186949383882596,75.79889301452768,37
D_nsga2_flc,sparse,fault_bias,bias,,34,67944,False,True,False,False,85.99999999999999,400,2.8464938544747724,4.440542897098984,91.32440253625477,43
D_nsga2_flc,sparse,fault_bias,bias,,35,667972,False,True,False,False,84.0,400,1.9819161922143713,2.6362211610460684,67.6312335446229,42
D_nsga2_flc,sparse,fault_bias,bias,,36,284085,False,True,False,False,274.0,400,2.89105673782908,21.048202713041594,91.17148120414069,137
D_nsga2_flc,sparse,fault_bias,bias,,37,56648,False,True,False,False,84.0,400,2.0314240422567345,3.1221217561996264,79.19728430899326,42
D_nsga2_flc,sparse,fault_bias,bias,,38,883846,False,True,False,False,72.0,400,3.3585918865592403,4.3420853558819426,92.34854010581172,36
D_nsga2_flc,sparse,fault_bias,bias,,39,542999,False,True,False,False,76.0,400,2.65961014711241,7.12381062320257,96.74755685556018,38
D_nsga2_flc,sparse,fault_bias,bias,,40,876790,False,True,False,False,148.0,400,2.739529862190447,2.9567667528061214,11.640831478548693,74
D_nsga2_flc,sparse,fault_bias,bias,,41,864562,False,True,False,False,43.99999999999999,400,2.505451255444613,7.466870215820941,93.72958877328652,22
D_nsga2_flc,sparse,fault_bias,bias,,42,110485,False,True,False,False,128.0,400,2.9715148464523153,2.435242140560892,80.54859697754762,64
D_nsga2_flc,sparse,fault_bias,bias,,43,8300,False,True,False,False,104.0,400,1.7845171661619534,5.472946912282148,91.58651951239929,52
D_nsga2_flc,sparse,fault_bias,bias,,44,503793,False,True,False,False,98.00000000000001,400,1.5583334980462293,3.3152959997544618,92.80535509580601,49
D_nsga2_flc,sparse,fault_bias,bias,,45,352372,False,True,False,False,93.99999999999999,400,1.904427646142196,3.7398765686246267,26.68487859476979,47
D_nsga2_flc,sparse,fault_bias,bias,,46,454845,True,False,False,False,124.0,62,6.001797503471148,1.555915856876955,3.6832146326124606,62
D_nsga2_flc,sparse,fault_bias,bias,,47,837206,False,False,True,False,800.0,400,4.598941486576416,2.947140530316706,35.02961367678366,400
D_nsga2_flc,sparse,fault_bias,bias,,48,834851,False,True,False,False,96.00000000000001,400,2.1460287680949452,5.436470699004641,76.49248748171154,48
D_nsga2_flc,sparse,fault_bias,bias,,49,457512,False,True,False,False,70.0,400,1.9122606187253086,5.999114098602042,96.18265450420978,35
D_nsga2_flc,sparse,fault_stale,stale,,0,404653,False,True,False,False,376.0,400,1.6985222937801359,3.4207865792542806,70.76507558377533,188
D_nsga2_flc,sparse,fault_stale,stale,,1,215753,False,True,False,False,108.0,400,1.874388010212756,7.144947508821454,91.6730609891002,54
D_nsga2_flc,sparse,fault_stale,stale,,2,944924,False,True,False,False,96.0,400,3.325140017666753,5.446916050414782,86.94166891771546,48
D_nsga2_flc,sparse,fault_stale,stale,,3,12413,False,True,False,False,55.99999999999999,400,1.8781646568849333,4.121448068873159,70.67245438671165,28
D_nsga2_flc,sparse,fault_stale,stale,,4,839153,False,False,True,False,800.0,400,3.2041468677289062,3.1474102379416733,71.62629199803861,400
D_nsga2_flc,sparse,fault_stale,stale,,5,26206,False,True,False,False,65.99999999999999,400,2.501791879708371,4.418924696808021,101.06417044248833,33
D_nsga2_flc,sparse,fault_stale,stale,,6,85702,False,False,True,False,800.0,400,2.8717454146543915,2.8873495775775564,86.68067650267581,400
D_nsga2_flc,sparse,fault_stale,stale,,7,720542,False,True,False,False,106.0,400,2.0729180436906205,2.89535452055575,33.33169072205107,53
D_nsga2_flc,sparse,fault_stale,stale,,8,43194,False,True,False,False,76.00000000000001,400,2.44985928492363,2.557886536911135,43.052474296831605,38
D_nsga2_flc,sparse,fault_stale,stale,,9,76840,False,True,False,False,114.0,400,2.7340056636289822,5.825305565514474,79.03133451853124,57
D_nsga2_flc,sparse,fault_stale,stale,,10,827195,False,True,False,False,108.0,400,3.356189761956684,3.5318386685400234,32.486499425291655,54
D_nsga2_flc,sparse,fault_stale,stale,,11,891107,False,True,False,False,111.99999999999996,400,1.85348416948109,2.758269971382578,54.588105184473065,56
D_nsga2_flc,sparse,fault_stale,stale,,12,419585,False,True,False,False,132.0,400,3.2704726489106974,1.768693684401619,73.6033796505744,66
D_nsga2_flc,sparse,fault_stale,stale,,13,197278,False,True,False,False,134.00000000000003,400,1.7712407812414361,4.406005549094523,59.92013335130152,67
D_nsga2_flc,sparse,fault_stale,stale,,14,662269,False,True,False,False,95.99999999999997,400,1.6446008515037207,2.9442876876284685,91.74368265317892,48
D_nsga2_flc,sparse,fault_stale,stale,,15,666954,False,True,False,False,23.999999999999996,400,1.575035892260809,15.274338079851603,97.80679372905855,12
D_nsga2_flc,sparse,fault_stale,stale,,16,764983,False,False,True,False,800.0,400,2.4201566921389,4.382097539872452,89.8091264741701,400
D_nsga2_flc,sparse,fault_stale,stale,,17,888532,False,True,False,False,75.99999999999999,400,2.16799979771523,6.6796490571846165,50.98725904659652,38
D_nsga2_flc,sparse,fault_stale,stale,,18,155719,False,True,False,False,84.0,400,2.0129468397257564,1.7747530461918388,43.37417175154358,42
D_nsga2_flc,sparse,fault_stale,stale,,19,579943,False,True,False,False,46.0,400,1.5952338798796801,12.249905499645195,73.5412245703671,23
D_nsga2_flc,sparse,fault_stale,stale,,20,727353,False,True,False,False,84.0,400,2.7837056252832824,3.4060266754552138,48.91105316177463,42
D_nsga2_flc,sparse,fault_stale,stale,,21,6151,False,True,False,False,98.0,400,1.9572904740036707,6.277168059375818,90.67919388654393,49
D_nsga2_flc,sparse,fault_stale,stale,,22,710788,False,True,False,False,80.0,400,3.7638677881431812,3.8937216529002905,41.69701739677625,40
D_nsga2_flc,sparse,fault_stale,stale,,23,138531,False,True,False,False,68.0,400,2.4473405029538897,6.043185701453992,86.31815354898005,34
D_nsga2_flc,sparse,fault_stale,stale,,24,281206,False,True,False,False,94.0,400,2.301430154044528,3.088046475353698,94.22918924560955,47
D_nsga2_flc,sparse,fault_stale,stale,,25,90320,False,False,True,False,800.0,400,6.706210477658537,2.7516600362077934,84.38510562004491,400
D_nsga2_flc,sparse,fault_stale,stale,,26,473688,False,True,False,False,130.0,400,1.9904116649967505,2.0836396591853688,35.0539148427198,65
D_nsga2_flc,sparse,fault_stale,stale,,27,950752,False,True,False,False,25.999999999999996,400,1.8943989204031295,13.003766065145015,94.27406503793047,13
D_nsga2_flc,sparse,fault_stale,stale,,28,974050,False,True,False,False,91.99999999999999,400,3.2442809404487774,4.3138184857443385,79.17837733089598,46
D_nsga2_flc,sparse,fault_stale,stale,,29,162968,False,True,False,False,134.0,400,1.9612623238995606,2.542580633182057,29.92036731369887,67
D_nsga2_flc,sparse,fault_stale,stale,,30,247501,False,True,False,False,70.0,400,2.500471103382441,7.7399329023759105,82.80747533280889,35
D_nsga2_flc,sparse,fault_stale,stale,,31,611736,False,True,False,False,100.00000000000001,400,1.7025862718714884,3.5287189765595417,89.78285523068034,50
D_nsga2_flc,sparse,fault_stale,stale,,32,202663,False,True,False,False,94.00000000000001,400,2.879582245190111,4.413427795472839,91.17897618758681,47
D_nsga2_flc,sparse,fault_stale,stale,,33,749349,False,True,False,False,76.0,400,2.2117783153071837,4.780378209533213,74.34460243405704,38
D_nsga2_flc,sparse,fault_stale,stale,,34,67944,False,True,False,False,93.99999999999999,400,2.9047525685831173,5.409370131401017,78.88097768476689,47
D_nsga2_flc,sparse,fault_stale,stale,,35,667972,False,True,False,False,84.0,400,2.0820740996089437,2.6292031386893844,67.51431586436728,42
D_nsga2_flc,sparse,fault_stale,stale,,36,284085,False,True,False,False,116.0,400,1.8183791684462045,5.061658554999225,18.740045926902773,58
D_nsga2_flc,sparse,fault_stale,stale,,37,56648,False,True,False,False,98.0,400,2.767182861367067,3.492724930619873,91.91430245515924,49
D_nsga2_flc,sparse,fault_stale,stale,,38,883846,False,True,False,False,112.0,400,1.8275278821110361,4.39716461797195,90.75477248732459,56
D_nsga2_flc,sparse,fault_stale,stale,,39,542999,False,True,False,False,100.0,400,2.3900431263071202,6.562482944309591,91.64092447997425,50
D_nsga2_flc,sparse,fault_stale,stale,,40,876790,False,True,False,False,148.0,400,3.4974478086800493,5.364847271079564,8.49094256593373,74
D_nsga2_flc,sparse,fault_stale,stale,,41,864562,False,True,False,False,42.0,400,1.7123391256756972,5.862571909322996,79.83873123443989,21
D_nsga2_flc,sparse,fault_stale,stale,,42,110485,False,True,False,False,128.0,400,2.9715148464523153,2.435242140560892,80.54859697754762,64
D_nsga2_flc,sparse,fault_stale,stale,,43,8300,False,True,False,False,114.0,400,1.780814843030793,5.615933564163948,91.03466866364,57
D_nsga2_flc,sparse,fault_stale,stale,,44,503793,False,True,False,False,100.00000000000001,400,2.2394872672366506,6.585006633216022,51.5105405515424,50
D_nsga2_flc,sparse,fault_stale,stale,,45,352372,False,True,False,False,148.0,400,1.8771275780992693,3.3666904342242887,80.30265204336081,74
D_nsga2_flc,sparse,fault_stale,stale,,46,454845,False,True,False,False,113.99999999999999,400,2.658175262445551,1.6142381421768306,16.83222524060591,57
D_nsga2_flc,sparse,fault_stale,stale,,47,837206,False,False,True,False,800.0,400,4.4893398298541864,2.9308660429518425,48.58375427949183,400
D_nsga2_flc,sparse,fault_stale,stale,,48,834851,False,True,False,False,92.00000000000001,400,1.9114528439429233,6.165045237139794,91.1045271551623,46
D_nsga2_flc,sparse,fault_stale,stale,,49,457512,False,True,False,False,70.00000000000001,400,2.1880459926851437,6.840430483585697,95.10484650170902,35
D_nsga2_flc,sparse,fault_noise_spike_sev1,noise_spike,12.0,0,404653,False,True,False,False,221.99999999999997,400,2.5044033293038455,4.045965030683735,62.72924467900995,111
D_nsga2_flc,sparse,fault_noise_spike_sev1,noise_spike,12.0,1,215753,False,True,False,False,102.0,400,2.8236017645737235,9.173259720345314,90.70728225911235,51
D_nsga2_flc,sparse,fault_noise_spike_sev1,noise_spike,12.0,2,944924,False,True,False,False,98.0,400,1.76065995814642,9.179017227845772,92.14998361837665,49
D_nsga2_flc,sparse,fault_noise_spike_sev1,noise_spike,12.0,3,12413,False,True,False,False,56.0,400,1.8838346135673483,4.131611222427648,70.80996547672906,28
D_nsga2_flc,sparse,fault_noise_spike_sev1,noise_spike,12.0,4,839153,False,False,True,False,800.0,400,3.480051293505401,2.9572937524637495,59.27139878577276,400
D_nsga2_flc,sparse,fault_noise_spike_sev1,noise_spike,12.0,5,26206,False,True,False,False,111.99999999999999,400,1.8712619650079827,5.914855315585602,73.47535018185009,56
D_nsga2_flc,sparse,fault_noise_spike_sev1,noise_spike,12.0,6,85702,False,False,True,False,800.0,400,3.187708555609938,2.9044649472653994,76.45003605079096,400
D_nsga2_flc,sparse,fault_noise_spike_sev1,noise_spike,12.0,7,720542,True,False,False,False,132.00000000000003,66,8.799658054296183,4.9030801132288,3.9895685234838707,66
D_nsga2_flc,sparse,fault_noise_spike_sev1,noise_spike,12.0,8,43194,False,False,True,False,800.0,400,5.388754746065594,4.231726359033233,53.56168362576991,400
D_nsga2_flc,sparse,fault_noise_spike_sev1,noise_spike,12.0,9,76840,False,False,True,False,800.0,400,2.29681487434957,4.9756019412212655,36.20849007034511,400
D_nsga2_flc,sparse,fault_noise_spike_sev1,noise_spike,12.0,10,827195,False,True,False,False,562.0,400,2.0132184992568742,3.738997345631967,83.84259381445315,281
D_nsga2_flc,sparse,fault_noise_spike_sev1,noise_spike,12.0,11,891107,False,True,False,False,117.99999999999997,400,1.5795351584563788,3.7111081624147517,54.28354677270874,59
D_nsga2_flc,sparse,fault_noise_spike_sev1,noise_spike,12.0,12,419585,False,True,False,False,770.0,400,1.7666868380318128,3.1187198130276674,71.47794453899074,385
D_nsga2_flc,sparse,fault_noise_spike_sev1,noise_spike,12.0,13,197278,False,True,False,False,48.00000000000001,400,2.555248024724562,8.865251867276529,71.02291229880984,24
D_nsga2_flc,sparse,fault_noise_spike_sev1,noise_spike,12.0,14,662269,False,True,False,False,238.0,400,2.059610864160857,6.453868851122265,91.60617691128611,119
D_nsga2_flc,sparse,fault_noise_spike_sev1,noise_spike,12.0,15,666954,False,True,False,False,23.999999999999996,400,1.575035892260809,15.274338079851603,97.80679372905855,12
D_nsga2_flc,sparse,fault_noise_spike_sev1,noise_spike,12.0,16,764983,False,True,False,False,90.00000000000001,400,2.241905261583097,8.835880040059319,64.59802185472142,45
D_nsga2_flc,sparse,fault_noise_spike_sev1,noise_spike,12.0,17,888532,False,False,True,False,800.0,400,4.284288040996925,3.778404271289512,64.57606611776943,400
D_nsga2_flc,sparse,fault_noise_spike_sev1,noise_spike,12.0,18,155719,False,False,True,False,800.0000000000001,400,2.9098487630618677,3.454692235085614,45.82070880996735,400
D_nsga2_flc,sparse,fault_noise_spike_sev1,noise_spike,12.0,19,579943,False,True,False,False,111.99999999999999,400,2.4077873821478946,6.630143128486424,59.541460746019396,56
D_nsga2_flc,sparse,fault_noise_spike_sev1,noise_spike,12.0,20,727353,False,True,False,False,108.0,400,1.7765315950653071,8.185164000325543,36.167309301366174,54
D_nsga2_flc,sparse,fault_noise_spike_sev1,noise_spike,12.0,21,6151,False,True,False,False,94.00000000000001,400,2.0944600867040997,9.563592109856572,90.55912529837823,47
D_nsga2_flc,sparse,fault_noise_spike_sev1,noise_spike,12.0,22,710788,False,False,True,False,800.0,400,5.924944908484492,3.8074369088989193,71.00914381090749,400
D_nsga2_flc,sparse,fault_noise_spike_sev1,noise_spike,12.0,23,138531,False,True,False,False,70.00000000000001,400,2.069217148828624,10.571049396461069,77.41764547068307,35
D_nsga2_flc,sparse,fault_noise_spike_sev1,noise_spike,12.0,24,281206,False,True,False,False,98.00000000000001,400,2.0089503813705036,6.93437607538093,91.39163497111522,49
D_nsga2_flc,sparse,fault_noise_spike_sev1,noise_spike,12.0,25,90320,False,True,False,False,86.0,400,1.922783469194773,3.5173938310878525,67.77130151247835,43
D_nsga2_flc,sparse,fault_noise_spike_sev1,noise_spike,12.0,26,473688,False,True,False,False,133.99999999999997,400,2.8146047845423547,6.093718860109538,47.67728776746492,67
D_nsga2_flc,sparse,fault_noise_spike_sev1,noise_spike,12.0,27,950752,False,True,False,False,25.999999999999996,400,1.8943989204031295,13.003766065145015,94.27406503793047,13
D_nsga2_flc,sparse,fault_noise_spike_sev1,noise_spike,12.0,28,974050,False,True,False,False,93.99999999999999,400,1.8197461186549422,7.312816570017583,85.65092393854104,47
D_nsga2_flc,sparse,fault_noise_spike_sev1,noise_spike,12.0,29,162968,False,True,False,False,130.0,400,1.7610728419549162,5.174399235110032,31.485720433705627,65
D_nsga2_flc,sparse,fault_noise_spike_sev1,noise_spike,12.0,30,247501,False,True,False,False,70.00000000000001,400,2.755258588207536,6.479032165435999,83.54789082890737,35
D_nsga2_flc,sparse,fault_noise_spike_sev1,noise_spike,12.0,31,611736,False,True,False,False,98.0,400,2.5447821960398973,9.436862796973292,91.39940635593797,49
D_nsga2_flc,sparse,fault_noise_spike_sev1,noise_spike,12.0,32,202663,False,True,False,False,98.00000000000001,400,1.737669126147669,10.81024554533066,91.98075444671018,49
D_nsga2_flc,sparse,fault_noise_spike_sev1,noise_spike,12.0,33,749349,False,True,False,False,114.0,400,2.5705049213316906,5.076913272595021,90.90727609816183,57
D_nsga2_flc,sparse,fault_noise_spike_sev1,noise_spike,12.0,34,67944,False,True,False,False,93.99999999999997,400,1.8335137094417822,7.7440484923784245,91.93923600883532,47
D_nsga2_flc,sparse,fault_noise_spike_sev1,noise_spike,12.0,35,667972,False,True,False,False,388.0,400,3.294436016230718,3.5601217387721795,93.77079189452547,194
D_nsga2_flc,sparse,fault_noise_spike_sev1,noise_spike,12.0,36,284085,False,True,False,False,117.99999999999999,400,3.028637457166663,6.961882833894847,13.150153440705381,59
D_nsga2_flc,sparse,fault_noise_spike_sev1,noise_spike,12.0,37,56648,False,True,False,False,112.00000000000001,400,2.0592787112003865,10.088153338701945,91.83847299054922,56
D_nsga2_flc,sparse,fault_noise_spike_sev1,noise_spike,12.0,38,883846,False,True,False,False,72.00000000000001,400,2.73163727796843,7.6195353035383375,80.50665199663426,36
D_nsga2_flc,sparse,fault_noise_spike_sev1,noise_spike,12.0,39,542999,False,True,False,False,46.0,400,2.4212044311635714,17.388037172916782,79.36460554565006,23
D_nsga2_flc,sparse,fault_noise_spike_sev1,noise_spike,12.0,40,876790,False,True,False,False,152.0,400,1.953894841752438,5.162145379766856,6.5413615506471965,76
D_nsga2_flc,sparse,fault_noise_spike_sev1,noise_spike,12.0,41,864562,False,True,False,False,44.0,400,2.3693859743466623,9.342555030229317,84.72568998218206,22
D_nsga2_flc,sparse,fault_noise_spike_sev1,noise_spike,12.0,42,110485,False,True,False,False,134.0,400,2.436231950975575,4.6075804875090185,89.72495658224071,67
D_nsga2_flc,sparse,fault_noise_spike_sev1,noise_spike,12.0,43,8300,False,True,False,False,105.99999999999999,400,2.7990952312248343,5.944690594889364,90.75787165244769,53
D_nsga2_flc,sparse,fault_noise_spike_sev1,noise_spike,12.0,44,503793,False,True,False,False,76.00000000000001,400,1.9967487231809913,5.259026207553302,73.82713249475552,38
D_nsga2_flc,sparse,fault_noise_spike_sev1,noise_spike,12.0,45,352372,False,True,False,False,408.0,400,3.371868072160461,4.185357403118971,24.425325774194842,204
D_nsga2_flc,sparse,fault_noise_spike_sev1,noise_spike,12.0,46,454845,False,True,False,False,630.0,400,2.2088063970274963,3.7739170557417987,42.29038120414523,315
D_nsga2_flc,sparse,fault_noise_spike_sev1,noise_spike,12.0,47,837206,False,False,True,False,800.0,400,2.7429262604353517,2.921576229545405,52.45682501106381,400
D_nsga2_flc,sparse,fault_noise_spike_sev1,noise_spike,12.0,48,834851,False,True,False,False,94.00000000000001,400,2.5669528627077396,6.723840430663358,91.00119829583508,47
D_nsga2_flc,sparse,fault_noise_spike_sev1,noise_spike,12.0,49,457512,False,True,False,False,86.00000000000003,400,1.797120317025042,8.48108144297431,90.88845947530521,43
D_nsga2_flc,sparse,fault_noise_spike_sev2,noise_spike,30.0,0,404653,False,True,False,False,42.0,400,1.9642149381620344,5.99031648088729,88.7329340850774,21
D_nsga2_flc,sparse,fault_noise_spike_sev2,noise_spike,30.0,1,215753,False,True,False,False,106.0,400,1.597388363014872,16.44174784417111,92.11809650552054,53
D_nsga2_flc,sparse,fault_noise_spike_sev2,noise_spike,30.0,2,944924,False,True,False,False,96.0,400,2.172402542480879,10.204030185967616,91.47715488344976,48
D_nsga2_flc,sparse,fault_noise_spike_sev2,noise_spike,30.0,3,12413,False,True,False,False,56.0,400,2.0227466584150675,6.608281956771725,65.44552038968594,28
D_nsga2_flc,sparse,fault_noise_spike_sev2,noise_spike,30.0,4,839153,False,True,False,False,84.0,400,2.534447527135333,3.832923271023636,35.577099956359085,42
D_nsga2_flc,sparse,fault_noise_spike_sev2,noise_spike,30.0,5,26206,False,True,False,False,44.00000000000001,400,2.360350864366639,14.676168167843402,76.99958176617578,22
D_nsga2_flc,sparse,fault_noise_spike_sev2,noise_spike,30.0,6,85702,False,False,True,False,800.0,400,3.680017774629196,3.4668071507882137,80.72127330203281,400
D_nsga2_flc,sparse,fault_noise_spike_sev2,noise_spike,30.0,7,720542,False,True,False,False,250.0,400,3.332444876523964,11.767276201629569,117.63486795077515,125
D_nsga2_flc,sparse,fault_noise_spike_sev2,noise_spike,30.0,8,43194,False,True,False,False,244.0,400,2.4328742365588414,16.682943668438412,36.94970104925997,122
D_nsga2_flc,sparse,fault_noise_spike_sev2,noise_spike,30.0,9,76840,False,True,False,False,610.0,400,2.3392727321275375,5.377962554180834,41.332211114884174,305
D_nsga2_flc,sparse,fault_noise_spike_sev2,noise_spike,30.0,10,827195,False,True,False,False,296.0,400,2.770170452539626,6.029397306186973,21.045026045481453,148
D_nsga2_flc,sparse,fault_noise_spike_sev2,noise_spike,30.0,11,891107,False,False,True,False,799.9999999999999,400,3.9039822121285828,2.8716150458995924,84.82842264823076,400
D_nsga2_flc,sparse,fault_noise_spike_sev2,noise_spike,30.0,12,419585,False,True,False,False,794.0,400,2.0772675345077904,3.596427301978201,72.14513910501437,397
D_nsga2_flc,sparse,fault_noise_spike_sev2,noise_spike,30.0,13,197278,False,True,False,False,48.00000000000001,400,2.7979452891553978,7.924417194813294,71.08217793471316,24
D_nsga2_flc,sparse,fault_noise_spike_sev2,noise_spike,30.0,14,662269,False,True,False,False,236.0,400,1.6952313051686745,6.679136330158784,92.08328886527343,118
D_nsga2_flc,sparse,fault_noise_spike_sev2,noise_spike,30.0,15,666954,False,True,False,False,23.999999999999996,400,1.575035892260809,15.274338079851603,97.80679372905855,12
D_nsga2_flc,sparse,fault_noise_spike_sev2,noise_spike,30.0,16,764983,False,True,False,False,224.0,400,2.4267775904719477,7.762813216750429,65.49879568179966,112
D_nsga2_flc,sparse,fault_noise_spike_sev2,noise_spike,30.0,17,888532,False,False,True,False,800.0,400,4.139645848444017,4.6318195124704795,66.30533145801165,400
D_nsga2_flc,sparse,fault_noise_spike_sev2,noise_spike,30.0,18,155719,False,True,False,False,128.00000000000003,400,2.3824110444734274,13.535736556781371,8.709208326619189,64
D_nsga2_flc,sparse,fault_noise_spike_sev2,noise_spike,30.0,19,579943,False,True,False,False,290.0,400,2.1002416699249804,5.631747833669017,68.76594602331956,145
D_nsga2_flc,sparse,fault_noise_spike_sev2,noise_spike,30.0,20,727353,False,True,False,False,108.0,400,2.90339193990447,9.271594684857694,39.78540318726296,54
D_nsga2_flc,sparse,fault_noise_spike_sev2,noise_spike,30.0,21,6151,False,True,False,False,96.0,400,2.6048057149450754,8.29923828706321,91.07061002789064,48
D_nsga2_flc,sparse,fault_noise_spike_sev2,noise_spike,30.0,22,710788,False,False,True,False,800.0,400,3.89005401991362,5.028390349652267,70.24392288526663,400
D_nsga2_flc,sparse,fault_noise_spike_sev2,noise_spike,30.0,23,138531,False,True,False,False,70.0,400,1.951732996191942,9.48541293560607,77.77927734011702,35
D_nsga2_flc,sparse,fault_noise_spike_sev2,noise_spike,30.0,24,281206,False,True,False,False,100.00000000000001,400,2.34623040017204,10.697680546118795,93.39740122009464,50
D_nsga2_flc,sparse,fault_noise_spike_sev2,noise_spike,30.0,25,90320,False,True,False,False,84.0,400,1.854267977830012,13.156731289554644,71.1101867424722,42
D_nsga2_flc,sparse,fault_noise_spike_sev2,noise_spike,30.0,26,473688,False,True,False,False,498.0,400,1.8178130302396551,6.716426463212826,65.72235704005232,249
D_nsga2_flc,sparse,fault_noise_spike_sev2,noise_spike,30.0,27,950752,False,True,False,False,25.999999999999996,400,1.8943989204031295,13.003766065145015,94.27406503793047,13
D_nsga2_flc,sparse,fault_noise_spike_sev2,noise_spike,30.0,28,974050,False,True,False,False,92.0,400,3.429188640609789,6.841891874901336,83.137441078835,46
D_nsga2_flc,sparse,fault_noise_spike_sev2,noise_spike,30.0,29,162968,False,True,False,False,449.99999999999994,400,1.887839831533857,4.870726529439019,39.707412543853074,225
D_nsga2_flc,sparse,fault_noise_spike_sev2,noise_spike,30.0,30,247501,False,True,False,False,70.00000000000001,400,2.7583720555868267,6.527811571349679,83.53139764276584,35
D_nsga2_flc,sparse,fault_noise_spike_sev2,noise_spike,30.0,31,611736,False,True,False,False,80.00000000000001,400,2.819173720824179,10.388889507160275,74.00861606702692,40
D_nsga2_flc,sparse,fault_noise_spike_sev2,noise_spike,30.0,32,202663,False,True,False,False,96.00000000000001,400,2.6011563121321606,8.023067905946451,91.5104631693597,48
D_nsga2_flc,sparse,fault_noise_spike_sev2,noise_spike,30.0,33,749349,False,True,False,False,118.0,400,1.7683957347399164,6.748147479074062,91.23903439071817,59
D_nsga2_flc,sparse,fault_noise_spike_sev2,noise_spike,30.0,34,67944,False,True,False,False,98.0,400,2.398242267239072,10.859587422216649,89.84145506676654,49
D_nsga2_flc,sparse,fault_noise_spike_sev2,noise_spike,30.0,35,667972,False,True,False,False,390.0,400,2.234280252365742,3.931317641789926,93.71887572347272,195
D_nsga2_flc,sparse,fault_noise_spike_sev2,noise_spike,30.0,36,284085,True,False,False,False,118.0,59,5.1047129345879165,13.986495325055317,2.774121432341124,59
D_nsga2_flc,sparse,fault_noise_spike_sev2,noise_spike,30.0,37,56648,False,True,False,False,738.0000000000001,400,2.0898502146268148,4.785733427532064,77.01620355200116,369
D_nsga2_flc,sparse,fault_noise_spike_sev2,noise_spike,30.0,38,883846,False,True,False,False,92.0,400,2.6622273342415093,10.793204074083249,54.830568275077674,46
D_nsga2_flc,sparse,fault_noise_spike_sev2,noise_spike,30.0,39,542999,False,True,False,False,46.0,400,2.4425950657282427,16.14079998343983,79.15096900475339,23
D_nsga2_flc,sparse,fault_noise_spike_sev2,noise_spike,30.0,40,876790,True,False,False,False,144.0,72,4.787615927684678,8.254855866025316,3.362078016808684,72
D_nsga2_flc,sparse,fault_noise_spike_sev2,noise_spike,30.0,41,864562,False,True,False,False,43.999999999999986,400,2.2752817974966946,10.273253495481312,84.69887549593915,22
D_nsga2_flc,sparse,fault_noise_spike_sev2,noise_spike,30.0,42,110485,False,True,False,False,138.0,400,1.8181625258061573,6.245467171776652,90.09852842855915,69
D_nsga2_flc,sparse,fault_noise_spike_sev2,noise_spike,30.0,43,8300,False,True,False,False,105.99999999999999,400,3.0191717118224988,8.968523817872606,91.16335308465531,53
D_nsga2_flc,sparse,fault_noise_spike_sev2,noise_spike,30.0,44,503793,False,True,False,False,74.00000000000001,400,2.1219035786444853,6.8738336580370145,70.64200234117449,37
D_nsga2_flc,sparse,fault_noise_spike_sev2,noise_spike,30.0,45,352372,False,True,False,False,418.0,400,3.05222384457284,4.569787971044172,21.142951638662183,209
D_nsga2_flc,sparse,fault_noise_spike_sev2,noise_spike,30.0,46,454845,True,False,False,False,123.99999999999999,62,7.0835804110129645,11.169526719773149,2.972519207607346,62
D_nsga2_flc,sparse,fault_noise_spike_sev2,noise_spike,30.0,47,837206,False,False,True,False,800.0,400,4.97831179745361,3.227581316076341,53.40410062886944,400
D_nsga2_flc,sparse,fault_noise_spike_sev2,noise_spike,30.0,48,834851,False,True,False,False,94.00000000000001,400,2.4338388004238594,11.292270726278748,83.23618885862368,47
D_nsga2_flc,sparse,fault_noise_spike_sev2,noise_spike,30.0,49,457512,False,True,False,False,78.0,400,2.0057835513930664,8.73934698879572,91.68458973920495,39
D_nsga2_flc,sparse,fault_noise_spike_sev3,noise_spike,60.0,0,404653,False,True,False,False,166.0,400,2.850344016390757,20.360041260270087,69.99800897146642,83
D_nsga2_flc,sparse,fault_noise_spike_sev3,noise_spike,60.0,1,215753,False,True,False,False,108.0,400,2.712911042692996,19.87549530785364,89.56937351754212,54
D_nsga2_flc,sparse,fault_noise_spike_sev3,noise_spike,60.0,2,944924,False,True,False,False,96.0,400,2.92077519666965,14.174658871730285,87.42174755850812,48
D_nsga2_flc,sparse,fault_noise_spike_sev3,noise_spike,60.0,3,12413,False,True,False,False,56.0,400,1.5197049753261733,13.53573406478363,67.50593052190584,28
D_nsga2_flc,sparse,fault_noise_spike_sev3,noise_spike,60.0,4,839153,False,False,True,False,800.0,400,3.158336926268093,3.2466131174684225,81.96740832060316,400
D_nsga2_flc,sparse,fault_noise_spike_sev3,noise_spike,60.0,5,26206,False,True,False,False,38.0,400,1.7774256533936261,18.51946215452838,81.74166960877015,19
D_nsga2_flc,sparse,fault_noise_spike_sev3,noise_spike,60.0,6,85702,False,False,True,False,800.0,400,4.253460996833353,3.500430890188209,80.67958446669977,400
D_nsga2_flc,sparse,fault_noise_spike_sev3,noise_spike,60.0,7,720542,True,False,False,False,128.0,64,7.794977248889216,11.184302740816259,3.1694302080540306,64
D_nsga2_flc,sparse,fault_noise_spike_sev3,noise_spike,60.0,8,43194,False,True,False,False,76.0,400,1.8034740835268552,7.228178889688042,43.483351649055535,38
D_nsga2_flc,sparse,fault_noise_spike_sev3,noise_spike,60.0,9,76840,False,True,False,False,498.0,400,2.6268026304903294,7.176400867713623,55.1192403211962,249
D_nsga2_flc,sparse,fault_noise_spike_sev3,noise_spike,60.0,10,827195,False,True,False,False,91.99999999999996,400,2.2972265791743784,13.658842666715021,28.675511751718187,46
D_nsga2_flc,sparse,fault_noise_spike_sev3,noise_spike,60.0,11,891107,False,True,False,False,163.99999999999994,400,2.8797770985623172,7.990643874449592,67.13921234968514,82
D_nsga2_flc,sparse,fault_noise_spike_sev3,noise_spike,60.0,12,419585,True,False,False,False,118.0,59,6.4610863833456555,13.09832447081896,3.465950841484714,59
D_nsga2_flc,sparse,fault_noise_spike_sev3,noise_spike,60.0,13,197278,False,True,False,False,48.00000000000001,400,2.4775181156824044,7.924417194813294,71.03505345292477,24
D_nsga2_flc,sparse,fault_noise_spike_sev3,noise_spike,60.0,14,662269,False,True,False,False,180.0,400,2.3420244486688624,16.578672447509376,91.61003686427621,90
D_nsga2_flc,sparse,fault_noise_spike_sev3,noise_spike,60.0,15,666954,False,True,False,False,23.999999999999996,400,1.575035892260809,15.274338079851603,97.80679372905855,12
D_nsga2_flc,sparse,fault_noise_spike_sev3,noise_spike,60.0,16,764983,False,True,False,False,112.0,400,2.0038989601392907,11.430202736646773,92.83988019129713,56
D_nsga2_flc,sparse,fault_noise_spike_sev3,noise_spike,60.0,17,888532,False,False,True,False,800.0,400,2.79455632155389,5.487235963348434,76.08008287836985,400
D_nsga2_flc,sparse,fault_noise_spike_sev3,noise_spike,60.0,18,155719,True,False,False,False,134.00000000000003,67,4.952125012693564,16.540879717815333,3.1343751597101353,67
D_nsga2_flc,sparse,fault_noise_spike_sev3,noise_spike,60.0,19,579943,False,True,False,False,46.0,400,1.6164793900648688,12.860478089969968,73.53918878886765,23
D_nsga2_flc,sparse,fault_noise_spike_sev3,noise_spike,60.0,20,727353,False,False,True,False,800.0000000000001,400,2.4216476726589304,4.599670213417709,61.51488752950492,400
D_nsga2_flc,sparse,fault_noise_spike_sev3,noise_spike,60.0,21,6151,False,True,False,False,97.99999999999999,400,2.4729247938719725,12.273740538632493,88.3012397685832,49
D_nsga2_flc,sparse,fault_noise_spike_sev3,noise_spike,60.0,22,710788,False,False,True,False,800.0,400,4.682793497386653,5.958887313628286,75.54444477592648,400
D_nsga2_flc,sparse,fault_noise_spike_sev3,noise_spike,60.0,23,138531,False,True,False,False,70.0,400,1.7919200492637728,9.667274803591436,78.11347566484288,35
D_nsga2_flc,sparse,fault_noise_spike_sev3,noise_spike,60.0,24,281206,False,True,False,False,46.00000000000001,400,2.1374318790808395,8.968862783311856,75.33903212919475,23
D_nsga2_flc,sparse,fault_noise_spike_sev3,noise_spike,60.0,25,90320,False,True,False,False,127.99999999999997,400,2.4824350740084125,18.739231143076807,9.066433337115397,64
D_nsga2_flc,sparse,fault_noise_spike_sev3,noise_spike,60.0,26,473688,False,True,False,False,472.0,400,2.3146506600848507,7.555021046980508,66.56038775267632,236
D_nsga2_flc,sparse,fault_noise_spike_sev3,noise_spike,60.0,27,950752,False,True,False,False,25.999999999999996,400,1.8943989204031295,13.003766065145015,94.27406503793047,13
D_nsga2_flc,sparse,fault_noise_spike_sev3,noise_spike,60.0,28,974050,False,True,False,False,92.0,400,3.028087116784262,10.090770903207545,79.99033296928893,46
D_nsga2_flc,sparse,fault_noise_spike_sev3,noise_spike,60.0,29,162968,False,True,False,False,480.0,400,1.7456576373977544,6.2624040397391925,66.22149763960806,240
D_nsga2_flc,sparse,fault_noise_spike_sev3,noise_spike,60.0,30,247501,False,True,False,False,70.00000000000001,400,2.7849655532449127,6.776629536431715,83.36614652681517,35
D_nsga2_flc,sparse,fault_noise_spike_sev3,noise_spike,60.0,31,611736,False,True,False,False,80.0,400,3.0781235860350864,9.073292966293028,78.88123685955549,40
D_nsga2_flc,sparse,fault_noise_spike_sev3,noise_spike,60.0,32,202663,False,True,False,False,96.00000000000001,400,2.6219016473786017,8.02982355300812,91.48755838376863,48
D_nsga2_flc,sparse,fault_noise_spike_sev3,noise_spike,60.0,33,749349,True,False,False,False,118.00000000000003,59,2.046882147285309,9.527717212234657,3.35023039304482,59
D_nsga2_flc,sparse,fault_noise_spike_sev3,noise_spike,60.0,34,67944,False,True,False,False,95.99999999999997,400,2.2270339687233207,13.211353494846998,83.56313203634144,48
D_nsga2_flc,sparse,fault_noise_spike_sev3,noise_spike,60.0,35,667972,False,True,False,False,122.0,400,2.037119998734713,10.252470189648353,12.111256436368429,61
D_nsga2_flc,sparse,fault_noise_spike_sev3,noise_spike,60.0,36,284085,True,False,False,False,120.00000000000001,60,9.353439682055726,16.98284461022508,2.8833279017770077,60
D_nsga2_flc,sparse,fault_noise_spike_sev3,noise_spike,60.0,37,56648,False,True,False,False,62.00000000000001,400,4.457576332350238,15.772928291787784,65.09404601403511,31
D_nsga2_flc,sparse,fault_noise_spike_sev3,noise_spike,60.0,38,883846,False,True,False,False,498.0,400,2.3258302294257804,5.152351409225006,45.52004040778248,249
D_nsga2_flc,sparse,fault_noise_spike_sev3,noise_spike,60.0,39,542999,False,True,False,False,46.0,400,2.651184618681609,14.311287795239428,77.2001510612227,23
D_nsga2_flc,sparse,fault_noise_spike_sev3,noise_spike,60.0,40,876790,False,True,False,False,140.0,400,1.9738805121236267,15.695281319064927,14.400368548443458,70
D_nsga2_flc,sparse,fault_noise_spike_sev3,noise_spike,60.0,41,864562,False,True,False,False,44.0,400,2.3715401682755357,11.699817341908762,92.0699786985864,22
D_nsga2_flc,sparse,fault_noise_spike_sev3,noise_spike,60.0,42,110485,False,True,False,False,150.0,400,2.301727501443157,9.363231215739164,86.88589512877553,75
D_nsga2_flc,sparse,fault_noise_spike_sev3,noise_spike,60.0,43,8300,False,True,False,False,101.99999999999999,400,1.7113742775525136,13.07241621032954,83.09037742387125,51
D_nsga2_flc,sparse,fault_noise_spike_sev3,noise_spike,60.0,44,503793,False,True,False,False,74.0,400,2.071283701880105,7.07130517219715,70.54068372219007,37
D_nsga2_flc,sparse,fault_noise_spike_sev3,noise_spike,60.0,45,352372,False,True,False,False,112.0,400,1.9564609456010518,9.796875207452969,34.96930472119852,56
D_nsga2_flc,sparse,fault_noise_spike_sev3,noise_spike,60.0,46,454845,False,True,False,False,148.00000000000003,400,1.9677127847071991,14.526645413824053,33.59098891649574,74
D_nsga2_flc,sparse,fault_noise_spike_sev3,noise_spike,60.0,47,837206,False,True,False,False,52.00000000000001,400,3.068101786692196,8.094066178425509,68.41845978850561,26
D_nsga2_flc,sparse,fault_noise_spike_sev3,noise_spike,60.0,48,834851,False,True,False,False,94.00000000000001,400,2.8261446662081857,11.668702447877383,79.70977319177895,47
D_nsga2_flc,sparse,fault_noise_spike_sev3,noise_spike,60.0,49,457512,False,True,False,False,76.00000000000001,400,2.087754934147264,12.852951551313502,92.24086707123747,38
D_nsga2_flc,dense,clean,,,0,404653,False,True,False,False,41.99999999999999,400,2.7598949453744606,4.957747050674205,84.99082359689768,21
D_nsga2_flc,dense,clean,,,1,215753,False,True,False,False,98.0,400,2.475550677149981,6.9153260526964395,91.3015285335119,49
D_nsga2_flc,dense,clean,,,2,944924,False,True,False,False,16.000000000000004,400,2.6504066136338085,25.77,103.73052564900532,8
D_nsga2_flc,dense,clean,,,3,12413,False,True,False,False,32.0,400,1.974649159327553,6.474024559591449,89.83083246200512,16
D_nsga2_flc,dense,clean,,,4,839153,False,True,False,False,96.0,400,2.4369776293549603,9.498825746400607,90.78545482539452,48
D_nsga2_flc,dense,clean,,,5,26206,False,True,False,False,51.99999999999999,400,2.0595789083553773,8.662186568309096,79.71689392343639,26
D_nsga2_flc,dense,clean,,,6,85702,False,True,False,False,103.99999999999999,400,1.5255025089395031,4.983589128046459,92.47158750921515,52
D_nsga2_flc,dense,clean,,,7,720542,False,True,False,False,74.0,400,2.6168101239502843,5.1595494346358945,65.16802553483505,37
D_nsga2_flc,dense,clean,,,8,43194,False,False,True,False,800.0,400,2.487758573846715,5.250892028762959,73.20915095641809,400
D_nsga2_flc,dense,clean,,,9,76840,False,True,False,False,32.0,400,1.831908380048134,14.407043139077933,87.25313423397539,16
D_nsga2_flc,dense,clean,,,10,827195,False,False,True,False,800.0,400,3.117337813861041,5.936608247898825,73.4319750834412,400
D_nsga2_flc,dense,clean,,,11,891107,False,True,False,False,46.0,400,1.9400798579064937,14.5216464368682,85.38100975602286,23
D_nsga2_flc,dense,clean,,,12,419585,False,True,False,False,97.99999999999999,400,1.7543601914996547,7.944695493029086,91.60529732842542,49
D_nsga2_flc,dense,clean,,,13,197278,False,True,False,False,74.0,400,2.0032395351096297,12.770164183100263,73.73251510108467,37
D_nsga2_flc,dense,clean,,,14,662269,False,True,False,False,80.0,400,1.8836204164085026,4.71142221791864,64.80780394701216,40
D_nsga2_flc,dense,clean,,,15,666954,False,True,False,False,26.0,400,1.7492527984328652,18.582255305929934,98.89718347276201,13
D_nsga2_flc,dense,clean,,,16,764983,False,True,False,False,30.0,400,2.018731119304354,10.202039416758812,90.6231329470633,15
D_nsga2_flc,dense,clean,,,17,888532,False,False,True,False,800.0,400,3.1808768353486294,5.8376930205601765,52.0503268668654,400
D_nsga2_flc,dense,clean,,,18,155719,False,True,False,False,104.0,400,2.4853654960964513,4.317066737132475,86.46106253026674,52
D_nsga2_flc,dense,clean,,,19,579943,False,True,False,False,350.0,400,1.5708245350639065,7.240436138483602,71.31091891275469,175
D_nsga2_flc,dense,clean,,,20,727353,False,True,False,False,94.00000000000001,400,2.734804028086187,6.332065219054497,90.92946097977766,47
D_nsga2_flc,dense,clean,,,21,6151,False,True,False,False,96.0,400,2.1068182544724694,7.5577785062977405,89.80280669758335,48
D_nsga2_flc,dense,clean,,,22,710788,False,True,False,False,237.99999999999997,400,1.7148867355660327,6.721166743009038,46.56018176228811,119
D_nsga2_flc,dense,clean,,,23,138531,False,True,False,False,80.0,400,2.5040434884154386,7.0778091422381575,56.268219856708455,40
D_nsga2_flc,dense,clean,,,24,281206,False,True,False,False,94.0,400,1.7602950486415174,5.325903097977267,91.22507289282875,47
D_nsga2_flc,dense,clean,,,25,90320,False,True,False,False,176.0,400,3.0446259445125166,6.385716719496052,54.192950694013156,88
D_nsga2_flc,dense,clean,,,26,473688,False,True,False,False,112.0,400,2.880888812924872,6.590509956545356,91.00313358584926,56
D_nsga2_flc,dense,clean,,,27,950752,False,True,False,False,28.0,400,2.337949923717232,15.29528148222379,93.1162810743093,14
D_nsga2_flc,dense,clean,,,28,974050,False,True,False,False,31.999999999999996,400,3.346831863932678,9.131236980996063,95.8882966267133,16
D_nsga2_flc,dense,clean,,,29,162968,False,True,False,False,334.0,400,3.2714070037197733,5.383725851498093,64.9604671099931,167
D_nsga2_flc,dense,clean,,,30,247501,False,True,False,False,98.0,400,1.804439007765819,8.70003269889184,90.87051428671205,49
D_nsga2_flc,dense,clean,,,31,611736,False,True,False,False,98.0,400,2.6148913426568923,7.171558658197223,90.9398362147495,49
D_nsga2_flc,dense,clean,,,32,202663,False,True,False,False,12.0,400,1.758626514718466,19.36,107.13630205392622,6
D_nsga2_flc,dense,clean,,,33,749349,False,True,False,False,138.0,400,1.8258061745193834,5.882148573802933,77.46562636452927,69
D_nsga2_flc,dense,clean,,,34,67944,False,True,False,False,138.0,400,1.9571647025134131,6.358207452988658,78.949834131216,69
D_nsga2_flc,dense,clean,,,35,667972,False,True,False,False,50.0,400,2.499667508425756,4.353535376869541,70.09647276011488,25
D_nsga2_flc,dense,clean,,,36,284085,False,True,False,False,94.0,400,2.322136012076388,10.317969427599191,90.91266108123536,47
D_nsga2_flc,dense,clean,,,37,56648,False,True,False,False,64.00000000000001,400,3.533406480874469,6.392483233973721,62.56840716310538,32
D_nsga2_flc,dense,clean,,,38,883846,False,True,False,False,45.99999999999999,400,1.6208543698132487,12.917045429927118,85.28124715867327,23
D_nsga2_flc,dense,clean,,,39,542999,False,True,False,False,40.0,400,2.865818816512771,4.363392163357874,79.19809325777283,20
D_nsga2_flc,dense,clean,,,40,876790,False,True,False,False,90.0,400,1.962006943077985,8.293708600966445,91.27435985414861,45
D_nsga2_flc,dense,clean,,,41,864562,False,True,False,False,32.0,400,1.7590891358953795,9.295415673860806,91.15948849558549,16
D_nsga2_flc,dense,clean,,,42,110485,False,True,False,False,104.0,400,1.5670703445706726,3.8144033774507866,92.50805934441767,52
D_nsga2_flc,dense,clean,,,43,8300,False,True,False,False,56.00000000000001,400,2.8296582884558905,19.48272134445479,86.18922523573714,28
D_nsga2_flc,dense,clean,,,44,503793,False,True,False,False,38.0,400,3.236097147705399,11.446098148480818,81.96031433101487,19
D_nsga2_flc,dense,clean,,,45,352372,False,True,False,False,38.00000000000001,400,2.165978304770137,13.309482449482944,85.19170501076088,19
D_nsga2_flc,dense,clean,,,46,454845,True,False,False,False,129.99999999999997,65,5.506123690827115,5.655683480681863,3.27447245929027,65
D_nsga2_flc,dense,clean,,,47,837206,False,True,False,False,96.0,400,1.899559372141958,9.52266828673226,90.5159544432142,48
D_nsga2_flc,dense,clean,,,48,834851,False,True,False,False,48.00000000000001,400,3.0563494878174717,7.655744976942761,79.79195368422971,24
D_nsga2_flc,dense,clean,,,49,457512,False,True,False,False,70.0,400,3.167825744965675,6.60500023910351,80.61012209984482,35
D_nsga2_flc,dense,fault_dropout,dropout,,0,404653,False,True,False,False,194.0,400,3.5927842247936748,4.194156055766801,54.43473662027083,97
D_nsga2_flc,dense,fault_dropout,dropout,,1,215753,False,True,False,False,98.0,400,2.073564377285779,5.463287211335027,92.94169606648744,49
D_nsga2_flc,dense,fault_dropout,dropout,,2,944924,False,True,False,False,16.000000000000004,400,2.6504066136338085,25.77,103.73052564900532,8
D_nsga2_flc,dense,fault_dropout,dropout,,3,12413,False,True,False,False,32.0,400,1.974649159327553,6.474024559591449,89.83083246200512,16
D_nsga2_flc,dense,fault_dropout,dropout,,4,839153,False,True,False,False,138.0,400,1.6090410294557955,6.6668305082058845,77.72745212681394,69
D_nsga2_flc,dense,fault_dropout,dropout,,5,26206,False,True,False,False,58.00000000000001,400,1.8500326600278183,10.568807781924678,96.0998701443771,29
D_nsga2_flc,dense,fault_dropout,dropout,,6,85702,False,False,True,False,800.0,400,3.3319411304967264,4.506385034344787,38.49922106755515,400
D_nsga2_flc,dense,fault_dropout,dropout,,7,720542,False,True,False,False,74.0,400,2.6168101239502843,5.1595494346358945,65.16802553483505,37
D_nsga2_flc,dense,fault_dropout,dropout,,8,43194,False,True,False,False,80.0,400,4.064674359783753,5.1916200899283,69.44947529837752,40
D_nsga2_flc,dense,fault_dropout,dropout,,9,76840,False,True,False,False,32.0,400,1.831908380048134,14.407043139077933,87.25313423397539,16
D_nsga2_flc,dense,fault_dropout,dropout,,10,827195,False,True,False,False,66.0,400,3.176003642842684,6.422831949251419,62.244529693425925,33
D_nsga2_flc,dense,fault_dropout,dropout,,11,891107,False,True,False,False,46.0,400,1.9400798579064937,14.5216464368682,85.38100975602286,23
D_nsga2_flc,dense,fault_dropout,dropout,,12,419585,False,True,False,False,93.99999999999999,400,2.126618377042944,4.357456137667534,79.6003099620057,47
D_nsga2_flc,dense,fault_dropout,dropout,,13,197278,False,True,False,False,80.0,400,2.4212883054447794,6.014079157044516,96.16862128180674,40
D_nsga2_flc,dense,fault_dropout,dropout,,14,662269,False,True,False,False,102.0,400,3.5236967712978227,5.321778605632102,54.56028110259382,51
D_nsga2_flc,dense,fault_dropout,dropout,,15,666954,False,True,False,False,26.0,400,1.7492527984328652,18.582255305929934,98.89718347276201,13
D_nsga2_flc,dense,fault_dropout,dropout,,16,764983,False,True,False,False,29.999999999999993,400,2.018731119304354,10.196201885442633,90.62275252771576,15
D_nsga2_flc,dense,fault_dropout,dropout,,17,888532,False,True,False,False,76.0,400,3.8602544041196634,6.44272405357977,49.48798615971752,38
D_nsga2_flc,dense,fault_dropout,dropout,,18,155719,False,True,False,False,99.99999999999999,400,1.9315720907801373,3.8079267148703253,72.94565531511485,50
D_nsga2_flc,dense,fault_dropout,dropout,,19,579943,False,True,False,False,304.0,400,2.485086254064857,5.931255220384103,55.73674890233703,152
D_nsga2_flc,dense,fault_dropout,dropout,,20,727353,False,True,False,False,88.00000000000001,400,2.41641402063321,4.014631868919944,92.50351311829795,44
D_nsga2_flc,dense,fault_dropout,dropout,,21,6151,False,True,False,False,87.99999999999997,400,2.1068182544724694,8.70238991129998,91.22033877992519,44
D_nsga2_flc,dense,fault_dropout,dropout,,22,710788,False,True,False,False,86.00000000000001,400,2.1725092946332403,5.212031569475029,35.82288969334068,43
D_nsga2_flc,dense,fault_dropout,dropout,,23,138531,False,True,False,False,68.0,400,2.433763018050805,4.4328270659273645,55.97314410936807,34
D_nsga2_flc,dense,fault_dropout,dropout,,24,281206,False,True,False,False,102.00000000000001,400,1.810915862080795,5.016725418560944,97.21143439204708,51
D_nsga2_flc,dense,fault_dropout,dropout,,25,90320,False,True,False,False,104.00000000000001,400,1.7997723830922467,4.285484091022064,73.0742246778927,52
D_nsga2_flc,dense,fault_dropout,dropout,,26,473688,False,True,False,False,120.0,400,2.1675871057600604,3.4379696884167226,87.95108633152286,60
D_nsga2_flc,dense,fault_dropout,dropout,,27,950752,False,True,False,False,28.0,400,2.337949923717232,15.29528148222379,93.1162810743093,14
D_nsga2_flc,dense,fault_dropout,dropout,,28,974050,False,True,False,False,31.999999999999996,400,3.346831863932678,9.131236980996063,95.8882966267133,16
D_nsga2_flc,dense,fault_dropout,dropout,,29,162968,False,True,False,False,128.00000000000006,400,2.6941469784883942,7.32352488894269,6.624698536647745,64
D_nsga2_flc,dense,fault_dropout,dropout,,30,247501,False,True,False,False,78.0,400,1.9522127890453422,3.752570008303519,82.2647558653585,39
D_nsga2_flc,dense,fault_dropout,dropout,,31,611736,False,True,False,False,151.99999999999997,400,2.664559317195879,7.700952189373676,18.59253241124922,76
D_nsga2_flc,dense,fault_dropout,dropout,,32,202663,False,True,False,False,12.0,400,1.758626514718466,19.36,107.13630205392622,6
D_nsga2_flc,dense,fault_dropout,dropout,,33,749349,False,True,False,False,138.0,400,2.0668968426220977,5.653311245660142,77.06746104044805,69
D_nsga2_flc,dense,fault_dropout,dropout,,34,67944,False,True,False,False,95.99999999999997,400,3.0913774483730485,3.657701553517547,33.91079796855196,48
D_nsga2_flc,dense,fault_dropout,dropout,,35,667972,False,True,False,False,92.0,400,1.6931589065597263,4.391243616429104,95.12818703431523,46
D_nsga2_flc,dense,fault_dropout,dropout,,36,284085,False,True,False,False,82.0,400,2.0974948174069246,6.741840775514766,79.6535562937198,41
D_nsga2_flc,dense,fault_dropout,dropout,,37,56648,False,True,False,False,260.0,400,1.9401159448979197,4.886200223734357,29.105137873836576,130
D_nsga2_flc,dense,fault_dropout,dropout,,38,883846,False,True,False,False,44.0,400,3.464962768556461,17.690498230103103,87.67824896603166,22
D_nsga2_flc,dense,fault_dropout,dropout,,39,542999,False,True,False,False,40.0,400,2.86787734794179,3.9945859404700057,79.18911714114194,20
D_nsga2_flc,dense,fault_dropout,dropout,,40,876790,False,True,False,False,48.0,400,2.443546553806671,5.428909230757853,74.1101862557552,24
D_nsga2_flc,dense,fault_dropout,dropout,,41,864562,False,True,False,False,75.99999999999999,400,1.6133837835036515,8.184793819906611,70.25280109075523,38
D_nsga2_flc,dense,fault_dropout,dropout,,42,110485,False,True,False,False,118.0,400,2.100762938776733,3.662679862499241,91.67700871701211,59
D_nsga2_flc,dense,fault_dropout,dropout,,43,8300,False,True,False,False,56.00000000000001,400,2.8296582884558905,19.48272134445479,86.18922523573714,28
D_nsga2_flc,dense,fault_dropout,dropout,,44,503793,False,True,False,False,38.0,400,3.236097147705399,11.446098148480818,81.96031433101487,19
D_nsga2_flc,dense,fault_dropout,dropout,,45,352372,False,True,False,False,38.00000000000001,400,2.165978304770137,13.309482449482944,85.19170501076088,19
D_nsga2_flc,dense,fault_dropout,dropout,,46,454845,True,False,False,False,126.0,63,5.506123690827115,4.385544596023989,3.8197609401751027,63
D_nsga2_flc,dense,fault_dropout,dropout,,47,837206,False,True,False,False,69.99999999999999,400,1.7182273453100643,10.141433620675697,68.30213601841699,35
D_nsga2_flc,dense,fault_dropout,dropout,,48,834851,False,True,False,False,48.00000000000001,400,3.0563494878174717,7.655744976942761,79.79195368422971,24
D_nsga2_flc,dense,fault_dropout,dropout,,49,457512,False,True,False,False,83.99999999999999,400,2.2983745240151676,6.1465587400842026,92.14295753194877,42
D_nsga2_flc,dense,fault_bias,bias,,0,404653,False,True,False,False,208.0,400,2.5771976023192473,41.51371614721657,61.753446550998376,104
D_nsga2_flc,dense,fault_bias,bias,,1,215753,False,True,False,False,114.0,400,2.3441055917082054,4.958543601415207,88.94749178150201,57
D_nsga2_flc,dense,fault_bias,bias,,2,944924,False,True,False,False,16.000000000000004,400,2.6504066136338085,25.77,103.73052564900532,8
D_nsga2_flc,dense,fault_bias,bias,,3,12413,False,True,False,False,32.0,400,1.974649159327553,6.474024559591449,89.83083246200512,16
D_nsga2_flc,dense,fault_bias,bias,,4,839153,True,False,False,False,154.0,77,2.578582382868164,8.50841860047881,2.8987106350764646,77
D_nsga2_flc,dense,fault_bias,bias,,5,26206,False,True,False,False,58.00000000000001,400,2.142563360568384,10.546438740835878,95.75127280032729,29
D_nsga2_flc,dense,fault_bias,bias,,6,85702,False,True,False,False,155.99999999999997,400,3.3254512702278207,4.68182168000162,68.8978478202932,78
D_nsga2_flc,dense,fault_bias,bias,,7,720542,False,True,False,False,74.0,400,2.6168101239502843,5.1595494346358945,65.16802553483505,37
D_nsga2_flc,dense,fault_bias,bias,,8,43194,False,False,True,False,800.0,400,3.461822404896735,36.26648851896078,72.8459689003251,400
D_nsga2_flc,dense,fault_bias,bias,,9,76840,False,True,False,False,32.0,400,1.831908380048134,14.407043139077933,87.25313423397539,16
D_nsga2_flc,dense,fault_bias,bias,,10,827195,False,True,False,False,68.0,400,2.458248087717518,21.413870420339027,57.1981487380902,34
D_nsga2_flc,dense,fault_bias,bias,,11,891107,False,True,False,False,46.0,400,1.9400798579064937,14.5216464368682,85.38100975602286,23
D_nsga2_flc,dense,fault_bias,bias,,12,419585,False,True,False,False,94.0,400,2.998601843940786,5.334881399175242,72.70795557286422,47
D_nsga2_flc,dense,fault_bias,bias,,13,197278,False,True,False,False,53.99999999999999,400,2.167296968710953,9.1184023516846,69.19808146248289,27
D_nsga2_flc,dense,fault_bias,bias,,14,662269,False,True,False,False,186.0,400,2.1997705665550877,37.66871083665937,54.98367954994903,93
D_nsga2_flc,dense,fault_bias,bias,,15,666954,False,True,False,False,26.0,400,1.7492527984328652,18.582255305929934,98.89718347276201,13
D_nsga2_flc,dense,fault_bias,bias,,16,764983,False,True,False,False,55.99999999999999,400,2.018731119304354,17.459524442254953,70.39369847531304,28
D_nsga2_flc,dense,fault_bias,bias,,17,888532,False,True,False,False,90.0,400,1.8336589186675165,3.740706939251749,57.19221864836971,45
D_nsga2_flc,dense,fault_bias,bias,,18,155719,False,True,False,False,100.0,400,1.878280665276272,3.783432090712061,72.87623643176546,50
D_nsga2_flc,dense,fault_bias,bias,,19,579943,False,True,False,False,72.0,400,2.1977490002163873,3.2305816000718175,46.88577565898842,36
D_nsga2_flc,dense,fault_bias,bias,,20,727353,False,True,False,False,133.99999999999997,400,2.1492566719618322,9.196444591335233,55.662954557141546,67
D_nsga2_flc,dense,fault_bias,bias,,21,6151,False,True,False,False,71.99999999999997,400,1.828687804793141,9.126918677927414,72.50177290483082,36
D_nsga2_flc,dense,fault_bias,bias,,22,710788,False,True,False,False,86.00000000000001,400,2.085082658086123,5.220145089479589,35.784043183766435,43
D_nsga2_flc,dense,fault_bias,bias,,23,138531,False,True,False,False,106.00000000000001,400,2.138595011623719,6.757742005425714,76.46087372879035,53
D_nsga2_flc,dense,fault_bias,bias,,24,281206,False,True,False,False,102.00000000000001,400,1.8107510943127105,5.01623270072205,97.21117413398753,51
D_nsga2_flc,dense,fault_bias,bias,,25,90320,False,True,False,False,110.00000000000001,400,1.8949883202140099,4.399846321622874,80.75772993114664,55
D_nsga2_flc,dense,fault_bias,bias,,26,473688,False,True,False,False,120.0,400,2.2071544476726266,3.39597887967407,88.05611771803669,60
D_nsga2_flc,dense,fault_bias,bias,,27,950752,False,True,False,False,28.0,400,2.337949923717232,15.29528148222379,93.1162810743093,14
D_nsga2_flc,dense,fault_bias,bias,,28,974050,False,True,False,False,31.999999999999996,400,3.346831863932678,9.131236980996063,95.8882966267133,16
D_nsga2_flc,dense,fault_bias,bias,,29,162968,False,False,True,False,800.0,400,1.9490292681285184,22.960111345481113,80.64302407680626,400
D_nsga2_flc,dense,fault_bias,bias,,30,247501,False,True,False,False,76.0,400,4.550128530523177,4.549395075319121,81.86208338969948,38
D_nsga2_flc,dense,fault_bias,bias,,31,611736,False,True,False,False,96.0,400,2.526751891500504,6.594230290441284,92.01065774415045,48
D_nsga2_flc,dense,fault_bias,bias,,32,202663,False,True,False,False,12.0,400,1.758626514718466,19.36,107.13630205392622,6
D_nsga2_flc,dense,fault_bias,bias,,33,749349,False,True,False,False,138.0,400,2.0668968426220977,5.653311245660142,77.06746104044805,69
D_nsga2_flc,dense,fault_bias,bias,,34,67944,False,True,False,False,64.0,400,2.470765427886214,6.469225793580024,68.06465988961546,32
D_nsga2_flc,dense,fault_bias,bias,,35,667972,False,True,False,False,126.0,400,1.7410125606859452,4.312252226961182,91.42502810869755,63
D_nsga2_flc,dense,fault_bias,bias,,36,284085,False,False,True,False,800.0000000000001,400,3.8942651080244732,32.661172946261814,40.59172811791817,400
D_nsga2_flc,dense,fault_bias,bias,,37,56648,False,True,False,False,68.0,400,1.715593787757145,3.1011876882619345,67.79237384630495,34
D_nsga2_flc,dense,fault_bias,bias,,38,883846,False,True,False,False,51.99999999999999,400,3.0749859886370436,6.102926167326165,100.06693970286622,26
D_nsga2_flc,dense,fault_bias,bias,,39,542999,False,True,False,False,115.99999999999999,400,2.0240049486215383,4.520479955177817,87.03251343746263,58
D_nsga2_flc,dense,fault_bias,bias,,40,876790,False,True,False,False,48.0,400,2.434344319667035,5.193244450686162,74.17912898671977,24
D_nsga2_flc,dense,fault_bias,bias,,41,864562,False,True,False,False,46.0,400,2.86267453590534,4.03296283748644,91.20718541143243,23
D_nsga2_flc,dense,fault_bias,bias,,42,110485,False,True,False,False,118.0,400,2.100762938776733,3.662679862499241,91.67700871701211,59
D_nsga2_flc,dense,fault_bias,bias,,43,8300,False,True,False,False,56.00000000000001,400,2.8296582884558905,19.48272134445479,86.18922523573714,28
D_nsga2_flc,dense,fault_bias,bias,,44,503793,False,True,False,False,38.0,400,3.236097147705399,11.446098148480818,81.96031433101487,19
D_nsga2_flc,dense,fault_bias,bias,,45,352372,False,True,False,False,38.00000000000001,400,2.165978304770137,13.309482449482944,85.19170501076088,19
D_nsga2_flc,dense,fault_bias,bias,,46,454845,True,False,False,False,126.0,63,5.506123690827115,4.387275396201308,3.8395756352197385,63
D_nsga2_flc,dense,fault_bias,bias,,47,837206,False,True,False,False,94.00000000000001,400,2.5736412401246325,6.104538404482344,91.87501813892568,47
D_nsga2_flc,dense,fault_bias,bias,,48,834851,False,True,False,False,48.00000000000001,400,3.0563494878174717,7.655744976942761,79.79195368422971,24
D_nsga2_flc,dense,fault_bias,bias,,49,457512,False,True,False,False,78.0,400,3.3413142484751273,6.883926841973066,91.78711457142002,39
D_nsga2_flc,dense,fault_stale,stale,,0,404653,False,True,False,False,70.0,400,2.7980568273948947,4.3248873392179314,49.4513989310533,35
D_nsga2_flc,dense,fault_stale,stale,,1,215753,False,True,False,False,100.0,400,2.2491056120817117,5.962747917228359,91.53495666224073,50
D_nsga2_flc,dense,fault_stale,stale,,2,944924,False,True,False,False,16.000000000000004,400,2.6504066136338085,25.77,103.73052564900532,8
D_nsga2_flc,dense,fault_stale,stale,,3,12413,False,True,False,False,32.0,400,1.974649159327553,6.474024559591449,89.83083246200512,16
D_nsga2_flc,dense,fault_stale,stale,,4,839153,False,True,False,False,42.0,400,2.9909664032545478,9.694239910211452,82.03626807106352,21
D_nsga2_flc,dense,fault_stale,stale,,5,26206,False,True,False,False,144.0,400,1.6827364226978323,4.584139750495062,17.151661140318712,72
D_nsga2_flc,dense,fault_stale,stale,,6,85702,False,True,False,False,127.99999999999999,400,2.457948730664344,7.136991567298904,94.38795876332645,64
D_nsga2_flc,dense,fault_stale,stale,,7,720542,False,True,False,False,74.0,400,2.6168101239502843,5.1595494346358945,65.16802553483505,37
D_nsga2_flc,dense,fault_stale,stale,,8,43194,False,True,False,False,102.0,400,2.3020536521288673,5.457530111272078,92.68446839443808,51
D_nsga2_flc,dense,fault_stale,stale,,9,76840,False,True,False,False,32.0,400,1.831908380048134,14.407043139077933,87.25313423397539,16
D_nsga2_flc,dense,fault_stale,stale,,10,827195,False,True,False,False,66.0,400,3.075038923957396,6.976476657196046,62.760643333823296,33
D_nsga2_flc,dense,fault_stale,stale,,11,891107,False,True,False,False,46.0,400,1.9400798579064937,14.5216464368682,85.38100975602286,23
D_nsga2_flc,dense,fault_stale,stale,,12,419585,False,True,False,False,94.0,400,2.298411206552965,5.025332557139496,76.06746192838362,47
D_nsga2_flc,dense,fault_stale,stale,,13,197278,False,True,False,False,62.0,400,2.952786654329295,13.84677931835582,76.51802356667447,31
D_nsga2_flc,dense,fault_stale,stale,,14,662269,False,True,False,False,102.0,400,3.0472647337694188,4.886562144131153,53.841560231007556,51
D_nsga2_flc,dense,fault_stale,stale,,15,666954,False,True,False,False,26.0,400,1.7492527984328652,18.582255305929934,98.89718347276201,13
D_nsga2_flc,dense,fault_stale,stale,,16,764983,False,True,False,False,30.0,400,2.018731119304354,10.087250526700343,90.61425080135977,15
D_nsga2_flc,dense,fault_stale,stale,,17,888532,False,True,False,False,120.00000000000001,400,2.085564327331739,5.882644292938645,77.91837636781534,60
D_nsga2_flc,dense,fault_stale,stale,,18,155719,False,True,False,False,102.0,400,1.6195320560244302,3.937905855134256,75.52190341471889,51
D_nsga2_flc,dense,fault_stale,stale,,19,579943,False,True,False,False,300.0,400,2.4143532337462528,5.766464436341752,55.43894762449204,150
D_nsga2_flc,dense,fault_stale,stale,,20,727353,False,True,False,False,100.00000000000001,400,2.3174819576026393,4.0424345915825315,91.29933348287413,50
D_nsga2_flc,dense,fault_stale,stale,,21,6151,False,True,False,False,71.99999999999999,400,1.8032120795613074,7.745778399587023,72.64063286181768,36
D_nsga2_flc,dense,fault_stale,stale,,22,710788,False,True,False,False,86.00000000000001,400,2.134689210952519,5.207308494972696,35.802764924756794,43
D_nsga2_flc,dense,fault_stale,stale,,23,138531,False,True,False,False,90.0,400,3.0849411908395377,6.454583460868111,41.80984584892043,45
D_nsga2_flc,dense,fault_stale,stale,,24,281206,False,True,False,False,118.00000000000001,400,2.7953990064220395,7.099444236706884,101.78663532983188,59
D_nsga2_flc,dense,fault_stale,stale,,25,90320,False,True,False,False,134.00000000000003,400,2.392787202950321,4.46568724016676,84.61031480594453,67
D_nsga2_flc,dense,fault_stale,stale,,26,473688,False,True,False,False,112.0,400,3.2556484224768476,4.537167872222891,90.9229455768872,56
D_nsga2_flc,dense,fault_stale,stale,,27,950752,False,True,False,False,28.0,400,2.337949923717232,15.29528148222379,93.1162810743093,14
D_nsga2_flc,dense,fault_stale,stale,,28,974050,False,True,False,False,31.999999999999996,400,3.346831863932678,9.131236980996063,95.8882966267133,16
D_nsga2_flc,dense,fault_stale,stale,,29,162968,False,True,False,False,84.00000000000001,400,1.796803516258788,4.3707308417298965,42.38940167544137,42
D_nsga2_flc,dense,fault_stale,stale,,30,247501,False,True,False,False,78.0,400,1.9458463283478276,3.7472117225409685,82.29279799895414,39
D_nsga2_flc,dense,fault_stale,stale,,31,611736,False,True,False,False,103.99999999999999,400,2.6806389019383827,8.129741414447441,91.74164728117039,52
D_nsga2_flc,dense,fault_stale,stale,,32,202663,False,True,False,False,12.0,400,1.758626514718466,19.36,107.13630205392622,6
D_nsga2_flc,dense,fault_stale,stale,,33,749349,False,True,False,False,61.99999999999999,400,1.615287422174746,7.8542288084862655,65.15826772763869,31
D_nsga2_flc,dense,fault_stale,stale,,34,67944,False,True,False,False,95.99999999999999,400,1.6836173672682038,8.659346112052068,90.717572607572,48
D_nsga2_flc,dense,fault_stale,stale,,35,667972,False,True,False,False,61.99999999999999,400,2.5014133868294963,13.910536080276835,62.99119649032118,31
D_nsga2_flc,dense,fault_stale,stale,,36,284085,False,True,False,False,84.0,400,2.351853851914186,8.35790684837638,84.95017291431415,42
D_nsga2_flc,dense,fault_stale,stale,,37,56648,False,True,False,False,68.0,400,1.7024681397907668,3.110686350330362,67.80686882878621,34
D_nsga2_flc,dense,fault_stale,stale,,38,883846,False,True,False,False,43.99999999999999,400,3.9392280575804084,5.962542741900403,91.61103725063211,22
D_nsga2_flc,dense,fault_stale,stale,,39,542999,False,True,False,False,90.0,400,2.2455309427753893,5.922284375164969,36.756727249259995,45
D_nsga2_flc,dense,fault_stale,stale,,40,876790,False,True,False,False,47.99999999999999,400,2.646057911121819,4.509665759925987,73.61224230345108,24
D_nsga2_flc,dense,fault_stale,stale,,41,864562,False,True,False,False,31.999999999999996,400,1.6780493014380005,5.650499978264376,95.57461222348022,16
D_nsga2_flc,dense,fault_stale,stale,,42,110485,False,True,False,False,120.0,400,2.1015137703852544,4.091295966246637,96.66401367394707,60
D_nsga2_flc,dense,fault_stale,stale,,43,8300,False,True,False,False,56.00000000000001,400,2.8296582884558905,19.48272134445479,86.18922523573714,28
D_nsga2_flc,dense,fault_stale,stale,,44,503793,False,True,False,False,38.0,400,3.236097147705399,11.446098148480818,81.96031433101487,19
D_nsga2_flc,dense,fault_stale,stale,,45,352372,False,True,False,False,38.00000000000001,400,2.165978304770137,13.309482449482944,85.19170501076088,19
D_nsga2_flc,dense,fault_stale,stale,,46,454845,False,True,False,False,128.0,400,2.4621010518742255,4.400604978901144,7.415064140321608,64
D_nsga2_flc,dense,fault_stale,stale,,47,837206,False,True,False,False,52.0,400,2.4023572625653906,8.974021162474502,74.09498974185092,26
D_nsga2_flc,dense,fault_stale,stale,,48,834851,False,True,False,False,48.00000000000001,400,3.0563494878174717,7.655744976942761,79.79195368422971,24
D_nsga2_flc,dense,fault_stale,stale,,49,457512,False,True,False,False,86.0,400,3.0321584306169287,5.994957418720523,90.69546834868707,43
D_nsga2_flc,dense,fault_noise_spike_sev1,noise_spike,12.0,0,404653,False,True,False,False,164.0,400,1.8487160101411828,10.614900736903442,74.58045794325388,82
D_nsga2_flc,dense,fault_noise_spike_sev1,noise_spike,12.0,1,215753,False,True,False,False,104.0,400,2.072548015581088,11.511985731995312,90.82044073927192,52
D_nsga2_flc,dense,fault_noise_spike_sev1,noise_spike,12.0,2,944924,False,True,False,False,16.000000000000004,400,2.6504066136338085,25.77,103.73052564900532,8
D_nsga2_flc,dense,fault_noise_spike_sev1,noise_spike,12.0,3,12413,False,True,False,False,32.0,400,1.974649159327553,6.474024559591449,89.83083246200512,16
D_nsga2_flc,dense,fault_noise_spike_sev1,noise_spike,12.0,4,839153,False,True,False,False,102.0,400,1.94212516850959,10.672674881112442,90.86254300586707,51
D_nsga2_flc,dense,fault_noise_spike_sev1,noise_spike,12.0,5,26206,False,True,False,False,760.0,400,3.060566371321874,5.705544767200274,87.64109120169697,380
D_nsga2_flc,dense,fault_noise_spike_sev1,noise_spike,12.0,6,85702,False,True,False,False,103.99999999999999,400,2.058861281793118,5.575805896377032,91.75795972253304,52
D_nsga2_flc,dense,fault_noise_spike_sev1,noise_spike,12.0,7,720542,False,True,False,False,74.0,400,2.6168101239502843,5.1595494346358945,65.16802553483505,37
D_nsga2_flc,dense,fault_noise_spike_sev1,noise_spike,12.0,8,43194,False,True,False,False,81.99999999999999,400,2.160248640635117,9.102693742072061,70.55799825129112,41
D_nsga2_flc,dense,fault_noise_spike_sev1,noise_spike,12.0,9,76840,False,True,False,False,32.0,400,1.831908380048134,14.407043139077933,87.25313423397539,16
D_nsga2_flc,dense,fault_noise_spike_sev1,noise_spike,12.0,10,827195,False,True,False,False,83.99999999999999,400,1.9952287613161024,8.20366432114744,75.01695025413572,42
D_nsga2_flc,dense,fault_noise_spike_sev1,noise_spike,12.0,11,891107,False,True,False,False,46.0,400,1.9400798579064937,14.5216464368682,85.38100975602286,23
D_nsga2_flc,dense,fault_noise_spike_sev1,noise_spike,12.0,12,419585,False,True,False,False,96.00000000000003,400,1.8888838120426534,8.010476094362827,91.9468174914896,48
D_nsga2_flc,dense,fault_noise_spike_sev1,noise_spike,12.0,13,197278,False,True,False,False,230.0,400,1.9987967017239434,8.255988213880801,8.09121327648951,115
D_nsga2_flc,dense,fault_noise_spike_sev1,noise_spike,12.0,14,662269,False,True,False,False,114.0,400,1.7508595573344246,15.426556849291163,90.76574159992256,57
D_nsga2_flc,dense,fault_noise_spike_sev1,noise_spike,12.0,15,666954,False,True,False,False,26.0,400,1.7492527984328652,18.582255305929934,98.89718347276201,13
D_nsga2_flc,dense,fault_noise_spike_sev1,noise_spike,12.0,16,764983,False,True,False,False,29.999999999999996,400,2.018731119304354,10.122564946273362,90.6179873046233,15
D_nsga2_flc,dense,fault_noise_spike_sev1,noise_spike,12.0,17,888532,False,False,True,False,800.0,400,2.751734588074534,6.141135463787483,48.30248264173538,400
D_nsga2_flc,dense,fault_noise_spike_sev1,noise_spike,12.0,18,155719,False,True,False,False,109.99999999999999,400,2.4853654960964513,10.665496044569279,91.36007412437353,55
D_nsga2_flc,dense,fault_noise_spike_sev1,noise_spike,12.0,19,579943,False,True,False,False,296.0,400,2.694098467181743,8.627182871325925,55.27039233399514,148
D_nsga2_flc,dense,fault_noise_spike_sev1,noise_spike,12.0,20,727353,False,True,False,False,96.0,400,2.2416885110355893,10.281359623289447,91.59607871440146,48
D_nsga2_flc,dense,fault_noise_spike_sev1,noise_spike,12.0,21,6151,False,True,False,False,98.0,400,1.6349125218052325,9.034915550295496,92.05355916294866,49
D_nsga2_flc,dense,fault_noise_spike_sev1,noise_spike,12.0,22,710788,False,True,False,False,234.0,400,3.157816299285956,6.56881983067506,52.13960489855316,117
D_nsga2_flc,dense,fault_noise_spike_sev1,noise_spike,12.0,23,138531,False,True,False,False,80.0,400,2.5484654351731493,9.802581917648917,57.44702752944203,40
D_nsga2_flc,dense,fault_noise_spike_sev1,noise_spike,12.0,24,281206,False,True,False,False,94.0,400,1.5917289875120102,10.096116045157329,92.65252789813626,47
D_nsga2_flc,dense,fault_noise_spike_sev1,noise_spike,12.0,25,90320,False,True,False,False,314.0,400,3.419591094544049,6.186043542925809,87.02105797229328,157
D_nsga2_flc,dense,fault_noise_spike_sev1,noise_spike,12.0,26,473688,False,True,False,False,112.0,400,2.355783488425955,9.332043997640335,91.66866189426024,56
D_nsga2_flc,dense,fault_noise_spike_sev1,noise_spike,12.0,27,950752,False,True,False,False,28.0,400,2.337949923717232,15.29528148222379,93.1162810743093,14
D_nsga2_flc,dense,fault_noise_spike_sev1,noise_spike,12.0,28,974050,False,True,False,False,31.999999999999996,400,3.346831863932678,9.131236980996063,95.8882966267133,16
D_nsga2_flc,dense,fault_noise_spike_sev1,noise_spike,12.0,29,162968,False,True,False,False,102.0,400,1.990466480458266,10.630642264454538,26.27487235425499,51
D_nsga2_flc,dense,fault_noise_spike_sev1,noise_spike,12.0,30,247501,False,True,False,False,96.0,400,1.7885524203811554,5.145128794181275,91.03636978216304,48
D_nsga2_flc,dense,fault_noise_spike_sev1,noise_spike,12.0,31,611736,False,True,False,False,97.99999999999999,400,3.573600621053414,11.550634127915039,90.78925283702745,49
D_nsga2_flc,dense,fault_noise_spike_sev1,noise_spike,12.0,32,202663,False,True,False,False,12.0,400,1.758626514718466,19.36,107.13630205392622,6
D_nsga2_flc,dense,fault_noise_spike_sev1,noise_spike,12.0,33,749349,False,True,False,False,156.0,400,1.9454056571480918,7.118433855941537,75.7717023083637,78
D_nsga2_flc,dense,fault_noise_spike_sev1,noise_spike,12.0,34,67944,False,True,False,False,97.99999999999999,400,2.552264452797904,7.717314678306238,56.04134619943921,49
D_nsga2_flc,dense,fault_noise_spike_sev1,noise_spike,12.0,35,667972,False,True,False,False,64.0,400,2.0539317901709477,8.984208739355616,68.93822949467318,32
D_nsga2_flc,dense,fault_noise_spike_sev1,noise_spike,12.0,36,284085,False,True,False,False,90.00000000000001,400,2.706512870861151,14.561537215610365,78.35148086162864,45
D_nsga2_flc,dense,fault_noise_spike_sev1,noise_spike,12.0,37,56648,False,True,False,False,280.0,400,2.3459649646710625,6.716016040255249,27.79250446193994,140
D_nsga2_flc,dense,fault_noise_spike_sev1,noise_spike,12.0,38,883846,False,True,False,False,43.99999999999999,400,3.1863767453633036,19.731555955602918,87.62501063662718,22
D_nsga2_flc,dense,fault_noise_spike_sev1,noise_spike,12.0,39,542999,False,True,False,False,40.0,400,2.626900135084593,8.19809722388909,79.27392490780167,20
D_nsga2_flc,dense,fault_noise_spike_sev1,noise_spike,12.0,40,876790,False,True,False,False,48.0,400,2.600179933384519,5.465438471083645,78.00512721474098,24
D_nsga2_flc,dense,fault_noise_spike_sev1,noise_spike,12.0,41,864562,False,True,False,False,32.0,400,1.7548002753450747,12.058191958388203,91.15447316260732,16
D_nsga2_flc,dense,fault_noise_spike_sev1,noise_spike,12.0,42,110485,False,True,False,False,104.0,400,2.3328195181908726,9.453793662584728,91.73428539621419,52
D_nsga2_flc,dense,fault_noise_spike_sev1,noise_spike,12.0,43,8300,False,True,False,False,56.00000000000001,400,2.8296582884558905,19.48272134445479,86.18922523573714,28
D_nsga2_flc,dense,fault_noise_spike_sev1,noise_spike,12.0,44,503793,False,True,False,False,38.0,400,3.236097147705399,11.446098148480818,81.96031433101487,19
D_nsga2_flc,dense,fault_noise_spike_sev1,noise_spike,12.0,45,352372,False,True,False,False,38.00000000000001,400,2.165978304770137,13.309482449482944,85.19170501076088,19
D_nsga2_flc,dense,fault_noise_spike_sev1,noise_spike,12.0,46,454845,False,True,False,False,143.99999999999997,400,2.0039307856809705,8.65170923475933,8.415234684226247,72
D_nsga2_flc,dense,fault_noise_spike_sev1,noise_spike,12.0,47,837206,False,True,False,False,52.0,400,2.379254893818805,11.797936975768891,75.62956438087775,26
D_nsga2_flc,dense,fault_noise_spike_sev1,noise_spike,12.0,48,834851,False,True,False,False,48.00000000000001,400,3.0563494878174717,7.655744976942761,79.79195368422971,24
D_nsga2_flc,dense,fault_noise_spike_sev1,noise_spike,12.0,49,457512,False,True,False,False,70.0,400,2.9898323711226804,8.902672504992466,76.08680766443396,35
D_nsga2_flc,dense,fault_noise_spike_sev2,noise_spike,30.0,0,404653,False,False,True,False,800.0,400,1.8014494888912551,7.67032953101231,70.06623591547277,400
D_nsga2_flc,dense,fault_noise_spike_sev2,noise_spike,30.0,1,215753,False,True,False,False,106.0,400,1.5389716520472165,14.901363914859543,91.7805271668174,53
D_nsga2_flc,dense,fault_noise_spike_sev2,noise_spike,30.0,2,944924,False,True,False,False,16.000000000000004,400,2.6504066136338085,25.77,103.73052564900532,8
D_nsga2_flc,dense,fault_noise_spike_sev2,noise_spike,30.0,3,12413,False,True,False,False,32.0,400,1.974649159327553,6.474024559591449,89.83083246200512,16
D_nsga2_flc,dense,fault_noise_spike_sev2,noise_spike,30.0,4,839153,False,True,False,False,76.0,400,1.9167477515408535,16.040994728304398,69.62032416041612,38
D_nsga2_flc,dense,fault_noise_spike_sev2,noise_spike,30.0,5,26206,False,True,False,False,112.0,400,3.2424870018347036,10.777531774466208,22.283965660260613,56
D_nsga2_flc,dense,fault_noise_spike_sev2,noise_spike,30.0,6,85702,False,True,False,False,105.99999999999999,400,1.8165922098768779,5.765474458176228,91.95992090375054,53
D_nsga2_flc,dense,fault_noise_spike_sev2,noise_spike,30.0,7,720542,False,True,False,False,74.0,400,2.6168101239502843,5.1595494346358945,65.16802553483505,37
D_nsga2_flc,dense,fault_noise_spike_sev2,noise_spike,30.0,8,43194,False,True,False,False,80.0,400,3.245588026501958,11.835224666892984,69.46381922053546,40
D_nsga2_flc,dense,fault_noise_spike_sev2,noise_spike,30.0,9,76840,False,True,False,False,32.0,400,1.831908380048134,14.407043139077933,87.25313423397539,16
D_nsga2_flc,dense,fault_noise_spike_sev2,noise_spike,30.0,10,827195,False,True,False,False,202.0,400,2.5518938694334,8.603948954411612,38.314016713892606,101
D_nsga2_flc,dense,fault_noise_spike_sev2,noise_spike,30.0,11,891107,False,True,False,False,46.0,400,1.9400798579064937,14.5216464368682,85.38100975602286,23
D_nsga2_flc,dense,fault_noise_spike_sev2,noise_spike,30.0,12,419585,False,True,False,False,127.99999999999999,400,2.002862855960999,10.354410148860094,33.12340746918201,64
D_nsga2_flc,dense,fault_noise_spike_sev2,noise_spike,30.0,13,197278,False,True,False,False,66.0,400,1.7809186386985723,8.141169120324628,75.08686688252108,33
D_nsga2_flc,dense,fault_noise_spike_sev2,noise_spike,30.0,14,662269,True,False,False,False,182.0,91,7.438747529036003,11.794099089075711,3.6339570222368893,91
D_nsga2_flc,dense,fault_noise_spike_sev2,noise_spike,30.0,15,666954,False,True,False,False,26.0,400,1.7492527984328652,18.582255305929934,98.89718347276201,13
D_nsga2_flc,dense,fault_noise_spike_sev2,noise_spike,30.0,16,764983,False,True,False,False,29.999999999999996,400,2.018731119304354,10.164659106440192,90.60936070165924,15
D_nsga2_flc,dense,fault_noise_spike_sev2,noise_spike,30.0,17,888532,False,False,True,False,800.0,400,3.1426797177151764,6.821714236708247,27.425729533973417,400
D_nsga2_flc,dense,fault_noise_spike_sev2,noise_spike,30.0,18,155719,False,True,False,False,110.0,400,2.4853654960964513,15.001177747101396,91.21471871058725,55
D_nsga2_flc,dense,fault_noise_spike_sev2,noise_spike,30.0,19,579943,False,True,False,False,298.0,400,3.292040197395811,9.093525873120992,55.93617692902519,149
D_nsga2_flc,dense,fault_noise_spike_sev2,noise_spike,30.0,20,727353,False,True,False,False,100.0,400,2.9284660787694667,10.149668059164673,91.60676474783371,50
D_nsga2_flc,dense,fault_noise_spike_sev2,noise_spike,30.0,21,6151,False,True,False,False,96.0,400,2.1068182544724694,15.757755953871374,90.8472045164257,48
D_nsga2_flc,dense,fault_noise_spike_sev2,noise_spike,30.0,22,710788,False,True,False,False,278.0,400,1.9126905833794068,10.778129626141633,45.43091631987063,139
D_nsga2_flc,dense,fault_noise_spike_sev2,noise_spike,30.0,23,138531,False,True,False,False,102.0,400,2.9557702744742205,13.450861596643158,61.55657631130662,51
D_nsga2_flc,dense,fault_noise_spike_sev2,noise_spike,30.0,24,281206,False,True,False,False,294.00000000000006,400,2.3731386494335687,6.050685697935508,37.644513036863074,147
D_nsga2_flc,dense,fault_noise_spike_sev2,noise_spike,30.0,25,90320,False,True,False,False,193.99999999999997,400,1.9038006973264172,14.005743269546317,47.88476768371679,97
D_nsga2_flc,dense,fault_noise_spike_sev2,noise_spike,30.0,26,473688,False,True,False,False,110.0,400,3.017204692619161,12.398826209819184,90.97258049685716,55
D_nsga2_flc,dense,fault_noise_spike_sev2,noise_spike,30.0,27,950752,False,True,False,False,28.0,400,2.337949923717232,15.29528148222379,93.1162810743093,14
D_nsga2_flc,dense,fault_noise_spike_sev2,noise_spike,30.0,28,974050,False,True,False,False,31.999999999999996,400,3.346831863932678,9.131236980996063,95.8882966267133,16
D_nsga2_flc,dense,fault_noise_spike_sev2,noise_spike,30.0,29,162968,False,True,False,False,332.0,400,3.123838234707086,6.335334266425685,63.29942978068932,166
D_nsga2_flc,dense,fault_noise_spike_sev2,noise_spike,30.0,30,247501,False,True,False,False,98.0,400,1.5821269108193505,6.93519449361277,92.04291994703134,49
D_nsga2_flc,dense,fault_noise_spike_sev2,noise_spike,30.0,31,611736,False,True,False,False,102.0,400,2.9048902030287382,15.496716671774177,91.09025107933705,51
D_nsga2_flc,dense,fault_noise_spike_sev2,noise_spike,30.0,32,202663,False,True,False,False,12.0,400,1.758626514718466,19.36,107.13630205392622,6
D_nsga2_flc,dense,fault_noise_spike_sev2,noise_spike,30.0,33,749349,False,True,False,False,164.0,400,1.6380061322475323,11.276390494826204,73.34370788625942,82
D_nsga2_flc,dense,fault_noise_spike_sev2,noise_spike,30.0,34,67944,False,True,False,False,107.99999999999999,400,1.9673826705028765,9.07573072951886,33.562383759683726,54
D_nsga2_flc,dense,fault_noise_spike_sev2,noise_spike,30.0,35,667972,False,True,False,False,62.00000000000001,400,3.0436898226851024,11.41945611631265,69.0993026171299,31
D_nsga2_flc,dense,fault_noise_spike_sev2,noise_spike,30.0,36,284085,False,True,False,False,158.0,400,1.7266280739273387,18.04889238933715,30.34007580872998,79
D_nsga2_flc,dense,fault_noise_spike_sev2,noise_spike,30.0,37,56648,False,True,False,False,64.0,400,3.7101403903585424,10.15863286953742,63.33328306170863,32
D_nsga2_flc,dense,fault_noise_spike_sev2,noise_spike,30.0,38,883846,False,True,False,False,44.0,400,3.207504497716552,19.60563666123682,87.65461460200811,22
D_nsga2_flc,dense,fault_noise_spike_sev2,noise_spike,30.0,39,542999,False,True,False,False,40.0,400,2.626900135084593,8.19809722388909,79.27392490780167,20
D_nsga2_flc,dense,fault_noise_spike_sev2,noise_spike,30.0,40,876790,False,True,False,False,48.0,400,2.1146679723986535,10.741133100388273,75.05199363233783,24
D_nsga2_flc,dense,fault_noise_spike_sev2,noise_spike,30.0,41,864562,False,True,False,False,94.0,400,2.2224143011735786,13.551653432906617,92.21434620633451,47
D_nsga2_flc,dense,fault_noise_spike_sev2,noise_spike,30.0,42,110485,False,True,False,False,106.0,400,2.062563601836661,6.83816787076468,91.97209133445529,53
D_nsga2_flc,dense,fault_noise_spike_sev2,noise_spike,30.0,43,8300,False,True,False,False,56.00000000000001,400,2.8296582884558905,19.48272134445479,86.18922523573714,28
D_nsga2_flc,dense,fault_noise_spike_sev2,noise_spike,30.0,44,503793,False,True,False,False,38.0,400,3.236097147705399,11.446098148480818,81.96031433101487,19
D_nsga2_flc,dense,fault_noise_spike_sev2,noise_spike,30.0,45,352372,False,True,False,False,38.00000000000001,400,2.165978304770137,13.309482449482944,85.19170501076088,19
D_nsga2_flc,dense,fault_noise_spike_sev2,noise_spike,30.0,46,454845,False,True,False,False,142.0,400,2.258016407077904,13.656455154162034,16.081063512683798,71
D_nsga2_flc,dense,fault_noise_spike_sev2,noise_spike,30.0,47,837206,False,True,False,False,114.0,400,1.7185479485802873,11.648220112895238,39.83835429470662,57
D_nsga2_flc,dense,fault_noise_spike_sev2,noise_spike,30.0,48,834851,False,True,False,False,48.00000000000001,400,3.0563494878174717,7.655744976942761,79.79195368422971,24
D_nsga2_flc,dense,fault_noise_spike_sev2,noise_spike,30.0,49,457512,False,True,False,False,72.0,400,1.729686955419006,13.88736606127398,72.85369009287734,36
D_nsga2_flc,dense,fault_noise_spike_sev3,noise_spike,60.0,0,404653,False,False,True,False,800.0,400,2.2368650084013075,10.26262343438479,79.71635914097739,400
D_nsga2_flc,dense,fault_noise_spike_sev3,noise_spike,60.0,1,215753,False,True,False,False,110.0,400,3.310658395797227,14.471651974236517,78.24038227166001,55
D_nsga2_flc,dense,fault_noise_spike_sev3,noise_spike,60.0,2,944924,False,True,False,False,16.000000000000004,400,2.6504066136338085,25.77,103.73052564900532,8
D_nsga2_flc,dense,fault_noise_spike_sev3,noise_spike,60.0,3,12413,False,True,False,False,32.0,400,1.974649159327553,6.474024559591449,89.83083246200512,16
D_nsga2_flc,dense,fault_noise_spike_sev3,noise_spike,60.0,4,839153,True,False,False,False,142.0,71,3.2914692359757107,12.38070741137012,2.7790989006880524,71
D_nsga2_flc,dense,fault_noise_spike_sev3,noise_spike,60.0,5,26206,False,True,False,False,94.00000000000001,400,2.1356181533995207,13.97160973144833,46.36550367437725,47
D_nsga2_flc,dense,fault_noise_spike_sev3,noise_spike,60.0,6,85702,False,True,False,False,105.99999999999999,400,1.949102849589172,7.495659529118909,92.66597801737721,53
D_nsga2_flc,dense,fault_noise_spike_sev3,noise_spike,60.0,7,720542,False,True,False,False,74.0,400,2.6168101239502843,5.1595494346358945,65.16802553483505,37
D_nsga2_flc,dense,fault_noise_spike_sev3,noise_spike,60.0,8,43194,False,True,False,False,154.0,400,2.5001856851803574,16.916449244663003,78.4318189842976,77
D_nsga2_flc,dense,fault_noise_spike_sev3,noise_spike,60.0,9,76840,False,True,False,False,32.0,400,1.831908380048134,14.407043139077933,87.25313423397539,16
D_nsga2_flc,dense,fault_noise_spike_sev3,noise_spike,60.0,10,827195,False,True,False,False,112.0,400,1.8862370769355232,16.361507781074824,92.11992257529828,56
D_nsga2_flc,dense,fault_noise_spike_sev3,noise_spike,60.0,11,891107,False,True,False,False,46.0,400,1.9400798579064937,14.5216464368682,85.38100975602286,23
D_nsga2_flc,dense,fault_noise_spike_sev3,noise_spike,60.0,12,419585,False,True,False,False,242.0,400,2.0560126497661995,16.022974176712808,128.6350300446466,121
D_nsga2_flc,dense,fault_noise_spike_sev3,noise_spike,60.0,13,197278,False,True,False,False,112.0,400,1.7917777457355306,10.132756118660309,90.86372974555057,56
D_nsga2_flc,dense,fault_noise_spike_sev3,noise_spike,60.0,14,662269,False,True,False,False,136.0,400,2.9625031985625863,29.08765816758193,7.991373766670853,68
D_nsga2_flc,dense,fault_noise_spike_sev3,noise_spike,60.0,15,666954,False,True,False,False,26.0,400,1.7492527984328652,18.582255305929934,98.89718347276201,13
D_nsga2_flc,dense,fault_noise_spike_sev3,noise_spike,60.0,16,764983,False,True,False,False,99.99999999999999,400,2.018731119304354,14.637226240128987,91.5103491263911,50
D_nsga2_flc,dense,fault_noise_spike_sev3,noise_spike,60.0,17,888532,False,False,True,False,800.0,400,3.150602295450041,7.317748681591459,47.45997849621176,400
D_nsga2_flc,dense,fault_noise_spike_sev3,noise_spike,60.0,18,155719,False,True,False,False,214.00000000000003,400,2.2181136866558453,20.469676294768032,91.33536337866248,107
D_nsga2_flc,dense,fault_noise_spike_sev3,noise_spike,60.0,19,579943,False,True,False,False,65.99999999999999,400,2.710248250366378,11.081961166364453,58.68959006451839,33
D_nsga2_flc,dense,fault_noise_spike_sev3,noise_spike,60.0,20,727353,False,True,False,False,122.00000000000001,400,3.1999999619411503,10.915995995289746,14.907004165993335,61
D_nsga2_flc,dense,fault_noise_spike_sev3,noise_spike,60.0,21,6151,False,True,False,False,95.99999999999999,400,1.579318313394856,17.678850310690628,87.66391836770126,48
D_nsga2_flc,dense,fault_noise_spike_sev3,noise_spike,60.0,22,710788,False,True,False,False,262.0,400,2.518611327130411,12.589724993621852,51.264667602665526,131
D_nsga2_flc,dense,fault_noise_spike_sev3,noise_spike,60.0,23,138531,False,True,False,False,102.0,400,3.1439221684432628,12.67244804305411,59.24193504159644,51
D_nsga2_flc,dense,fault_noise_spike_sev3,noise_spike,60.0,24,281206,False,True,False,False,234.0,400,2.038866205926754,8.33592966933107,42.67390145107306,117
D_nsga2_flc,dense,fault_noise_spike_sev3,noise_spike,60.0,25,90320,False,True,False,False,72.00000000000001,400,3.849897889914499,20.380821031663167,52.21672146670299,36
D_nsga2_flc,dense,fault_noise_spike_sev3,noise_spike,60.0,26,473688,False,True,False,False,60.0,400,3.9797254950837515,7.732862386593863,64.5304223051902,30
D_nsga2_flc,dense,fault_noise_spike_sev3,noise_spike,60.0,27,950752,False,True,False,False,28.0,400,2.337949923717232,15.29528148222379,93.1162810743093,14
D_nsga2_flc,dense,fault_noise_spike_sev3,noise_spike,60.0,28,974050,False,True,False,False,31.999999999999996,400,3.346831863932678,9.131236980996063,95.8882966267133,16
D_nsga2_flc,dense,fault_noise_spike_sev3,noise_spike,60.0,29,162968,False,True,False,False,190.0,400,1.8200469883029717,14.598682680739428,91.50730637143843,95
D_nsga2_flc,dense,fault_noise_spike_sev3,noise_spike,60.0,30,247501,False,True,False,False,78.0,400,1.8468109529321397,4.4355063998269975,82.60873997985433,39
D_nsga2_flc,dense,fault_noise_spike_sev3,noise_spike,60.0,31,611736,False,True,False,False,101.99999999999999,400,2.7175662563319802,17.032695735081184,91.00313563246748,51
D_nsga2_flc,dense,fault_noise_spike_sev3,noise_spike,60.0,32,202663,False,True,False,False,12.0,400,1.758626514718466,19.36,107.13630205392622,6
D_nsga2_flc,dense,fault_noise_spike_sev3,noise_spike,60.0,33,749349,False,False,True,False,800.0,400,4.0916225258044,5.572884359121194,81.48634775041802,400
D_nsga2_flc,dense,fault_noise_spike_sev3,noise_spike,60.0,34,67944,False,True,False,False,86.00000000000001,400,2.954602605682841,11.029401516793863,79.77445904625388,43
D_nsga2_flc,dense,fault_noise_spike_sev3,noise_spike,60.0,35,667972,False,True,False,False,48.0,400,3.446592291375705,8.877207321305887,72.00769382048931,24
D_nsga2_flc,dense,fault_noise_spike_sev3,noise_spike,60.0,36,284085,False,True,False,False,236.0,400,2.6971666738423603,21.002951115876417,115.85281406832287,118
D_nsga2_flc,dense,fault_noise_spike_sev3,noise_spike,60.0,37,56648,False,True,False,False,72.00000000000001,400,4.003735722674745,14.156700261945012,49.16508500898756,36
D_nsga2_flc,dense,fault_noise_spike_sev3,noise_spike,60.0,38,883846,False,True,False,False,44.0,400,3.250746389576482,15.484246685860008,88.16044998522223,22
D_nsga2_flc,dense,fault_noise_spike_sev3,noise_spike,60.0,39,542999,False,True,False,False,40.0,400,2.626900135084593,8.19809722388909,79.27392490780167,20
D_nsga2_flc,dense,fault_noise_spike_sev3,noise_spike,60.0,40,876790,False,True,False,False,234.0,400,2.192871926891237,20.56093520647161,83.43033435157344,117
D_nsga2_flc,dense,fault_noise_spike_sev3,noise_spike,60.0,41,864562,False,True,False,False,30.000000000000004,400,3.2350546799095654,20.110534606975023,93.9482602365816,15
D_nsga2_flc,dense,fault_noise_spike_sev3,noise_spike,60.0,42,110485,False,True,False,False,110.0,400,1.7662561503613634,10.245892974282453,92.30334833611246,55
D_nsga2_flc,dense,fault_noise_spike_sev3,noise_spike,60.0,43,8300,False,True,False,False,56.00000000000001,400,2.8296582884558905,19.48272134445479,86.18922523573714,28
D_nsga2_flc,dense,fault_noise_spike_sev3,noise_spike,60.0,44,503793,False,True,False,False,38.0,400,3.236097147705399,11.446098148480818,81.96031433101487,19
D_nsga2_flc,dense,fault_noise_spike_sev3,noise_spike,60.0,45,352372,False,True,False,False,38.00000000000001,400,2.165978304770137,13.309482449482944,85.19170501076088,19
D_nsga2_flc,dense,fault_noise_spike_sev3,noise_spike,60.0,46,454845,False,True,False,False,231.99999999999997,400,1.9504728383556658,22.205574776517235,90.02997651948318,116
D_nsga2_flc,dense,fault_noise_spike_sev3,noise_spike,60.0,47,837206,False,True,False,False,130.0,400,2.0134062125985714,12.937267162146872,11.778224188924211,65
D_nsga2_flc,dense,fault_noise_spike_sev3,noise_spike,60.0,48,834851,False,True,False,False,48.00000000000001,400,3.0563494878174717,7.655744976942761,79.79195368422971,24
D_nsga2_flc,dense,fault_noise_spike_sev3,noise_spike,60.0,49,457512,False,True,False,False,72.0,400,1.5916658526300647,15.237085493866507,73.56609316985909,36
D_nsga2_flc_safety,sparse,clean,,,0,404653,False,True,False,False,160.0,400,1.8085681902224593,5.651925564790425,68.08430790772168,80
D_nsga2_flc_safety,sparse,clean,,,1,215753,False,False,True,False,800.0,400,6.082955355729857,4.388446981740241,88.11489999154371,400
D_nsga2_flc_safety,sparse,clean,,,2,944924,False,True,False,False,40.0,400,1.6452506188360974,14.741527330626544,82.52562087766856,20
D_nsga2_flc_safety,sparse,clean,,,3,12413,False,True,False,False,76.0,400,1.8686478183098616,9.089018602423982,71.23380759072421,38
D_nsga2_flc_safety,sparse,clean,,,4,839153,False,True,False,False,364.0,400,1.9919454035127493,4.926348860464657,66.30743081466574,182
D_nsga2_flc_safety,sparse,clean,,,5,26206,False,True,False,False,42.0,400,2.147730872162936,11.227326962034601,78.5131036612707,21
D_nsga2_flc_safety,sparse,clean,,,6,85702,False,True,False,False,716.0000000000001,400,1.6130811507199878,8.836201221887384,41.406628678486676,358
D_nsga2_flc_safety,sparse,clean,,,7,720542,True,False,False,False,122.00000000000001,61,9.90623810776678,3.6679294244173377,2.981848585310763,61
D_nsga2_flc_safety,sparse,clean,,,8,43194,False,False,True,False,800.0,400,3.1359159061044477,9.588519706535175,45.16400261310746,400
D_nsga2_flc_safety,sparse,clean,,,9,76840,False,False,True,False,800.0,400,2.062518735706461,5.749679439641201,77.77388650208655,400
D_nsga2_flc_safety,sparse,clean,,,10,827195,False,True,False,False,90.00000000000001,400,4.254707001404453,7.5544464160525955,33.25441210737272,45
D_nsga2_flc_safety,sparse,clean,,,11,891107,True,False,False,False,119.99999999999997,60,5.014545114133457,3.9814631856804485,3.9136400351699994,60
D_nsga2_flc_safety,sparse,clean,,,12,419585,True,False,False,False,117.99999999999999,59,4.173408054781189,3.0010623969427046,3.0641140387568075,59
D_nsga2_flc_safety,sparse,clean,,,13,197278,False,False,True,False,800.0,400,7.382417658632869,6.397978361801694,60.096362459330976,400
D_nsga2_flc_safety,sparse,clean,,,14,662269,False,True,False,False,70.0,400,2.42592699033921,6.5807176015198126,71.73993598916704,35
D_nsga2_flc_safety,sparse,clean,,,15,666954,False,True,False,False,23.999999999999996,400,1.8861711504500025,27.241992530492055,96.81954761835831,12
D_nsga2_flc_safety,sparse,clean,,,16,764983,False,True,False,False,242.00000000000003,400,1.9418605281941532,5.413277679604206,120.9124403304928,121
D_nsga2_flc_safety,sparse,clean,,,17,888532,False,False,True,False,799.9999999999999,400,2.1752415498512176,7.6023051792773595,75.57611693967182,400
D_nsga2_flc_safety,sparse,clean,,,18,155719,False,True,False,False,84.00000000000001,400,2.303581216924462,4.034010817974483,42.194411410575285,42
D_nsga2_flc_safety,sparse,clean,,,19,579943,False,True,False,False,38.0,400,3.732355503128177,21.913504260608452,82.71332476821736,19
D_nsga2_flc_safety,sparse,clean,,,20,727353,True,False,False,False,117.99999999999999,59,9.524916422446589,4.513514075026409,3.6085504636266594,59
D_nsga2_flc_safety,sparse,clean,,,21,6151,False,True,False,False,193.99999999999994,400,1.9292021947528948,5.588613527631325,76.60823267112424,97
D_nsga2_flc_safety,sparse,clean,,,22,710788,False,True,False,False,286.0,400,2.307073154287589,12.322587787968066,24.00214834806039,143
D_nsga2_flc_safety,sparse,clean,,,23,138531,False,True,False,False,94.00000000000001,400,2.082314304675607,3.9267738008901865,50.73198635456778,47
D_nsga2_flc_safety,sparse,clean,,,24,281206,False,True,False,False,42.000000000000014,400,1.8098601337212312,15.824761904761905,78.98442154115145,21
D_nsga2_flc_safety,sparse,clean,,,25,90320,False,True,False,False,70.0,400,3.011037331350496,14.715868117807672,54.04384295785442,35
D_nsga2_flc_safety,sparse,clean,,,26,473688,False,True,False,False,304.0,400,2.664197477507589,5.43293698810847,65.1069313978727,152
D_nsga2_flc_safety,sparse,clean,,,27,950752,False,True,False,False,26.0,400,1.6109046071296234,16.384878218802406,94.4757862891203,13
D_nsga2_flc_safety,sparse,clean,,,28,974050,False,True,False,False,48.0,400,2.420419510850417,23.243159904931616,84.58686639201166,24
D_nsga2_flc_safety,sparse,clean,,,29,162968,False,True,False,False,219.99999999999997,400,2.353894029757269,9.017660594389284,87.79717147845716,110
D_nsga2_flc_safety,sparse,clean,,,30,247501,False,True,False,False,162.0,400,1.8827048254984025,7.332497815253037,58.98320631937455,81
D_nsga2_flc_safety,sparse,clean,,,31,611736,False,True,False,False,32.0,400,2.1305261264410142,9.904049082856774,91.00417445469493,16
D_nsga2_flc_safety,sparse,clean,,,32,202663,False,True,False,False,43.999999999999986,400,2.525604405121089,15.283516701451333,80.95539140233116,22
D_nsga2_flc_safety,sparse,clean,,,33,749349,False,True,False,False,52.0,400,3.470291089302447,11.036877524690357,69.9408600859884,26
D_nsga2_flc_safety,sparse,clean,,,34,67944,False,True,False,False,60.0,400,1.8584457664521865,15.472925366647791,73.42316430978093,30
D_nsga2_flc_safety,sparse,clean,,,35,667972,False,True,False,False,151.99999999999997,400,1.659807142267102,13.354980412689033,51.94885022109584,76
D_nsga2_flc_safety,sparse,clean,,,36,284085,False,True,False,False,748.0,400,2.772900314060042,6.765740676047989,44.61912768740925,374
D_nsga2_flc_safety,sparse,clean,,,37,56648,False,True,False,False,118.0,400,2.070679180271605,7.467058808260391,91.36393019836044,59
D_nsga2_flc_safety,sparse,clean,,,38,883846,False,True,False,False,22.0,400,2.1820122452234503,34.22024116568007,99.47735598168313,11
D_nsga2_flc_safety,sparse,clean,,,39,542999,False,True,False,False,152.0,400,2.2778542172633998,5.331969388814167,35.46905109287387,76
D_nsga2_flc_safety,sparse,clean,,,40,876790,False,True,False,False,253.99999999999997,400,1.8832263683035815,10.840802171630838,107.14534594446195,127
D_nsga2_flc_safety,sparse,clean,,,41,864562,False,True,False,False,40.0,400,2.540026722193317,21.161575172141344,81.65794492022464,20
D_nsga2_flc_safety,sparse,clean,,,42,110485,False,True,False,False,134.0,400,3.3229908384666254,6.685535170988659,89.19705136689637,67
D_nsga2_flc_safety,sparse,clean,,,43,8300,False,True,False,False,28.000000000000007,400,2.1218724335936696,13.96612911047176,94.26223590233867,14
D_nsga2_flc_safety,sparse,clean,,,44,503793,False,True,False,False,258.00000000000006,400,1.8447775063463738,6.642459140893045,119.7476505309782,129
D_nsga2_flc_safety,sparse,clean,,,45,352372,True,False,False,False,118.00000000000006,59,5.121849856916808,3.7881637087276983,2.475314887440769,59
D_nsga2_flc_safety,sparse,clean,,,46,454845,True,False,False,False,124.00000000000001,62,8.532465704723704,3.255646980443146,3.1729332640531025,62
D_nsga2_flc_safety,sparse,clean,,,47,837206,False,False,True,False,800.0000000000001,400,6.75308084340007,5.2706223634662175,39.6023172825133,400
D_nsga2_flc_safety,sparse,clean,,,48,834851,False,True,False,False,46.0,400,2.7375714770593467,12.522256958171614,79.74818618185859,23
D_nsga2_flc_safety,sparse,clean,,,49,457512,False,True,False,False,98.00000000000001,400,2.2231561832104845,4.682920427443288,22.054928270854322,49
D_nsga2_flc_safety,sparse,fault_dropout,dropout,,0,404653,False,True,False,False,172.0,400,1.596509690261551,3.3232991930908593,66.3793035770073,86
D_nsga2_flc_safety,sparse,fault_dropout,dropout,,1,215753,False,False,True,False,799.9999999999999,400,5.303115140684444,4.2220160663680035,97.565805259796,400
D_nsga2_flc_safety,sparse,fault_dropout,dropout,,2,944924,False,True,False,False,40.0,400,1.6452506188360974,14.741527330626544,82.52562087766856,20
D_nsga2_flc_safety,sparse,fault_dropout,dropout,,3,12413,False,True,False,False,82.0,400,2.7678329167394757,5.406281821603643,95.8694025908665,41
D_nsga2_flc_safety,sparse,fault_dropout,dropout,,4,839153,False,True,False,False,140.0,400,2.4821790730725115,7.497078796601295,65.02007666912013,70
D_nsga2_flc_safety,sparse,fault_dropout,dropout,,5,26206,False,True,False,False,64.0,400,2.650435981282037,3.1208720766533937,101.40624959035077,32
D_nsga2_flc_safety,sparse,fault_dropout,dropout,,6,85702,False,True,False,False,312.0,400,1.6111468804257543,7.412597496949477,40.814340220402364,156
D_nsga2_flc_safety,sparse,fault_dropout,dropout,,7,720542,False,True,False,False,128.0,400,2.36350788622827,2.820948675088734,23.926031016204156,64
D_nsga2_flc_safety,sparse,fault_dropout,dropout,,8,43194,False,False,True,False,800.0,400,2.9686922970500014,9.041052241950604,48.92170968944569,400
D_nsga2_flc_safety,sparse,fault_dropout,dropout,,9,76840,False,True,False,False,142.0,400,1.7277964923601605,8.10925025697547,33.538986027014936,71
D_nsga2_flc_safety,sparse,fault_dropout,dropout,,10,827195,False,True,False,False,90.00000000000001,400,4.31497170378013,2.7922294782801695,33.078850914137554,45
D_nsga2_flc_safety,sparse,fault_dropout,dropout,,11,891107,False,False,True,False,800.0,400,3.2328603006143215,4.555787741728669,84.55215487622522,400
D_nsga2_flc_safety,sparse,fault_dropout,dropout,,12,419585,False,True,False,False,120.00000000000001,400,1.8974948165668788,1.8261040539201414,20.468314648051315,60
D_nsga2_flc_safety,sparse,fault_dropout,dropout,,13,197278,False,True,False,False,129.99999999999997,400,2.409806418896329,9.230899331075209,50.543940936779606,65
D_nsga2_flc_safety,sparse,fault_dropout,dropout,,14,662269,False,True,False,False,70.0,400,2.2795415935439314,3.3941061020481884,66.06956791331353,35
D_nsga2_flc_safety,sparse,fault_dropout,dropout,,15,666954,False,True,False,False,23.999999999999996,400,1.8861711504500025,27.241992530492055,96.81954761835831,12
D_nsga2_flc_safety,sparse,fault_dropout,dropout,,16,764983,False,True,False,False,46.0,400,2.323277966697335,3.8390093017174256,73.25651362230363,23
D_nsga2_flc_safety,sparse,fault_dropout,dropout,,17,888532,False,True,False,False,127.99999999999997,400,1.8714617132294726,4.440064236308538,80.60946471817643,64
D_nsga2_flc_safety,sparse,fault_dropout,dropout,,18,155719,False,True,False,False,468.0,400,2.8508325737846656,5.728811032611969,48.988957487890275,234
D_nsga2_flc_safety,sparse,fault_dropout,dropout,,19,579943,False,True,False,False,38.0,400,3.732355503128177,21.913504260608452,82.71332476821736,19
D_nsga2_flc_safety,sparse,fault_dropout,dropout,,20,727353,False,True,False,False,83.99999999999999,400,3.0234310581525916,1.1738770093524935,45.46145580734041,42
D_nsga2_flc_safety,sparse,fault_dropout,dropout,,21,6151,False,True,False,False,87.99999999999999,400,1.606292914424864,8.140403133603703,91.90943341961106,44
D_nsga2_flc_safety,sparse,fault_dropout,dropout,,22,710788,False,True,False,False,62.0,400,1.8049967404633283,8.625657098537603,58.32039222735118,31
D_nsga2_flc_safety,sparse,fault_dropout,dropout,,23,138531,False,True,False,False,118.00000000000001,400,2.796807359496308,3.542383231052637,74.22945207716815,59
D_nsga2_flc_safety,sparse,fault_dropout,dropout,,24,281206,False,True,False,False,292.00000000000006,400,1.7516992948322352,6.788148589134181,59.659858246643466,146
D_nsga2_flc_safety,sparse,fault_dropout,dropout,,25,90320,False,True,False,False,70.0,400,2.0210749250647053,8.393472659555034,53.63180995322585,35
D_nsga2_flc_safety,sparse,fault_dropout,dropout,,26,473688,False,True,False,False,132.0,400,1.8746926508830282,6.075059827243493,32.004759171184226,66
D_nsga2_flc_safety,sparse,fault_dropout,dropout,,27,950752,False,True,False,False,26.0,400,1.6109046071296234,16.384878218802406,94.4757862891203,13
D_nsga2_flc_safety,sparse,fault_dropout,dropout,,28,974050,False,True,False,False,50.0,400,1.6161978183310732,17.09966832376294,77.84898023480551,25
D_nsga2_flc_safety,sparse,fault_dropout,dropout,,29,162968,False,True,False,False,228.0,400,2.552388916667089,10.093124470754402,87.53302865310418,114
D_nsga2_flc_safety,sparse,fault_dropout,dropout,,30,247501,False,True,False,False,162.0,400,2.510233458808694,8.080519349305511,59.57019490632563,81
D_nsga2_flc_safety,sparse,fault_dropout,dropout,,31,611736,False,True,False,False,32.0,400,2.1305261264410142,9.904049082856774,91.00417445469493,16
D_nsga2_flc_safety,sparse,fault_dropout,dropout,,32,202663,False,True,False,False,43.999999999999986,400,2.525604405121089,15.283516701451333,80.95539140233116,22
D_nsga2_flc_safety,sparse,fault_dropout,dropout,,33,749349,False,True,False,False,76.00000000000001,400,1.7483233808847436,2.825727850329143,74.71163825526702,38
D_nsga2_flc_safety,sparse,fault_dropout,dropout,,34,67944,False,True,False,False,74.0,400,3.354714698094218,6.613840517540078,49.758574718768095,37
D_nsga2_flc_safety,sparse,fault_dropout,dropout,,35,667972,False,True,False,False,76.0,400,2.6119101120000243,3.317749114827489,68.0325421803432,38
D_nsga2_flc_safety,sparse,fault_dropout,dropout,,36,284085,False,True,False,False,120.0,400,3.008143872797453,4.21078842303692,17.333047388305168,60
D_nsga2_flc_safety,sparse,fault_dropout,dropout,,37,56648,False,True,False,False,79.99999999999999,400,2.1909558551144133,5.0579486090161865,78.7128629076177,40
D_nsga2_flc_safety,sparse,fault_dropout,dropout,,38,883846,False,True,False,False,22.0,400,2.1820122452234503,34.22024116568007,99.47735598168313,11
D_nsga2_flc_safety,sparse,fault_dropout,dropout,,39,542999,False,True,False,False,50.0,400,2.243188300321224,4.273780279623241,69.47043002231877,25
D_nsga2_flc_safety,sparse,fault_dropout,dropout,,40,876790,False,False,True,False,800.0,400,3.1554080603896932,6.844263691739867,78.37572003611811,400
D_nsga2_flc_safety,sparse,fault_dropout,dropout,,41,864562,False,True,False,False,33.99999999999999,400,2.9211900257094188,20.515928999281826,85.9758684511587,17
D_nsga2_flc_safety,sparse,fault_dropout,dropout,,42,110485,False,False,True,False,800.0,400,2.7295819953304226,5.1966707466383095,44.466556069425856,400
D_nsga2_flc_safety,sparse,fault_dropout,dropout,,43,8300,False,True,False,False,28.000000000000007,400,2.1218724335936696,13.96612911047176,94.26223590233867,14
D_nsga2_flc_safety,sparse,fault_dropout,dropout,,44,503793,False,True,False,False,254.0,400,2.1632661279820904,5.17771914655164,119.69971234848654,127
D_nsga2_flc_safety,sparse,fault_dropout,dropout,,45,352372,False,True,False,False,172.0,400,2.557259059086156,7.227171977541768,63.38805577781381,86
D_nsga2_flc_safety,sparse,fault_dropout,dropout,,46,454845,False,True,False,False,132.00000000000003,400,2.1795607314715744,2.1405589356914283,29.539804224335185,66
D_nsga2_flc_safety,sparse,fault_dropout,dropout,,47,837206,False,False,True,False,800.0,400,2.414042222598154,4.925674638133096,88.35686528754863,400
D_nsga2_flc_safety,sparse,fault_dropout,dropout,,48,834851,False,True,False,False,46.0,400,2.7375714770593467,12.522256958171614,79.74818618185859,23
D_nsga2_flc_safety,sparse,fault_dropout,dropout,,49,457512,False,True,False,False,164.0,400,1.6913494229428105,3.2112021497778547,70.23170067107908,82
D_nsga2_flc_safety,sparse,fault_bias,bias,,0,404653,False,False,True,False,800.0,400,2.710129590119059,39.65813914933865,71.96663051086509,400
D_nsga2_flc_safety,sparse,fault_bias,bias,,1,215753,False,True,False,False,133.99999999999994,400,4.115869839840608,1.9955412778681403,35.16628097414736,67
D_nsga2_flc_safety,sparse,fault_bias,bias,,2,944924,False,True,False,False,40.0,400,1.6452506188360974,14.741527330626544,82.52562087766856,20
D_nsga2_flc_safety,sparse,fault_bias,bias,,3,12413,False,True,False,False,82.0,400,2.420969921521497,5.7254146599381395,97.52498549027821,41
D_nsga2_flc_safety,sparse,fault_bias,bias,,4,839153,False,True,False,False,676.0,400,1.9484938485562582,4.252863723452796,90.95071788988014,338
D_nsga2_flc_safety,sparse,fault_bias,bias,,5,26206,False,True,False,False,80.0,400,2.0858641174793133,11.208513978639942,92.09430758942288,40
D_nsga2_flc_safety,sparse,fault_bias,bias,,6,85702,False,True,False,False,252.00000000000003,400,2.0472575236674437,5.112190991586257,28.017289587971515,126
D_nsga2_flc_safety,sparse,fault_bias,bias,,7,720542,False,True,False,False,126.00000000000003,400,2.599885847629799,3.331853134343695,18.41991541404231,63
D_nsga2_flc_safety,sparse,fault_bias,bias,,8,43194,False,True,False,False,422.00000000000006,400,1.901305772543721,29.670597883479445,44.41779462695497,211
D_nsga2_flc_safety,sparse,fault_bias,bias,,9,76840,False,True,False,False,172.0,400,2.062518735706461,11.55345335213892,68.4144221990768,86
D_nsga2_flc_safety,sparse,fault_bias,bias,,10,827195,False,False,True,False,800.0,400,5.724366454925041,24.27794200773293,48.02480650170669,400
D_nsga2_flc_safety,sparse,fault_bias,bias,,11,891107,False,False,True,False,800.0,400,4.5322539966275075,2.685358803907168,58.971799181928375,400
D_nsga2_flc_safety,sparse,fault_bias,bias,,12,419585,False,True,False,False,120.00000000000003,400,1.809666004114271,2.003822244201007,20.01212409042699,60
D_nsga2_flc_safety,sparse,fault_bias,bias,,13,197278,False,True,False,False,150.0,400,1.8711540299159088,11.88480249349555,35.984617197373844,75
D_nsga2_flc_safety,sparse,fault_bias,bias,,14,662269,False,False,True,False,800.0,400,5.966072399826253,32.93890110591594,81.21949679735046,400
D_nsga2_flc_safety,sparse,fault_bias,bias,,15,666954,False,True,False,False,23.999999999999996,400,1.8861711504500025,27.241992530492055,96.81954761835831,12
D_nsga2_flc_safety,sparse,fault_bias,bias,,16,764983,False,False,True,False,800.0,400,5.065067085331054,4.209281397301844,76.9145447716562,400
D_nsga2_flc_safety,sparse,fault_bias,bias,,17,888532,False,True,False,False,127.99999999999997,400,1.8714617132294726,4.440064236308538,80.60946471817643,64
D_nsga2_flc_safety,sparse,fault_bias,bias,,18,155719,False,True,False,False,266.0,400,3.066676630963429,1.7213098291983944,47.68376627332974,133
D_nsga2_flc_safety,sparse,fault_bias,bias,,19,579943,False,True,False,False,40.00000000000001,400,1.5898434386788143,16.31782904757803,81.3153995148938,20
D_nsga2_flc_safety,sparse,fault_bias,bias,,20,727353,False,True,False,False,112.0,400,1.5673986011942225,6.918169558641518,82.12348886373152,56
D_nsga2_flc_safety,sparse,fault_bias,bias,,21,6151,False,True,False,False,159.99999999999997,400,3.0369682795689847,5.198453814971434,75.2306302958226,80
D_nsga2_flc_safety,sparse,fault_bias,bias,,22,710788,False,True,False,False,56.0,400,2.3226937742199727,2.6346620273206653,64.96990061038018,28
D_nsga2_flc_safety,sparse,fault_bias,bias,,23,138531,False,True,False,False,66.0,400,1.9004962158297878,5.170753493637856,58.44787342065235,33
D_nsga2_flc_safety,sparse,fault_bias,bias,,24,281206,False,True,False,False,248.0,400,1.9660387572831985,2.8710069904648647,71.49743015578824,124
D_nsga2_flc_safety,sparse,fault_bias,bias,,25,90320,False,True,False,False,70.0,400,2.8430091907435875,1.7230309474572911,51.7319868657269,35
D_nsga2_flc_safety,sparse,fault_bias,bias,,26,473688,False,True,False,False,132.00000000000003,400,2.191601959361506,5.697866913535516,32.08154200694923,66
D_nsga2_flc_safety,sparse,fault_bias,bias,,27,950752,False,True,False,False,26.0,400,1.6109046071296234,16.384878218802406,94.4757862891203,13
D_nsga2_flc_safety,sparse,fault_bias,bias,,28,974050,False,True,False,False,48.0,400,2.420419510850417,23.24535547323409,84.58877891350258,24
D_nsga2_flc_safety,sparse,fault_bias,bias,,29,162968,True,False,False,False,126.0,63,10.605876958512237,17.531136281142288,3.181755901907782,63
D_nsga2_flc_safety,sparse,fault_bias,bias,,30,247501,False,True,False,False,162.0,400,2.510233458808694,8.080519349305511,59.57019490632563,81
D_nsga2_flc_safety,sparse,fault_bias,bias,,31,611736,False,True,False,False,32.0,400,2.1305261264410142,9.904049082856774,91.00417445469493,16
D_nsga2_flc_safety,sparse,fault_bias,bias,,32,202663,False,True,False,False,43.999999999999986,400,2.525604405121089,15.283516701451333,80.95539140233116,22
D_nsga2_flc_safety,sparse,fault_bias,bias,,33,749349,False,True,False,False,76.00000000000001,400,1.7568217337178034,2.8268540299484557,74.70507250611097,38
D_nsga2_flc_safety,sparse,fault_bias,bias,,34,67944,False,True,False,False,102.0,400,1.8074737318778478,4.902874213752101,91.69721430424408,51
D_nsga2_flc_safety,sparse,fault_bias,bias,,35,667972,False,True,False,False,76.0,400,2.6119101120000243,3.317749114827489,68.0325421803432,38
D_nsga2_flc_safety,sparse,fault_bias,bias,,36,284085,False,True,False,False,374.0,400,1.862211573854246,26.146319667902755,91.43713632603007,187
D_nsga2_flc_safety,sparse,fault_bias,bias,,37,56648,False,True,False,False,78.0,400,2.3461892001760574,5.6053736747291705,79.08481699053843,39
D_nsga2_flc_safety,sparse,fault_bias,bias,,38,883846,False,True,False,False,22.0,400,2.1820122452234503,34.22024116568007,99.47735598168313,11
D_nsga2_flc_safety,sparse,fault_bias,bias,,39,542999,False,True,False,False,50.0,400,2.243188300321224,4.273780279623241,69.47043002231877,25
D_nsga2_flc_safety,sparse,fault_bias,bias,,40,876790,False,True,False,False,133.99999999999997,400,2.4324706900027735,5.713196917796636,25.323816495056843,67
D_nsga2_flc_safety,sparse,fault_bias,bias,,41,864562,False,True,False,False,100.00000000000001,400,2.194680198467712,7.025790055123141,91.6699231300472,50
D_nsga2_flc_safety,sparse,fault_bias,bias,,42,110485,False,True,False,False,250.0,400,2.7295819953304226,4.512844309220426,32.38458313280694,125
D_nsga2_flc_safety,sparse,fault_bias,bias,,43,8300,False,True,False,False,28.000000000000007,400,2.1218724335936696,13.96612911047176,94.26223590233867,14
D_nsga2_flc_safety,sparse,fault_bias,bias,,44,503793,False,True,False,False,140.0,400,2.5356076359853508,7.3070898625477705,83.09197681406836,70
D_nsga2_flc_safety,sparse,fault_bias,bias,,45,352372,False,False,True,False,800.0,400,2.8471325978121778,4.466384038302448,64.00321816278033,400
D_nsga2_flc_safety,sparse,fault_bias,bias,,46,454845,False,True,False,False,129.99999999999997,400,2.1880166061289836,2.3532402628392126,27.081526119421934,65
D_nsga2_flc_safety,sparse,fault_bias,bias,,47,837206,False,False,True,False,800.0,400,3.894082776970412,3.3306248786919883,45.31923348361358,400
D_nsga2_flc_safety,sparse,fault_bias,bias,,48,834851,False,True,False,False,46.0,400,2.7375714770593467,12.522256958171614,79.74818618185859,23
D_nsga2_flc_safety,sparse,fault_bias,bias,,49,457512,False,True,False,False,164.0,400,1.6913494229428105,3.2089937367516472,70.23322080032406,82
D_nsga2_flc_safety,sparse,fault_stale,stale,,0,404653,False,True,False,False,560.0,400,2.5508821016202265,6.675957466266387,66.71776907373867,280
D_nsga2_flc_safety,sparse,fault_stale,stale,,1,215753,False,True,False,False,189.99999999999994,400,2.791105402913809,4.9596909392508515,91.72743078549314,95
D_nsga2_flc_safety,sparse,fault_stale,stale,,2,944924,False,True,False,False,40.0,400,1.6452506188360974,14.741527330626544,82.52562087766856,20
D_nsga2_flc_safety,sparse,fault_stale,stale,,3,12413,False,True,False,False,102.0,400,3.3655521445042678,5.972052450206291,90.82540291586332,51
D_nsga2_flc_safety,sparse,fault_stale,stale,,4,839153,False,False,True,False,800.0,400,4.62483393545772,7.0150381682200615,81.47109413893112,400
D_nsga2_flc_safety,sparse,fault_stale,stale,,5,26206,False,True,False,False,52.00000000000001,400,4.0491099478612025,6.56478557676621,76.1060722219057,26
D_nsga2_flc_safety,sparse,fault_stale,stale,,6,85702,False,True,False,False,718.0000000000001,400,1.8537343093415402,8.817485535626817,41.195548671098486,359
D_nsga2_flc_safety,sparse,fault_stale,stale,,7,720542,False,True,False,False,128.00000000000003,400,2.2415280955702346,3.2504799226399954,9.1097552233193,64
D_nsga2_flc_safety,sparse,fault_stale,stale,,8,43194,False,False,True,False,800.0,400,2.9686922970500014,9.576971091419113,29.616356325181606,400
D_nsga2_flc_safety,sparse,fault_stale,stale,,9,76840,False,True,False,False,180.0,400,2.062518735706461,9.548498419848814,30.565007046579005,90
D_nsga2_flc_safety,sparse,fault_stale,stale,,10,827195,False,True,False,False,90.00000000000001,400,4.663692961132083,2.963276669491165,33.040418548493776,45
D_nsga2_flc_safety,sparse,fault_stale,stale,,11,891107,False,False,True,False,800.0,400,2.9581031010381627,4.637207260756011,74.15582735241541,400
D_nsga2_flc_safety,sparse,fault_stale,stale,,12,419585,True,False,False,False,118.00000000000003,59,6.078045072890956,3.132694372957086,3.233763654319104,59
D_nsga2_flc_safety,sparse,fault_stale,stale,,13,197278,False,True,False,False,290.0,400,2.0915104982502797,5.1636114893146345,51.23687712306938,145
D_nsga2_flc_safety,sparse,fault_stale,stale,,14,662269,False,True,False,False,69.99999999999999,400,2.1335751693850256,4.151646476731138,68.54335489190609,35
D_nsga2_flc_safety,sparse,fault_stale,stale,,15,666954,False,True,False,False,23.999999999999996,400,1.8861711504500025,27.241992530492055,96.81954761835831,12
D_nsga2_flc_safety,sparse,fault_stale,stale,,16,764983,True,False,False,False,262.0,131,3.1612708503141747,7.04897688338863,2.5238876290896277,131
D_nsga2_flc_safety,sparse,fault_stale,stale,,17,888532,False,False,True,False,800.0,400,2.9946472076724193,7.794420323433257,74.35290015825935,400
D_nsga2_flc_safety,sparse,fault_stale,stale,,18,155719,False,True,False,False,116.00000000000001,400,2.1105330570744174,2.2270138990989468,78.8251581500397,58
D_nsga2_flc_safety,sparse,fault_stale,stale,,19,579943,False,True,False,False,38.0,400,3.7764255057188922,21.811944604174872,82.71405900865021,19
D_nsga2_flc_safety,sparse,fault_stale,stale,,20,727353,False,True,False,False,139.99999999999997,400,2.66017124046763,4.454570941946703,44.87233419572222,70
D_nsga2_flc_safety,sparse,fault_stale,stale,,21,6151,False,True,False,False,86.0,400,3.081008733568256,8.036971436785871,63.155142463273094,43
D_nsga2_flc_safety,sparse,fault_stale,stale,,22,710788,False,True,False,False,60.000000000000014,400,2.401489839010517,4.084932439946448,60.222622954876314,30
D_nsga2_flc_safety,sparse,fault_stale,stale,,23,138531,False,True,False,False,122.00000000000001,400,1.742660657894681,3.940711498408479,79.22776697235697,61
D_nsga2_flc_safety,sparse,fault_stale,stale,,24,281206,False,True,False,False,290.0,400,2.4008915521120335,6.161476512433481,59.985098263515965,145
D_nsga2_flc_safety,sparse,fault_stale,stale,,25,90320,False,True,False,False,70.0,400,2.447386982712908,2.1452929258436506,52.81401393091949,35
D_nsga2_flc_safety,sparse,fault_stale,stale,,26,473688,False,True,False,False,134.00000000000003,400,1.5863844963557174,4.897904982670464,34.76164631898296,67
D_nsga2_flc_safety,sparse,fault_stale,stale,,27,950752,False,True,False,False,26.0,400,1.6109046071296234,16.384878218802406,94.4757862891203,13
D_nsga2_flc_safety,sparse,fault_stale,stale,,28,974050,False,True,False,False,48.0,400,2.420419510850417,18.556518012854898,82.89951070797908,24
D_nsga2_flc_safety,sparse,fault_stale,stale,,29,162968,False,True,False,False,223.99999999999997,400,2.620574605175017,10.45184114491961,87.94790093760724,112
D_nsga2_flc_safety,sparse,fault_stale,stale,,30,247501,False,True,False,False,190.0,400,1.5822711667458718,6.92420967581477,82.51990564483827,95
D_nsga2_flc_safety,sparse,fault_stale,stale,,31,611736,False,True,False,False,32.0,400,2.1305261264410142,9.904049082856774,91.00417445469493,16
D_nsga2_flc_safety,sparse,fault_stale,stale,,32,202663,False,True,False,False,43.999999999999986,400,2.525604405121089,15.283516701451333,80.95539140233116,22
D_nsga2_flc_safety,sparse,fault_stale,stale,,33,749349,False,True,False,False,110.0,400,3.1971142838324775,3.702977953015874,90.7304143199141,55
D_nsga2_flc_safety,sparse,fault_stale,stale,,34,67944,False,True,False,False,60.0,400,1.8164591912531944,9.147990082389958,74.55664696520823,30
D_nsga2_flc_safety,sparse,fault_stale,stale,,35,667972,False,True,False,False,230.0,400,2.422319744672942,5.860979725482384,68.43549946442135,115
D_nsga2_flc_safety,sparse,fault_stale,stale,,36,284085,False,False,True,False,800.0,400,2.859916366145847,7.0437055098750205,88.12091127788469,400
D_nsga2_flc_safety,sparse,fault_stale,stale,,37,56648,False,True,False,False,100.0,400,3.03907020998887,6.635443043692293,90.83539349313942,50
D_nsga2_flc_safety,sparse,fault_stale,stale,,38,883846,False,True,False,False,22.0,400,2.1820122452234503,34.22024116568007,99.47735598168313,11
D_nsga2_flc_safety,sparse,fault_stale,stale,,39,542999,False,True,False,False,158.00000000000006,400,1.9232369831498075,5.451314299663192,36.59092490532301,79
D_nsga2_flc_safety,sparse,fault_stale,stale,,40,876790,False,True,False,False,134.0,400,1.9381419048240627,8.664145135500851,19.35394957621831,67
D_nsga2_flc_safety,sparse,fault_stale,stale,,41,864562,False,True,False,False,33.99999999999999,400,2.9211900257094188,20.515928999281826,85.9758684511587,17
D_nsga2_flc_safety,sparse,fault_stale,stale,,42,110485,False,True,False,False,122.0,400,3.4869062911884345,5.306765634763132,78.27084633991772,61
D_nsga2_flc_safety,sparse,fault_stale,stale,,43,8300,False,True,False,False,28.000000000000007,400,2.1218724335936696,13.96612911047176,94.26223590233867,14
D_nsga2_flc_safety,sparse,fault_stale,stale,,44,503793,False,True,False,False,262.0,400,2.00142749341906,5.347641121628771,119.9790384251913,131
D_nsga2_flc_safety,sparse,fault_stale,stale,,45,352372,True,False,False,False,120.00000000000004,60,5.121849856916808,3.985601375421999,2.330667568874074,60
D_nsga2_flc_safety,sparse,fault_stale,stale,,46,454845,False,True,False,False,126.00000000000003,400,2.623569685558256,2.5365287959263285,18.072351214465556,63
D_nsga2_flc_safety,sparse,fault_stale,stale,,47,837206,False,False,True,False,800.0,400,2.4305570428742156,5.110682121435396,88.35656738026684,400
D_nsga2_flc_safety,sparse,fault_stale,stale,,48,834851,False,True,False,False,46.0,400,2.7375714770593467,12.522256958171614,79.74818618185859,23
D_nsga2_flc_safety,sparse,fault_stale,stale,,49,457512,False,True,False,False,102.0,400,3.197598899004717,4.3030192803538,26.097569415310357,51
D_nsga2_flc_safety,sparse,fault_noise_spike_sev1,noise_spike,12.0,0,404653,False,True,False,False,155.99999999999997,400,2.9117236802283983,6.964495615124696,67.36628705948921,78
D_nsga2_flc_safety,sparse,fault_noise_spike_sev1,noise_spike,12.0,1,215753,False,False,True,False,799.9999999999999,400,5.587619225600288,5.285265144108688,90.782851443159,400
D_nsga2_flc_safety,sparse,fault_noise_spike_sev1,noise_spike,12.0,2,944924,False,True,False,False,40.0,400,1.6452506188360974,14.741527330626544,82.52562087766856,20
D_nsga2_flc_safety,sparse,fault_noise_spike_sev1,noise_spike,12.0,3,12413,False,True,False,False,104.0,400,2.4463781076428943,13.921480253081164,91.61583281184951,52
D_nsga2_flc_safety,sparse,fault_noise_spike_sev1,noise_spike,12.0,4,839153,True,False,False,False,122.0,61,10.305826618709919,5.152630991843887,3.652921783896951,61
D_nsga2_flc_safety,sparse,fault_noise_spike_sev1,noise_spike,12.0,5,26206,False,True,False,False,40.0,400,2.5593025597063397,10.394848927630143,80.38819221538402,20
D_nsga2_flc_safety,sparse,fault_noise_spike_sev1,noise_spike,12.0,6,85702,False,True,False,False,304.0,400,2.014936872856086,8.150141105773924,40.41528133233644,152
D_nsga2_flc_safety,sparse,fault_noise_spike_sev1,noise_spike,12.0,7,720542,True,False,False,False,122.0,61,10.171705953732292,7.654931986566609,3.976562117188255,61
D_nsga2_flc_safety,sparse,fault_noise_spike_sev1,noise_spike,12.0,8,43194,False,False,True,False,800.0,400,3.142602518703017,10.676004530490768,48.90704469079951,400
D_nsga2_flc_safety,sparse,fault_noise_spike_sev1,noise_spike,12.0,9,76840,False,False,True,False,800.0,400,2.062518735706461,5.8078309311863245,76.30242366907673,400
D_nsga2_flc_safety,sparse,fault_noise_spike_sev1,noise_spike,12.0,10,827195,False,True,False,False,90.00000000000001,400,4.2923409975969475,6.039477443603947,33.29123440809514,45
D_nsga2_flc_safety,sparse,fault_noise_spike_sev1,noise_spike,12.0,11,891107,True,False,False,False,117.99999999999997,59,7.637180901239196,4.912166082739166,3.4467336007093055,59
D_nsga2_flc_safety,sparse,fault_noise_spike_sev1,noise_spike,12.0,12,419585,True,False,False,False,120.00000000000004,60,4.34575933155262,5.994771803617539,3.3421119708485074,60
D_nsga2_flc_safety,sparse,fault_noise_spike_sev1,noise_spike,12.0,13,197278,False,False,True,False,800.0,400,7.007218794424631,6.819657229495466,53.75962584656212,400
D_nsga2_flc_safety,sparse,fault_noise_spike_sev1,noise_spike,12.0,14,662269,False,True,False,False,69.99999999999999,400,2.051636240091721,8.189716613394447,69.96299114979286,35
D_nsga2_flc_safety,sparse,fault_noise_spike_sev1,noise_spike,12.0,15,666954,False,True,False,False,23.999999999999996,400,1.8861711504500025,27.241992530492055,96.81954761835831,12
D_nsga2_flc_safety,sparse,fault_noise_spike_sev1,noise_spike,12.0,16,764983,False,True,False,False,251.99999999999997,400,1.662820479070081,7.5042488250037644,120.55277251493486,126
D_nsga2_flc_safety,sparse,fault_noise_spike_sev1,noise_spike,12.0,17,888532,False,False,True,False,800.0,400,4.54628256006372,8.262455517273835,75.67095075197369,400
D_nsga2_flc_safety,sparse,fault_noise_spike_sev1,noise_spike,12.0,18,155719,False,True,False,False,300.0,400,3.2093183443748017,9.822742675615919,41.70286504019546,150
D_nsga2_flc_safety,sparse,fault_noise_spike_sev1,noise_spike,12.0,19,579943,False,True,False,False,38.0,400,3.732355503128177,21.913504260608452,82.71332476821736,19
D_nsga2_flc_safety,sparse,fault_noise_spike_sev1,noise_spike,12.0,20,727353,False,True,False,False,124.0,400,3.0481374522479356,9.975631534950402,7.736366671173348,62
D_nsga2_flc_safety,sparse,fault_noise_spike_sev1,noise_spike,12.0,21,6151,False,True,False,False,335.99999999999994,400,1.6889993717687128,6.563871041087194,120.8133565574541,168
D_nsga2_flc_safety,sparse,fault_noise_spike_sev1,noise_spike,12.0,22,710788,False,True,False,False,282.0,400,2.0772965900625024,12.099032018219832,24.159771411431322,141
D_nsga2_flc_safety,sparse,fault_noise_spike_sev1,noise_spike,12.0,23,138531,False,True,False,False,118.00000000000001,400,2.4666579036631058,6.670731256920689,18.695474420045766,59
D_nsga2_flc_safety,sparse,fault_noise_spike_sev1,noise_spike,12.0,24,281206,False,True,False,False,42.000000000000014,400,1.7281912587493244,9.623181767140764,79.10836987637568,21
D_nsga2_flc_safety,sparse,fault_noise_spike_sev1,noise_spike,12.0,25,90320,True,False,False,False,120.0,60,8.174491603300954,6.55339834965884,2.7343571300688345,60
D_nsga2_flc_safety,sparse,fault_noise_spike_sev1,noise_spike,12.0,26,473688,False,True,False,False,146.00000000000003,400,1.6523568445992964,10.293267436252586,48.928448495745236,73
D_nsga2_flc_safety,sparse,fault_noise_spike_sev1,noise_spike,12.0,27,950752,False,True,False,False,26.0,400,1.6109046071296234,16.384878218802406,94.4757862891203,13
D_nsga2_flc_safety,sparse,fault_noise_spike_sev1,noise_spike,12.0,28,974050,False,True,False,False,48.0,400,2.420419510850417,23.166487956916498,84.05635596604472,24
D_nsga2_flc_safety,sparse,fault_noise_spike_sev1,noise_spike,12.0,29,162968,False,True,False,False,219.99999999999997,400,2.318665994869441,10.717187341783251,87.85942105741985,110
D_nsga2_flc_safety,sparse,fault_noise_spike_sev1,noise_spike,12.0,30,247501,False,True,False,False,162.0,400,1.9265367951414816,6.302285402540167,59.931723293416454,81
D_nsga2_flc_safety,sparse,fault_noise_spike_sev1,noise_spike,12.0,31,611736,False,True,False,False,32.0,400,2.1305261264410142,9.904049082856774,91.00417445469493,16
D_nsga2_flc_safety,sparse,fault_noise_spike_sev1,noise_spike,12.0,32,202663,False,True,False,False,43.999999999999986,400,2.525604405121089,15.283516701451333,80.95539140233116,22
D_nsga2_flc_safety,sparse,fault_noise_spike_sev1,noise_spike,12.0,33,749349,False,True,False,False,52.0,400,3.7952533310763226,8.78723189125214,70.19173188112774,26
D_nsga2_flc_safety,sparse,fault_noise_spike_sev1,noise_spike,12.0,34,67944,False,True,False,False,60.00000000000001,400,1.8833009583601936,17.18106441465785,73.25426692634866,30
D_nsga2_flc_safety,sparse,fault_noise_spike_sev1,noise_spike,12.0,35,667972,False,True,False,False,152.0,400,1.9182158686520026,14.009385177736236,54.050915537535985,76
D_nsga2_flc_safety,sparse,fault_noise_spike_sev1,noise_spike,12.0,36,284085,False,True,False,False,740.0,400,2.566699450557125,7.134776994171018,44.34484104116331,370
D_nsga2_flc_safety,sparse,fault_noise_spike_sev1,noise_spike,12.0,37,56648,False,True,False,False,211.99999999999997,400,2.453774759838168,9.985582753919404,78.73154945614127,106
D_nsga2_flc_safety,sparse,fault_noise_spike_sev1,noise_spike,12.0,38,883846,False,True,False,False,22.0,400,2.1820122452234503,34.22024116568007,99.47735598168313,11
D_nsga2_flc_safety,sparse,fault_noise_spike_sev1,noise_spike,12.0,39,542999,False,True,False,False,152.0,400,2.423909228047079,7.213669964161753,35.39058425988739,76
D_nsga2_flc_safety,sparse,fault_noise_spike_sev1,noise_spike,12.0,40,876790,False,True,False,False,256.0,400,2.1665157790370415,11.089048258902208,106.68233229517608,128
D_nsga2_flc_safety,sparse,fault_noise_spike_sev1,noise_spike,12.0,41,864562,False,True,False,False,40.0,400,2.553462718983875,21.254738753796588,81.66852350679693,20
D_nsga2_flc_safety,sparse,fault_noise_spike_sev1,noise_spike,12.0,42,110485,False,True,False,False,138.0,400,2.4155137442164802,9.538337143273452,90.21318434858223,69
D_nsga2_flc_safety,sparse,fault_noise_spike_sev1,noise_spike,12.0,43,8300,False,True,False,False,28.000000000000007,400,2.1218724335936696,13.96612911047176,94.26223590233867,14
D_nsga2_flc_safety,sparse,fault_noise_spike_sev1,noise_spike,12.0,44,503793,False,True,False,False,255.99999999999997,400,2.188182604347909,5.642226204959381,120.51858585081057,128
D_nsga2_flc_safety,sparse,fault_noise_spike_sev1,noise_spike,12.0,45,352372,True,False,False,False,120.0,60,5.121849856916808,5.533221492153556,2.239443898392655,60
D_nsga2_flc_safety,sparse,fault_noise_spike_sev1,noise_spike,12.0,46,454845,True,False,False,False,124.00000000000001,62,8.623671050233623,4.408580086703296,3.002590877277877,62
D_nsga2_flc_safety,sparse,fault_noise_spike_sev1,noise_spike,12.0,47,837206,False,False,True,False,800.0,400,2.833953606196945,4.7295490081903555,89.21040818343101,400
D_nsga2_flc_safety,sparse,fault_noise_spike_sev1,noise_spike,12.0,48,834851,False,True,False,False,46.0,400,2.7375714770593467,12.522256958171614,79.74818618185859,23
D_nsga2_flc_safety,sparse,fault_noise_spike_sev1,noise_spike,12.0,49,457512,False,True,False,False,98.00000000000001,400,2.5387057318795465,5.645560246063811,22.075073970142075,49
D_nsga2_flc_safety,sparse,fault_noise_spike_sev2,noise_spike,30.0,0,404653,False,True,False,False,40.00000000000001,400,3.359655871827276,8.18127396905955,87.74881561182518,20
D_nsga2_flc_safety,sparse,fault_noise_spike_sev2,noise_spike,30.0,1,215753,False,False,True,False,799.9999999999999,400,3.6027041506523294,6.600233242697336,85.98915999769784,400
D_nsga2_flc_safety,sparse,fault_noise_spike_sev2,noise_spike,30.0,2,944924,False,True,False,False,40.0,400,1.6452506188360974,14.741527330626544,82.52562087766856,20
D_nsga2_flc_safety,sparse,fault_noise_spike_sev2,noise_spike,30.0,3,12413,False,True,False,False,98.0,400,3.1190129537910427,14.262972787211964,91.02732096682776,49
D_nsga2_flc_safety,sparse,fault_noise_spike_sev2,noise_spike,30.0,4,839153,False,False,True,False,800.0,400,4.79492497592346,7.131981300029231,82.51295707528008,400
D_nsga2_flc_safety,sparse,fault_noise_spike_sev2,noise_spike,30.0,5,26206,False,True,False,False,40.0,400,2.5459422587323917,10.435883537199649,80.38456946463516,20
D_nsga2_flc_safety,sparse,fault_noise_spike_sev2,noise_spike,30.0,6,85702,False,True,False,False,304.0,400,1.8196006981749193,8.248864405845907,40.59458290738371,152
D_nsga2_flc_safety,sparse,fault_noise_spike_sev2,noise_spike,30.0,7,720542,True,False,False,False,124.00000000000001,62,8.867661888072805,12.349744657136501,2.5533684508931516,62
D_nsga2_flc_safety,sparse,fault_noise_spike_sev2,noise_spike,30.0,8,43194,False,False,True,False,800.0,400,3.837989637296794,12.934998042632344,31.82305416836374,400
D_nsga2_flc_safety,sparse,fault_noise_spike_sev2,noise_spike,30.0,9,76840,False,True,False,False,164.0,400,2.062518735706461,11.64733845914822,40.63523191512908,82
D_nsga2_flc_safety,sparse,fault_noise_spike_sev2,noise_spike,30.0,10,827195,True,False,False,False,124.00000000000003,62,4.892378801678979,11.105811396769887,3.668543396311803,62
D_nsga2_flc_safety,sparse,fault_noise_spike_sev2,noise_spike,30.0,11,891107,False,True,False,False,123.99999999999999,400,3.4219611670099748,6.300018573784699,8.242366544762593,62
D_nsga2_flc_safety,sparse,fault_noise_spike_sev2,noise_spike,30.0,12,419585,False,True,False,False,132.0,400,2.7761367060532565,11.22217059536376,8.842260146713027,66
D_nsga2_flc_safety,sparse,fault_noise_spike_sev2,noise_spike,30.0,13,197278,False,True,False,False,207.99999999999997,400,3.0872172726008196,10.005921781607173,81.64978201797364,104
D_nsga2_flc_safety,sparse,fault_noise_spike_sev2,noise_spike,30.0,14,662269,False,True,False,False,142.0,400,2.7513987085705702,15.365953307327553,72.7641748120019,71
D_nsga2_flc_safety,sparse,fault_noise_spike_sev2,noise_spike,30.0,15,666954,False,True,False,False,23.999999999999996,400,1.8861711504500025,27.241992530492055,96.81954761835831,12
D_nsga2_flc_safety,sparse,fault_noise_spike_sev2,noise_spike,30.0,16,764983,False,True,False,False,90.0,400,3.2595097429278383,9.444240053253914,39.36533289794687,45
D_nsga2_flc_safety,sparse,fault_noise_spike_sev2,noise_spike,30.0,17,888532,False,False,True,False,800.0,400,4.098402899099056,8.39801356652162,74.70668769019633,400
D_nsga2_flc_safety,sparse,fault_noise_spike_sev2,noise_spike,30.0,18,155719,True,False,False,False,124.0,62,4.424557033171462,15.363153434939372,3.6079909931001817,62
D_nsga2_flc_safety,sparse,fault_noise_spike_sev2,noise_spike,30.0,19,579943,False,True,False,False,38.0,400,3.732355503128177,21.913504260608452,82.71332476821736,19
D_nsga2_flc_safety,sparse,fault_noise_spike_sev2,noise_spike,30.0,20,727353,False,False,True,False,800.0,400,2.8437756373098164,6.276099581490382,95.34666096748437,400
D_nsga2_flc_safety,sparse,fault_noise_spike_sev2,noise_spike,30.0,21,6151,False,True,False,False,336.0,400,1.6730014641136992,8.881464372304388,120.11738693131689,168
D_nsga2_flc_safety,sparse,fault_noise_spike_sev2,noise_spike,30.0,22,710788,False,True,False,False,478.0,400,2.1861184641778864,9.357613422177295,32.596901959180464,239
D_nsga2_flc_safety,sparse,fault_noise_spike_sev2,noise_spike,30.0,23,138531,False,True,False,False,115.99999999999997,400,3.450999961498791,12.159485807292262,17.788938346899478,58
D_nsga2_flc_safety,sparse,fault_noise_spike_sev2,noise_spike,30.0,24,281206,False,True,False,False,42.00000000000001,400,1.7667522725535916,10.256578454541337,78.91923689001817,21
D_nsga2_flc_safety,sparse,fault_noise_spike_sev2,noise_spike,30.0,25,90320,False,True,False,False,134.00000000000003,400,2.2379861124010723,12.597004196635934,7.670051753819877,67
D_nsga2_flc_safety,sparse,fault_noise_spike_sev2,noise_spike,30.0,26,473688,False,True,False,False,298.0,400,3.1560396440658316,11.121807710467538,65.79817861959455,149
D_nsga2_flc_safety,sparse,fault_noise_spike_sev2,noise_spike,30.0,27,950752,False,True,False,False,26.0,400,1.6109046071296234,16.384878218802406,94.4757862891203,13
D_nsga2_flc_safety,sparse,fault_noise_spike_sev2,noise_spike,30.0,28,974050,False,True,False,False,48.0,400,2.420419510850417,23.127622399606647,84.07681026121836,24
D_nsga2_flc_safety,sparse,fault_noise_spike_sev2,noise_spike,30.0,29,162968,False,True,False,False,209.99999999999997,400,2.1431767746407893,16.232892214467526,87.85928863911481,105
D_nsga2_flc_safety,sparse,fault_noise_spike_sev2,noise_spike,30.0,30,247501,False,True,False,False,161.99999999999997,400,3.7441363635753757,9.940111249328957,58.33032542743967,81
D_nsga2_flc_safety,sparse,fault_noise_spike_sev2,noise_spike,30.0,31,611736,False,True,False,False,32.0,400,2.1305261264410142,9.904049082856774,91.00417445469493,16
D_nsga2_flc_safety,sparse,fault_noise_spike_sev2,noise_spike,30.0,32,202663,False,True,False,False,43.999999999999986,400,2.525604405121089,15.283516701451333,80.95539140233116,22
D_nsga2_flc_safety,sparse,fault_noise_spike_sev2,noise_spike,30.0,33,749349,True,False,False,False,118.00000000000003,59,1.9025233222595916,8.897878885558972,3.616983137503239,59
D_nsga2_flc_safety,sparse,fault_noise_spike_sev2,noise_spike,30.0,34,67944,False,True,False,False,59.99999999999999,400,1.878155812620196,17.6116451478823,73.29703241518904,30
D_nsga2_flc_safety,sparse,fault_noise_spike_sev2,noise_spike,30.0,35,667972,False,True,False,False,268.0,400,2.361956295044684,13.442367229014456,91.17856973779983,134
D_nsga2_flc_safety,sparse,fault_noise_spike_sev2,noise_spike,30.0,36,284085,True,False,False,False,120.00000000000003,60,10.648400662850998,16.16076731945956,3.0516828302605057,60
D_nsga2_flc_safety,sparse,fault_noise_spike_sev2,noise_spike,30.0,37,56648,False,True,False,False,64.0,400,1.9955711569539127,20.62372979364036,61.24393034342064,32
D_nsga2_flc_safety,sparse,fault_noise_spike_sev2,noise_spike,30.0,38,883846,False,True,False,False,22.0,400,2.1820122452234503,34.22024116568007,99.47735598168313,11
D_nsga2_flc_safety,sparse,fault_noise_spike_sev2,noise_spike,30.0,39,542999,False,True,False,False,256.0,400,1.8478890438566489,8.540208459676428,116.31788157278093,128
D_nsga2_flc_safety,sparse,fault_noise_spike_sev2,noise_spike,30.0,40,876790,False,True,False,False,256.00000000000006,400,2.224527140466043,13.291880524738346,106.3381270310708,128
D_nsga2_flc_safety,sparse,fault_noise_spike_sev2,noise_spike,30.0,41,864562,False,True,False,False,40.0,400,2.4967019233204923,19.91841703320473,81.6170665819111,20
D_nsga2_flc_safety,sparse,fault_noise_spike_sev2,noise_spike,30.0,42,110485,False,True,False,False,146.0,400,3.0101738978701444,9.275048099079049,90.19953912971948,73
D_nsga2_flc_safety,sparse,fault_noise_spike_sev2,noise_spike,30.0,43,8300,False,True,False,False,28.000000000000007,400,2.1218724335936696,13.96612911047176,94.26223590233867,14
D_nsga2_flc_safety,sparse,fault_noise_spike_sev2,noise_spike,30.0,44,503793,False,True,False,False,144.0,400,2.2703848231434045,12.860358902488393,7.3474524001595025,72
D_nsga2_flc_safety,sparse,fault_noise_spike_sev2,noise_spike,30.0,45,352372,True,False,False,False,122.00000000000003,61,3.0419529775213765,10.687873677126113,3.401813115164511,61
D_nsga2_flc_safety,sparse,fault_noise_spike_sev2,noise_spike,30.0,46,454845,True,False,False,False,124.00000000000001,62,7.412184082346697,9.692838945706391,3.7829155629921867,62
D_nsga2_flc_safety,sparse,fault_noise_spike_sev2,noise_spike,30.0,47,837206,False,False,True,False,800.0000000000001,400,2.393132542227821,5.431740799900322,76.64197766864618,400
D_nsga2_flc_safety,sparse,fault_noise_spike_sev2,noise_spike,30.0,48,834851,False,True,False,False,46.0,400,2.7375714770593467,12.522256958171614,79.74818618185859,23
D_nsga2_flc_safety,sparse,fault_noise_spike_sev2,noise_spike,30.0,49,457512,False,True,False,False,170.00000000000003,400,1.68938602916809,15.70776305406688,69.33804180658134,85
D_nsga2_flc_safety,sparse,fault_noise_spike_sev3,noise_spike,60.0,0,404653,False,True,False,False,334.0,400,2.6808806088489137,14.300740845324082,67.08233222216391,167
D_nsga2_flc_safety,sparse,fault_noise_spike_sev3,noise_spike,60.0,1,215753,False,True,False,False,292.0,400,2.701430388838877,11.342353561265055,33.473073865453095,146
D_nsga2_flc_safety,sparse,fault_noise_spike_sev3,noise_spike,60.0,2,944924,False,True,False,False,40.0,400,1.6452506188360974,14.741527330626544,82.52562087766856,20
D_nsga2_flc_safety,sparse,fault_noise_spike_sev3,noise_spike,60.0,3,12413,False,True,False,False,96.0,400,1.9075186318907935,11.463544343433197,93.06185677060247,48
D_nsga2_flc_safety,sparse,fault_noise_spike_sev3,noise_spike,60.0,4,839153,False,False,True,False,800.0,400,4.680631503653452,7.352495267198212,81.5379995243151,400
D_nsga2_flc_safety,sparse,fault_noise_spike_sev3,noise_spike,60.0,5,26206,False,True,False,False,38.0,400,1.67184977281388,19.826818808580487,81.78235771560915,19
D_nsga2_flc_safety,sparse,fault_noise_spike_sev3,noise_spike,60.0,6,85702,False,True,False,False,304.0,400,2.044980496527573,9.050963232126042,40.985064205858706,152
D_nsga2_flc_safety,sparse,fault_noise_spike_sev3,noise_spike,60.0,7,720542,True,False,False,False,124.0,62,7.692572552901659,13.2828367081345,3.7589134909914574,62
D_nsga2_flc_safety,sparse,fault_noise_spike_sev3,noise_spike,60.0,8,43194,False,False,True,False,800.0,400,3.907097406487661,14.61835296062045,36.90249205030328,400
D_nsga2_flc_safety,sparse,fault_noise_spike_sev3,noise_spike,60.0,9,76840,False,True,False,False,210.0,400,2.062518735706461,12.263138055730252,70.74390387736867,105
D_nsga2_flc_safety,sparse,fault_noise_spike_sev3,noise_spike,60.0,10,827195,False,True,False,False,90.00000000000001,400,5.080048732080335,12.683705906704715,33.187398217370216,45
D_nsga2_flc_safety,sparse,fault_noise_spike_sev3,noise_spike,60.0,11,891107,False,True,False,False,110.0,400,2.4768651245304367,6.075630062169467,11.55255944167635,55
D_nsga2_flc_safety,sparse,fault_noise_spike_sev3,noise_spike,60.0,12,419585,False,True,False,False,122.0,400,2.722426897797174,10.22383754621056,8.238813796564678,61
D_nsga2_flc_safety,sparse,fault_noise_spike_sev3,noise_spike,60.0,13,197278,False,True,False,False,194.0,400,2.2782172327290695,9.684251952333579,81.08528410815221,97
D_nsga2_flc_safety,sparse,fault_noise_spike_sev3,noise_spike,60.0,14,662269,False,True,False,False,218.0,400,3.5979947263009326,17.02265757692593,71.88750047804322,109
D_nsga2_flc_safety,sparse,fault_noise_spike_sev3,noise_spike,60.0,15,666954,False,True,False,False,23.999999999999996,400,1.8861711504500025,27.241992530492055,96.81954761835831,12
D_nsga2_flc_safety,sparse,fault_noise_spike_sev3,noise_spike,60.0,16,764983,False,True,False,False,106.0,400,1.7565795187236868,12.811107038368146,40.83195633748656,53
D_nsga2_flc_safety,sparse,fault_noise_spike_sev3,noise_spike,60.0,17,888532,False,True,False,False,85.99999999999997,400,3.0410973699285595,17.34228612055758,43.61669247692618,43
D_nsga2_flc_safety,sparse,fault_noise_spike_sev3,noise_spike,60.0,18,155719,False,True,False,False,130.0,400,2.927825316515439,19.093999395249003,8.81194452810486,65
D_nsga2_flc_safety,sparse,fault_noise_spike_sev3,noise_spike,60.0,19,579943,False,True,False,False,38.0,400,3.732355503128177,21.913504260608452,82.71332476821736,19
D_nsga2_flc_safety,sparse,fault_noise_spike_sev3,noise_spike,60.0,20,727353,False,True,False,False,141.99999999999997,400,2.021477266612648,10.545989684039858,44.717659803423274,71
D_nsga2_flc_safety,sparse,fault_noise_spike_sev3,noise_spike,60.0,21,6151,False,True,False,False,91.99999999999999,400,1.983573920948572,18.244780514496725,49.59430190746003,46
D_nsga2_flc_safety,sparse,fault_noise_spike_sev3,noise_spike,60.0,22,710788,False,True,False,False,76.0,400,1.8662800711682535,15.297915203797611,57.430912342454505,38
D_nsga2_flc_safety,sparse,fault_noise_spike_sev3,noise_spike,60.0,23,138531,False,True,False,False,171.99999999999997,400,2.7004849105666056,12.23786634017506,73.53605221320588,86
D_nsga2_flc_safety,sparse,fault_noise_spike_sev3,noise_spike,60.0,24,281206,False,True,False,False,308.0,400,1.8597845942514926,9.88226910529805,59.81825801461615,154
D_nsga2_flc_safety,sparse,fault_noise_spike_sev3,noise_spike,60.0,25,90320,False,True,False,False,122.00000000000003,400,2.874902090588799,19.65039574994214,9.906504091065909,61
D_nsga2_flc_safety,sparse,fault_noise_spike_sev3,noise_spike,60.0,26,473688,True,False,False,False,124.00000000000001,62,8.91686943677529,11.69127570558744,2.653332265271896,62
D_nsga2_flc_safety,sparse,fault_noise_spike_sev3,noise_spike,60.0,27,950752,False,True,False,False,26.0,400,1.6109046071296234,16.384878218802406,94.4757862891203,13
D_nsga2_flc_safety,sparse,fault_noise_spike_sev3,noise_spike,60.0,28,974050,False,True,False,False,48.0,400,2.420419510850417,23.868585887355554,82.89032394463433,24
D_nsga2_flc_safety,sparse,fault_noise_spike_sev3,noise_spike,60.0,29,162968,False,True,False,False,206.0,400,1.95089640560188,19.19770880010425,87.79835535749724,103
D_nsga2_flc_safety,sparse,fault_noise_spike_sev3,noise_spike,60.0,30,247501,False,True,False,False,163.99999999999997,400,2.1609467607633626,11.834884172484289,60.04205366274165,82
D_nsga2_flc_safety,sparse,fault_noise_spike_sev3,noise_spike,60.0,31,611736,False,True,False,False,32.0,400,2.1305261264410142,9.904049082856774,91.00417445469493,16
D_nsga2_flc_safety,sparse,fault_noise_spike_sev3,noise_spike,60.0,32,202663,False,True,False,False,43.999999999999986,400,2.525604405121089,15.283516701451333,80.95539140233116,22
D_nsga2_flc_safety,sparse,fault_noise_spike_sev3,noise_spike,60.0,33,749349,False,True,False,False,84.0,400,1.5705485256910432,15.303943149026447,36.68325690948953,42
D_nsga2_flc_safety,sparse,fault_noise_spike_sev3,noise_spike,60.0,34,67944,False,True,False,False,60.0,400,2.176491309663177,18.733758567111487,73.73080560387214,30
D_nsga2_flc_safety,sparse,fault_noise_spike_sev3,noise_spike,60.0,35,667972,False,True,False,False,68.00000000000001,400,1.6107907797628913,15.93320661593134,53.07388713760214,34
D_nsga2_flc_safety,sparse,fault_noise_spike_sev3,noise_spike,60.0,36,284085,True,False,False,False,120.00000000000003,60,10.834386394140981,18.917731390938503,2.9856034168371783,60
D_nsga2_flc_safety,sparse,fault_noise_spike_sev3,noise_spike,60.0,37,56648,False,True,False,False,66.0,400,1.9306559032706696,18.518832550931,64.26550395234783,33
D_nsga2_flc_safety,sparse,fault_noise_spike_sev3,noise_spike,60.0,38,883846,False,True,False,False,22.0,400,2.1820122452234503,34.22024116568007,99.47735598168313,11
D_nsga2_flc_safety,sparse,fault_noise_spike_sev3,noise_spike,60.0,39,542999,False,True,False,False,206.00000000000003,400,2.4066486473079425,8.731762981704616,74.25558025542769,103
D_nsga2_flc_safety,sparse,fault_noise_spike_sev3,noise_spike,60.0,40,876790,False,True,False,False,178.00000000000003,400,2.427480513206753,17.78412089246289,83.98639303056474,89
D_nsga2_flc_safety,sparse,fault_noise_spike_sev3,noise_spike,60.0,41,864562,False,True,False,False,76.0,400,1.756628663642998,11.252441652549336,72.20269302187033,38
D_nsga2_flc_safety,sparse,fault_noise_spike_sev3,noise_spike,60.0,42,110485,False,True,False,False,150.0,400,3.1630939056365985,10.712909547065374,87.30306103918628,75
D_nsga2_flc_safety,sparse,fault_noise_spike_sev3,noise_spike,60.0,43,8300,False,True,False,False,28.000000000000007,400,2.1218724335936696,13.96612911047176,94.26223590233867,14
D_nsga2_flc_safety,sparse,fault_noise_spike_sev3,noise_spike,60.0,44,503793,False,True,False,False,136.00000000000003,400,2.12389628871669,14.857480744352113,11.869417297990518,68
D_nsga2_flc_safety,sparse,fault_noise_spike_sev3,noise_spike,60.0,45,352372,True,False,False,False,127.99999999999999,64,5.121849856916808,9.42662470082741,3.1932083502579798,64
D_nsga2_flc_safety,sparse,fault_noise_spike_sev3,noise_spike,60.0,46,454845,True,False,False,False,126.0,63,7.446413300645803,15.410409234709862,3.0883772588474723,63
D_nsga2_flc_safety,sparse,fault_noise_spike_sev3,noise_spike,60.0,47,837206,False,False,True,False,800.0,400,2.414812231560221,6.411705659996671,98.60469738768025,400
D_nsga2_flc_safety,sparse,fault_noise_spike_sev3,noise_spike,60.0,48,834851,False,True,False,False,46.0,400,2.7375714770593467,12.522256958171614,79.74818618185859,23
D_nsga2_flc_safety,sparse,fault_noise_spike_sev3,noise_spike,60.0,49,457512,False,True,False,False,104.00000000000001,400,2.767147367961555,10.3009180491205,23.497183845099777,52
D_nsga2_flc_safety,dense,clean,,,0,404653,False,True,False,False,40.00000000000001,400,2.8705616665098757,9.643963460544208,84.59767304772147,20
D_nsga2_flc_safety,dense,clean,,,1,215753,False,True,False,False,72.0,400,1.843289350064877,8.55954159249925,68.6345214681635,36
D_nsga2_flc_safety,dense,clean,,,2,944924,False,True,False,False,18.000000000000004,400,2.141479040085265,15.684444444444445,101.34955392003054,9
D_nsga2_flc_safety,dense,clean,,,3,12413,False,True,False,False,31.999999999999993,400,2.1889670644551957,15.516322853912838,87.37449222882988,16
D_nsga2_flc_safety,dense,clean,,,4,839153,False,True,False,False,494.0,400,2.295889065921636,6.941126598777666,33.98565890265374,247
D_nsga2_flc_safety,dense,clean,,,5,26206,False,True,False,False,16.0,400,1.93381237337217,18.861513124889353,104.04570882914669,8
D_nsga2_flc_safety,dense,clean,,,6,85702,False,True,False,False,142.0,400,2.29843606485681,8.842035525882162,86.28735851562763,71
D_nsga2_flc_safety,dense,clean,,,7,720542,False,True,False,False,78.0,400,1.863306772589207,6.887202937375525,51.94904737505266,39
D_nsga2_flc_safety,dense,clean,,,8,43194,False,True,False,False,120.00000000000001,400,1.7149556417691192,7.901863979838977,12.28022772448622,60
D_nsga2_flc_safety,dense,clean,,,9,76840,False,True,False,False,226.0,400,3.0018468282825186,9.072762408729933,68.5919210857332,113
D_nsga2_flc_safety,dense,clean,,,10,827195,False,True,False,False,68.0,400,2.3473308318603503,11.036998630612835,57.22230614855755,34
D_nsga2_flc_safety,dense,clean,,,11,891107,False,True,False,False,45.99999999999999,400,4.767993021152054,16.677007677753178,78.5179933957779,23
D_nsga2_flc_safety,dense,clean,,,12,419585,False,True,False,False,121.99999999999997,400,1.8015481914975635,7.341441305771001,91.59592250899871,61
D_nsga2_flc_safety,dense,clean,,,13,197278,False,True,False,False,73.99999999999999,400,1.6322192011868335,10.941314979957006,46.13830852278895,37
D_nsga2_flc_safety,dense,clean,,,14,662269,False,True,False,False,82.0,400,2.1449698023471586,7.375433662035491,67.77509716181835,41
D_nsga2_flc_safety,dense,clean,,,15,666954,False,True,False,False,25.999999999999996,400,2.514474846984126,7.24407242996151,94.89110839092125,13
D_nsga2_flc_safety,dense,clean,,,16,764983,False,True,False,False,20.000000000000004,400,2.0879128784911027,8.879163368262448,99.07681298685276,10
D_nsga2_flc_safety,dense,clean,,,17,888532,False,True,False,False,18.000000000000007,400,1.7742503310539475,15.0,101.10837508748116,9
D_nsga2_flc_safety,dense,clean,,,18,155719,False,True,False,False,42.0,400,1.75997822330847,12.066348475143673,79.51960530022087,21
D_nsga2_flc_safety,dense,clean,,,19,579943,True,False,False,False,124.0,62,6.3872847093306,7.3494036047447295,3.5911513634628105,62
D_nsga2_flc_safety,dense,clean,,,20,727353,False,True,False,False,108.00000000000001,400,1.7446014926028275,5.272455492011845,91.45758984887766,54
D_nsga2_flc_safety,dense,clean,,,21,6151,False,True,False,False,32.0,400,2.6753716218692465,34.18736216608963,87.67382732649509,16
D_nsga2_flc_safety,dense,clean,,,22,710788,False,True,False,False,18.0,400,2.2353169928192402,47.26040841999293,102.35891893127122,9
D_nsga2_flc_safety,dense,clean,,,23,138531,False,True,False,False,106.0,400,1.999594101357138,8.605735860817113,55.17582029406346,53
D_nsga2_flc_safety,dense,clean,,,24,281206,False,True,False,False,85.99999999999999,400,2.2162592048024177,10.90709715761641,77.47181351250201,43
D_nsga2_flc_safety,dense,clean,,,25,90320,False,True,False,False,82.00000000000001,400,1.824017414450302,12.418566053926408,69.58506862563212,41
D_nsga2_flc_safety,dense,clean,,,26,473688,True,False,False,False,120.00000000000001,60,3.4669989213893557,7.956831151123538,2.9248736412056,60
D_nsga2_flc_safety,dense,clean,,,27,950752,False,True,False,False,28.0,400,2.5233583726666966,23.239222005888767,92.67212583778932,14
D_nsga2_flc_safety,dense,clean,,,28,974050,False,True,False,False,86.0,400,2.4380026125051946,11.577650667528275,41.34221112695989,43
D_nsga2_flc_safety,dense,clean,,,29,162968,False,True,False,False,57.999999999999986,400,3.0382351934803644,5.6781338546785,64.84065507981711,29
D_nsga2_flc_safety,dense,clean,,,30,247501,False,True,False,False,172.0,400,2.679397841222398,9.937943197204412,62.261491458696014,86
D_nsga2_flc_safety,dense,clean,,,31,611736,False,True,False,False,64.0,400,2.9351740207013934,17.342880644084257,67.2404402199831,32
D_nsga2_flc_safety,dense,clean,,,32,202663,False,True,False,False,11.999999999999998,400,1.7905851930680168,19.36,107.13077160820605,6
D_nsga2_flc_safety,dense,clean,,,33,749349,False,True,False,False,248.0,400,2.5182896800465024,12.148284272647821,37.8175135132014,124
D_nsga2_flc_safety,dense,clean,,,34,67944,False,True,False,False,76.0,400,2.4338512602583284,10.375740159778763,48.09747274227645,38
D_nsga2_flc_safety,dense,clean,,,35,667972,True,False,False,False,128.0,64,4.046212119836754,7.104605455076058,2.209607398312029,64
D_nsga2_flc_safety,dense,clean,,,36,284085,False,True,False,False,81.99999999999999,400,1.7289355552724357,11.01565050123118,40.55642333479906,41
D_nsga2_flc_safety,dense,clean,,,37,56648,False,True,False,False,89.99999999999999,400,3.8348174496325096,11.611027136679288,33.86615710063052,45
D_nsga2_flc_safety,dense,clean,,,38,883846,True,False,False,False,117.99999999999994,59,4.678326149419265,5.191935383415783,3.7573369928175384,59
D_nsga2_flc_safety,dense,clean,,,39,542999,False,True,False,False,90.00000000000001,400,2.5114142516638807,9.991146070534873,31.60653081932817,45
D_nsga2_flc_safety,dense,clean,,,40,876790,False,True,False,False,48.0,400,3.0859325928242995,12.306064680844921,75.59653422435846,24
D_nsga2_flc_safety,dense,clean,,,41,864562,False,True,False,False,73.99999999999999,400,2.240358562195555,9.709914510570632,70.32074637685659,37
D_nsga2_flc_safety,dense,clean,,,42,110485,False,True,False,False,114.0,400,2.052734761411322,4.743060646176509,91.01477071913743,57
D_nsga2_flc_safety,dense,clean,,,43,8300,False,True,False,False,40.00000000000001,400,2.845140065377757,26.309411111823362,82.93839754597032,20
D_nsga2_flc_safety,dense,clean,,,44,503793,False,True,False,False,118.0,400,1.8503158534207758,12.825584292527507,91.74545962627907,59
D_nsga2_flc_safety,dense,clean,,,45,352372,False,True,False,False,17.999999999999996,400,2.168216800281717,33.77899844613619,101.25601151988744,9
D_nsga2_flc_safety,dense,clean,,,46,454845,False,True,False,False,20.0,400,1.8034848239580703,34.38115995225759,99.43906416480436,10
D_nsga2_flc_safety,dense,clean,,,47,837206,False,True,False,False,19.999999999999996,400,2.827765348477313,24.627521746165712,98.98004333112172,10
D_nsga2_flc_safety,dense,clean,,,48,834851,False,True,False,False,188.0,400,2.5970442780390046,12.81330030016452,72.66160202252391,94
D_nsga2_flc_safety,dense,clean,,,49,457512,False,True,False,False,16.000000000000004,400,1.7403471412397775,30.52582432188177,103.49538979078889,8
D_nsga2_flc_safety,dense,fault_dropout,dropout,,0,404653,False,True,False,False,196.0,400,3.110720224507588,6.788922050610934,67.1133343405036,98
D_nsga2_flc_safety,dense,fault_dropout,dropout,,1,215753,False,True,False,False,72.0,400,1.843289350064877,8.55954159249925,68.6345214681635,36
D_nsga2_flc_safety,dense,fault_dropout,dropout,,2,944924,False,True,False,False,18.000000000000004,400,2.141479040085265,15.684444444444445,101.34955392003054,9
D_nsga2_flc_safety,dense,fault_dropout,dropout,,3,12413,False,True,False,False,31.999999999999993,400,2.1889670644551957,15.516322853912838,87.37449222882988,16
D_nsga2_flc_safety,dense,fault_dropout,dropout,,4,839153,False,True,False,False,88.0,400,3.772093581331446,7.504413074495352,34.09191808325795,44
D_nsga2_flc_safety,dense,fault_dropout,dropout,,5,26206,False,True,False,False,64.0,400,2.770803546456853,8.045321172326434,94.91161206088788,32
D_nsga2_flc_safety,dense,fault_dropout,dropout,,6,85702,False,True,False,False,184.0,400,2.5001699428874127,5.882742994745308,109.5489864440221,92
D_nsga2_flc_safety,dense,fault_dropout,dropout,,7,720542,False,True,False,False,78.0,400,1.8583276605346646,6.869369495679914,51.93766554260745,39
D_nsga2_flc_safety,dense,fault_dropout,dropout,,8,43194,False,True,False,False,118.0,400,2.4087910037984015,5.838709442872462,17.526396508363714,59
D_nsga2_flc_safety,dense,fault_dropout,dropout,,9,76840,False,True,False,False,122.0,400,2.6612585927803596,5.157935910738413,28.318462848817383,61
D_nsga2_flc_safety,dense,fault_dropout,dropout,,10,827195,False,True,False,False,66.0,400,3.1699574152784633,10.07206844945574,61.20634374505828,33
D_nsga2_flc_safety,dense,fault_dropout,dropout,,11,891107,False,True,False,False,45.99999999999999,400,4.767993021152054,16.677007677753178,78.5179933957779,23
D_nsga2_flc_safety,dense,fault_dropout,dropout,,12,419585,False,True,False,False,78.0,400,1.867239185451902,7.056192182509255,58.89046356664777,39
D_nsga2_flc_safety,dense,fault_dropout,dropout,,13,197278,False,True,False,False,55.99999999999998,400,2.9319161804423897,7.196906029836008,67.22088025931387,28
D_nsga2_flc_safety,dense,fault_dropout,dropout,,14,662269,False,True,False,False,108.00000000000001,400,2.550154883493019,4.85888888626526,23.65955543225251,54
D_nsga2_flc_safety,dense,fault_dropout,dropout,,15,666954,False,True,False,False,25.999999999999996,400,2.514474846984126,7.24407242996151,94.89110839092125,13
D_nsga2_flc_safety,dense,fault_dropout,dropout,,16,764983,False,True,False,False,20.000000000000004,400,2.0879128784911027,8.879163368262448,99.07681298685276,10
D_nsga2_flc_safety,dense,fault_dropout,dropout,,17,888532,False,True,False,False,18.000000000000007,400,1.7742503310539475,15.0,101.10837508748116,9
D_nsga2_flc_safety,dense,fault_dropout,dropout,,18,155719,False,True,False,False,42.0,400,1.75997822330847,12.066348475143673,79.51960530022087,21
D_nsga2_flc_safety,dense,fault_dropout,dropout,,19,579943,False,True,False,False,126.00000000000001,400,1.686955039396416,7.736468172779951,27.51234990411728,63
D_nsga2_flc_safety,dense,fault_dropout,dropout,,20,727353,False,True,False,False,82.00000000000001,400,2.666747543046587,5.183388380432872,93.0201520682846,41
D_nsga2_flc_safety,dense,fault_dropout,dropout,,21,6151,False,True,False,False,32.0,400,2.6753716218692465,34.18736216608963,87.67382732649509,16
D_nsga2_flc_safety,dense,fault_dropout,dropout,,22,710788,False,True,False,False,18.0,400,2.2353169928192402,47.26040841999293,102.35891893127122,9
D_nsga2_flc_safety,dense,fault_dropout,dropout,,23,138531,False,True,False,False,688.0,400,2.0176780000485324,7.998209777150217,127.62493411166079,344
D_nsga2_flc_safety,dense,fault_dropout,dropout,,24,281206,False,True,False,False,99.99999999999999,400,1.7128687228331183,6.637507975946167,99.01710647187382,50
D_nsga2_flc_safety,dense,fault_dropout,dropout,,25,90320,False,True,False,False,84.00000000000001,400,1.7107236230485432,10.515841415845482,65.90688174971129,42
D_nsga2_flc_safety,dense,fault_dropout,dropout,,26,473688,False,True,False,False,76.0,400,3.3006885187424264,5.964387400211745,45.138311551572066,38
D_nsga2_flc_safety,dense,fault_dropout,dropout,,27,950752,False,True,False,False,28.0,400,2.5233583726666966,23.239222005888767,92.67212583778932,14
D_nsga2_flc_safety,dense,fault_dropout,dropout,,28,974050,False,True,False,False,52.0,400,2.0205131061384938,16.2194064975213,79.99434243223958,26
D_nsga2_flc_safety,dense,fault_dropout,dropout,,29,162968,False,True,False,False,59.999999999999986,400,2.1041405911354993,5.155760544026367,60.825001804210736,30
D_nsga2_flc_safety,dense,fault_dropout,dropout,,30,247501,False,True,False,False,92.0,400,3.049581850176988,5.669243403695914,49.58877861442067,46
D_nsga2_flc_safety,dense,fault_dropout,dropout,,31,611736,False,True,False,False,64.0,400,2.848723829815766,15.242535323824681,62.932219471143206,32
D_nsga2_flc_safety,dense,fault_dropout,dropout,,32,202663,False,True,False,False,11.999999999999998,400,1.7905851930680168,19.36,107.13077160820605,6
D_nsga2_flc_safety,dense,fault_dropout,dropout,,33,749349,False,True,False,False,136.0,400,1.8745055471761407,8.206475539903254,79.23904003943245,68
D_nsga2_flc_safety,dense,fault_dropout,dropout,,34,67944,False,True,False,False,90.0,400,1.610787140608607,13.155774576946465,78.26205064735498,45
D_nsga2_flc_safety,dense,fault_dropout,dropout,,35,667972,False,True,False,False,48.0,400,3.4129927366635453,4.002334190659677,71.98885884406066,24
D_nsga2_flc_safety,dense,fault_dropout,dropout,,36,284085,False,True,False,False,79.99999999999999,400,3.125066242339103,8.501292199466196,43.105248305253,40
D_nsga2_flc_safety,dense,fault_dropout,dropout,,37,56648,False,True,False,False,126.00000000000001,400,2.7597475270539635,9.332485444773017,62.892102141188246,63
D_nsga2_flc_safety,dense,fault_dropout,dropout,,38,883846,False,True,False,False,74.0,400,2.8503979886789383,5.193569180615753,47.56222448634889,37
D_nsga2_flc_safety,dense,fault_dropout,dropout,,39,542999,False,True,False,False,176.0,400,1.8117624427671157,6.568421025913441,60.8092650821778,88
D_nsga2_flc_safety,dense,fault_dropout,dropout,,40,876790,False,True,False,False,47.999999999999986,400,3.430344651683511,5.416190186614873,73.35207887235066,24
D_nsga2_flc_safety,dense,fault_dropout,dropout,,41,864562,False,True,False,False,39.99999999999999,400,2.0859594750680626,6.365157081571074,80.78901601583401,20
D_nsga2_flc_safety,dense,fault_dropout,dropout,,42,110485,False,True,False,False,108.0,400,1.6602944280341545,4.508454111389823,89.93539436651616,54
D_nsga2_flc_safety,dense,fault_dropout,dropout,,43,8300,False,True,False,False,40.00000000000001,400,2.845140065377757,26.309411111823362,82.93839754597032,20
D_nsga2_flc_safety,dense,fault_dropout,dropout,,44,503793,False,True,False,False,96.0,400,1.757940376978943,15.59331241482623,66.2687615282249,48
D_nsga2_flc_safety,dense,fault_dropout,dropout,,45,352372,False,True,False,False,17.999999999999996,400,2.168216800281717,33.77899844613619,101.25601151988744,9
D_nsga2_flc_safety,dense,fault_dropout,dropout,,46,454845,False,True,False,False,20.0,400,1.8034848239580703,34.38115995225759,99.43906416480436,10
D_nsga2_flc_safety,dense,fault_dropout,dropout,,47,837206,False,True,False,False,19.999999999999996,400,2.827765348477313,24.627521746165712,98.98004333112172,10
D_nsga2_flc_safety,dense,fault_dropout,dropout,,48,834851,False,True,False,False,126.0,400,2.880882766994871,6.507883298204508,38.65290413484437,63
D_nsga2_flc_safety,dense,fault_dropout,dropout,,49,457512,False,True,False,False,16.000000000000004,400,1.7403471412397775,30.52582432188177,103.49538979078889,8
D_nsga2_flc_safety,dense,fault_bias,bias,,0,404653,False,False,True,False,800.0,400,3.1329442914284735,48.502076849240076,95.66849730228878,400
D_nsga2_flc_safety,dense,fault_bias,bias,,1,215753,False,True,False,False,72.0,400,1.843289350064877,8.55954159249925,68.6345214681635,36
D_nsga2_flc_safety,dense,fault_bias,bias,,2,944924,False,True,False,False,18.000000000000004,400,2.141479040085265,15.684444444444445,101.34955392003054,9
D_nsga2_flc_safety,dense,fault_bias,bias,,3,12413,False,True,False,False,31.999999999999993,400,2.1889670644551957,15.516322853912838,87.37449222882988,16
D_nsga2_flc_safety,dense,fault_bias,bias,,4,839153,True,False,False,False,128.00000000000006,64,2.2530568512691613,5.852617007218538,3.081616517036695,64
D_nsga2_flc_safety,dense,fault_bias,bias,,5,26206,False,True,False,False,82.0,400,2.6546661518631156,6.769794059350433,91.30369414231413,41
D_nsga2_flc_safety,dense,fault_bias,bias,,6,85702,False,True,False,False,332.0,400,2.425379440821855,4.9280683704216,85.48870135000428,166
D_nsga2_flc_safety,dense,fault_bias,bias,,7,720542,False,True,False,False,76.0,400,2.2470519872095718,7.511708652671414,52.620007578142925,38
D_nsga2_flc_safety,dense,fault_bias,bias,,8,43194,False,True,False,False,190.0,400,1.914053422727837,22.587530348879568,68.99882102616662,95
D_nsga2_flc_safety,dense,fault_bias,bias,,9,76840,True,False,False,False,138.0,69,3.950785673262205,4.86716421276536,3.1733831344353627,69
D_nsga2_flc_safety,dense,fault_bias,bias,,10,827195,False,True,False,False,67.99999999999999,400,2.4039634507345196,27.300216259430584,57.448811649811944,34
D_nsga2_flc_safety,dense,fault_bias,bias,,11,891107,False,True,False,False,45.99999999999999,400,4.767993021152054,16.677007677753178,78.5179933957779,23
D_nsga2_flc_safety,dense,fault_bias,bias,,12,419585,False,True,False,False,76.00000000000001,400,2.149750305499651,7.416955640067191,59.52663738911346,38
D_nsga2_flc_safety,dense,fault_bias,bias,,13,197278,False,True,False,False,153.99999999999997,400,2.7320178258104515,11.933511771159429,90.40935717499251,77
D_nsga2_flc_safety,dense,fault_bias,bias,,14,662269,False,True,False,False,184.0,400,1.664421800889709,42.535235380892225,79.83817710073498,92
D_nsga2_flc_safety,dense,fault_bias,bias,,15,666954,False,True,False,False,25.999999999999996,400,2.514474846984126,7.24407242996151,94.89110839092125,13
D_nsga2_flc_safety,dense,fault_bias,bias,,16,764983,False,True,False,False,20.000000000000004,400,2.0879128784911027,8.879163368262448,99.07681298685276,10
D_nsga2_flc_safety,dense,fault_bias,bias,,17,888532,False,True,False,False,18.000000000000007,400,1.7742503310539475,15.0,101.10837508748116,9
D_nsga2_flc_safety,dense,fault_bias,bias,,18,155719,False,True,False,False,42.0,400,1.75997822330847,12.066348475143673,79.51960530022087,21
D_nsga2_flc_safety,dense,fault_bias,bias,,19,579943,False,True,False,False,44.0,400,2.757406889816195,9.560840531643821,74.99175710060909,22
D_nsga2_flc_safety,dense,fault_bias,bias,,20,727353,False,True,False,False,34.0,400,3.0827615009221443,15.13877556894493,85.69099707646362,17
D_nsga2_flc_safety,dense,fault_bias,bias,,21,6151,False,True,False,False,32.0,400,2.6753716218692465,34.18736216608963,87.67382732649509,16
D_nsga2_flc_safety,dense,fault_bias,bias,,22,710788,False,True,False,False,18.0,400,2.2353169928192402,47.26040841999293,102.35891893127122,9
D_nsga2_flc_safety,dense,fault_bias,bias,,23,138531,False,True,False,False,102.00000000000001,400,2.1788664713129897,6.9186933377801365,78.12279070500688,51
D_nsga2_flc_safety,dense,fault_bias,bias,,24,281206,False,True,False,False,165.99999999999997,400,2.3605459590671263,6.997769271356478,58.38943496309605,83
D_nsga2_flc_safety,dense,fault_bias,bias,,25,90320,False,True,False,False,174.00000000000003,400,2.683496701589039,6.7606940515473255,69.72790938348577,87
D_nsga2_flc_safety,dense,fault_bias,bias,,26,473688,False,True,False,False,120.00000000000003,400,2.4634525575784787,5.745976864105935,19.523097009260173,60
D_nsga2_flc_safety,dense,fault_bias,bias,,27,950752,False,True,False,False,28.0,400,2.5233583726666966,23.239222005888767,92.67212583778932,14
D_nsga2_flc_safety,dense,fault_bias,bias,,28,974050,False,True,False,False,138.0,400,1.721263127123025,11.12227340695927,90.75226255572014,69
D_nsga2_flc_safety,dense,fault_bias,bias,,29,162968,False,True,False,False,58.000000000000014,400,3.0034268054595934,15.39139950443909,64.53189762285618,29
D_nsga2_flc_safety,dense,fault_bias,bias,,30,247501,False,True,False,False,92.0,400,3.049581850176988,5.669243403695914,49.58877861442067,46
D_nsga2_flc_safety,dense,fault_bias,bias,,31,611736,False,True,False,False,64.0,400,2.9047662652481643,14.870071920887117,67.2281584792949,32
D_nsga2_flc_safety,dense,fault_bias,bias,,32,202663,False,True,False,False,11.999999999999998,400,1.7905851930680168,19.36,107.13077160820605,6
D_nsga2_flc_safety,dense,fault_bias,bias,,33,749349,False,True,False,False,230.0,400,2.833481392683793,5.259177947769539,40.5524039241205,115
D_nsga2_flc_safety,dense,fault_bias,bias,,34,67944,False,True,False,False,198.0,400,2.4785490002435977,10.826062396379005,61.42819647119493,99
D_nsga2_flc_safety,dense,fault_bias,bias,,35,667972,False,True,False,False,126.0,400,1.5039456347629798,4.621294336273369,91.41355594381395,63
D_nsga2_flc_safety,dense,fault_bias,bias,,36,284085,False,True,False,False,402.0,400,1.988754135617044,23.4755351189367,43.57786087847888,201
D_nsga2_flc_safety,dense,fault_bias,bias,,37,56648,False,True,False,False,73.99999999999999,400,2.1099838688610384,7.29402179776626,67.45876041550804,37
D_nsga2_flc_safety,dense,fault_bias,bias,,38,883846,False,True,False,False,152.0,400,1.6791792705903144,6.0313903120000045,67.94447893302613,76
D_nsga2_flc_safety,dense,fault_bias,bias,,39,542999,False,True,False,False,202.0,400,3.2006876085137885,6.130322240320746,37.40702749397043,101
D_nsga2_flc_safety,dense,fault_bias,bias,,40,876790,False,True,False,False,47.999999999999986,400,3.431915276131116,5.43207638900946,73.34847777070924,24
D_nsga2_flc_safety,dense,fault_bias,bias,,41,864562,False,True,False,False,32.0,400,1.8387072904728494,8.963916048513983,94.86305612321054,16
D_nsga2_flc_safety,dense,fault_bias,bias,,42,110485,False,True,False,False,106.0,400,2.9002024337988703,4.566698760771312,89.83035908208184,53
D_nsga2_flc_safety,dense,fault_bias,bias,,43,8300,False,True,False,False,40.00000000000001,400,2.845140065377757,26.309411111823362,82.93839754597032,20
D_nsga2_flc_safety,dense,fault_bias,bias,,44,503793,False,True,False,False,116.0,400,1.613738387980866,9.083796230934142,89.24784047067799,58
D_nsga2_flc_safety,dense,fault_bias,bias,,45,352372,False,True,False,False,17.999999999999996,400,2.168216800281717,33.77899844613619,101.25601151988744,9
D_nsga2_flc_safety,dense,fault_bias,bias,,46,454845,False,True,False,False,20.0,400,1.8034848239580703,34.38115995225759,99.43906416480436,10
D_nsga2_flc_safety,dense,fault_bias,bias,,47,837206,False,True,False,False,19.999999999999996,400,2.827765348477313,24.627521746165712,98.98004333112172,10
D_nsga2_flc_safety,dense,fault_bias,bias,,48,834851,False,True,False,False,126.0,400,2.880882766994871,6.507883298204508,38.65290413484437,63
D_nsga2_flc_safety,dense,fault_bias,bias,,49,457512,False,True,False,False,16.000000000000004,400,1.7403471412397775,30.52582432188177,103.49538979078889,8
D_nsga2_flc_safety,dense,fault_stale,stale,,0,404653,False,True,False,False,72.0,400,2.3488134979116317,6.330655622910985,48.487518617432464,36
D_nsga2_flc_safety,dense,fault_stale,stale,,1,215753,False,True,False,False,72.0,400,1.843289350064877,8.55954159249925,68.6345214681635,36
D_nsga2_flc_safety,dense,fault_stale,stale,,2,944924,False,True,False,False,18.000000000000004,400,2.141479040085265,15.684444444444445,101.34955392003054,9
D_nsga2_flc_safety,dense,fault_stale,stale,,3,12413,False,True,False,False,31.999999999999993,400,2.1889670644551957,15.516322853912838,87.37449222882988,16
D_nsga2_flc_safety,dense,fault_stale,stale,,4,839153,False,True,False,False,90.0,400,2.6000798212173346,10.139890833374979,33.30453647853222,45
D_nsga2_flc_safety,dense,fault_stale,stale,,5,26206,True,False,False,False,126.0,63,3.5502923432804736,10.002543327645464,2.1658035618995317,63
D_nsga2_flc_safety,dense,fault_stale,stale,,6,85702,False,True,False,False,536.0,400,1.897655578923474,9.740717536318147,105.37824384469712,268
D_nsga2_flc_safety,dense,fault_stale,stale,,7,720542,False,True,False,False,76.0,400,2.2470519872095718,7.216086660914098,52.71673342659943,38
D_nsga2_flc_safety,dense,fault_stale,stale,,8,43194,False,True,False,False,118.0,400,2.4955953877362194,5.786186089466896,13.667265265210599,59
D_nsga2_flc_safety,dense,fault_stale,stale,,9,76840,False,True,False,False,126.0,400,2.9340605908150796,6.3032725233844475,27.01031646128793,63
D_nsga2_flc_safety,dense,fault_stale,stale,,10,827195,False,True,False,False,65.99999999999999,400,3.1942406279527877,11.660769641626487,61.621446705999254,33
D_nsga2_flc_safety,dense,fault_stale,stale,,11,891107,False,True,False,False,45.99999999999999,400,4.767993021152054,16.677007677753178,78.5179933957779,23
D_nsga2_flc_safety,dense,fault_stale,stale,,12,419585,False,True,False,False,76.00000000000001,400,2.0874323815856024,7.417944000684844,59.40608104420969,38
D_nsga2_flc_safety,dense,fault_stale,stale,,13,197278,True,False,False,False,127.99999999999997,64,4.687914020870765,8.994556861190333,2.2611125162271235,64
D_nsga2_flc_safety,dense,fault_stale,stale,,14,662269,False,True,False,False,80.0,400,2.954604504053532,4.860045276600382,63.274068686501,40
D_nsga2_flc_safety,dense,fault_stale,stale,,15,666954,False,True,False,False,25.999999999999996,400,2.514474846984126,7.24407242996151,94.89110839092125,13
D_nsga2_flc_safety,dense,fault_stale,stale,,16,764983,False,True,False,False,20.000000000000004,400,2.0879128784911027,8.879163368262448,99.07681298685276,10
D_nsga2_flc_safety,dense,fault_stale,stale,,17,888532,False,True,False,False,18.000000000000007,400,1.7742503310539475,15.0,101.10837508748116,9
D_nsga2_flc_safety,dense,fault_stale,stale,,18,155719,False,True,False,False,42.0,400,1.75997822330847,12.066348475143673,79.51960530022087,21
D_nsga2_flc_safety,dense,fault_stale,stale,,19,579943,False,True,False,False,100.0,400,2.1760001906578657,10.122715947236307,27.840542090073036,50
D_nsga2_flc_safety,dense,fault_stale,stale,,20,727353,False,True,False,False,104.0,400,1.6019481159894453,6.558960803480661,91.74635327078765,52
D_nsga2_flc_safety,dense,fault_stale,stale,,21,6151,False,True,False,False,32.0,400,2.6753716218692465,34.18736216608963,87.67382732649509,16
D_nsga2_flc_safety,dense,fault_stale,stale,,22,710788,False,True,False,False,18.0,400,2.2353169928192402,47.26040841999293,102.35891893127122,9
D_nsga2_flc_safety,dense,fault_stale,stale,,23,138531,False,True,False,False,102.00000000000004,400,2.537388369166239,8.579937693478994,63.68913591113288,51
D_nsga2_flc_safety,dense,fault_stale,stale,,24,281206,False,True,False,False,95.99999999999999,400,2.275367507059716,10.048722018274466,91.22447352061634,48
D_nsga2_flc_safety,dense,fault_stale,stale,,25,90320,False,True,False,False,170.0,400,1.7427038896518365,8.117251752454836,74.29507660399427,85
D_nsga2_flc_safety,dense,fault_stale,stale,,26,473688,False,True,False,False,120.00000000000001,400,2.1527509737837733,5.8198591598566365,16.992322815485082,60
D_nsga2_flc_safety,dense,fault_stale,stale,,27,950752,False,True,False,False,28.0,400,2.5233583726666966,23.239222005888767,92.67212583778932,14
D_nsga2_flc_safety,dense,fault_stale,stale,,28,974050,False,True,False,False,52.0,400,2.2528757458549697,17.427237057142783,75.49955449935172,26
D_nsga2_flc_safety,dense,fault_stale,stale,,29,162968,False,True,False,False,60.0,400,2.108051461035445,5.155870789626607,60.8265551792612,30
D_nsga2_flc_safety,dense,fault_stale,stale,,30,247501,False,True,False,False,88.0,400,1.591924191866918,7.438100283966892,60.95133939324423,44
D_nsga2_flc_safety,dense,fault_stale,stale,,31,611736,False,True,False,False,64.0,400,2.8567934701454294,11.341106116598631,64.34766175121692,32
D_nsga2_flc_safety,dense,fault_stale,stale,,32,202663,False,True,False,False,11.999999999999998,400,1.7905851930680168,19.36,107.13077160820605,6
D_nsga2_flc_safety,dense,fault_stale,stale,,33,749349,False,True,False,False,258.0,400,2.31502023508748,12.246307448413264,83.92414773925314,129
D_nsga2_flc_safety,dense,fault_stale,stale,,34,67944,False,True,False,False,96.0,400,2.56696423663071,12.337821753358886,33.86475698307466,48
D_nsga2_flc_safety,dense,fault_stale,stale,,35,667972,False,True,False,False,61.99999999999999,400,2.160764405039016,14.289470787216269,62.98949349202608,31
D_nsga2_flc_safety,dense,fault_stale,stale,,36,284085,False,True,False,False,123.99999999999997,400,1.6402653871489525,7.256959675259341,16.99022971031927,62
D_nsga2_flc_safety,dense,fault_stale,stale,,37,56648,False,True,False,False,66.0,400,3.1798927420721386,9.954411989629998,62.85146879038487,33
D_nsga2_flc_safety,dense,fault_stale,stale,,38,883846,True,False,False,False,123.99999999999999,62,3.0979873115580205,6.556428783492444,3.503379902952613,62
D_nsga2_flc_safety,dense,fault_stale,stale,,39,542999,False,True,False,False,92.0,400,1.9399848790537717,14.272329464096293,34.73446033519395,46
D_nsga2_flc_safety,dense,fault_stale,stale,,40,876790,False,True,False,False,47.99999999999999,400,3.1789541792709826,5.499751588132586,73.58534503477212,24
D_nsga2_flc_safety,dense,fault_stale,stale,,41,864562,False,True,False,False,30.0,400,3.0383241323323187,24.918568213119485,94.06804734217624,15
D_nsga2_flc_safety,dense,fault_stale,stale,,42,110485,False,True,False,False,274.0,400,2.0345019105851283,5.438741513210758,48.61097503776944,137
D_nsga2_flc_safety,dense,fault_stale,stale,,43,8300,False,True,False,False,40.00000000000001,400,2.845140065377757,26.309411111823362,82.93839754597032,20
D_nsga2_flc_safety,dense,fault_stale,stale,,44,503793,False,True,False,False,72.0,400,3.621106115792646,14.771166114291013,61.31271946658509,36
D_nsga2_flc_safety,dense,fault_stale,stale,,45,352372,False,True,False,False,17.999999999999996,400,2.168216800281717,33.77899844613619,101.25601151988744,9
D_nsga2_flc_safety,dense,fault_stale,stale,,46,454845,False,True,False,False,20.0,400,1.8034848239580703,34.38115995225759,99.43906416480436,10
D_nsga2_flc_safety,dense,fault_stale,stale,,47,837206,False,True,False,False,19.999999999999996,400,2.827765348477313,24.627521746165712,98.98004333112172,10
D_nsga2_flc_safety,dense,fault_stale,stale,,48,834851,False,True,False,False,136.00000000000003,400,3.263824293179413,7.006186473475244,24.36867373127279,68
D_nsga2_flc_safety,dense,fault_stale,stale,,49,457512,False,True,False,False,16.000000000000004,400,1.7403471412397775,30.52582432188177,103.49538979078889,8
D_nsga2_flc_safety,dense,fault_noise_spike_sev1,noise_spike,12.0,0,404653,False,True,False,False,360.00000000000006,400,2.117657980588704,14.186974566233983,36.70906859209637,180
D_nsga2_flc_safety,dense,fault_noise_spike_sev1,noise_spike,12.0,1,215753,False,True,False,False,72.0,400,1.843289350064877,8.55954159249925,68.6345214681635,36
D_nsga2_flc_safety,dense,fault_noise_spike_sev1,noise_spike,12.0,2,944924,False,True,False,False,18.000000000000004,400,2.141479040085265,15.684444444444445,101.34955392003054,9
D_nsga2_flc_safety,dense,fault_noise_spike_sev1,noise_spike,12.0,3,12413,False,True,False,False,31.999999999999993,400,2.1889670644551957,15.516322853912838,87.37449222882988,16
D_nsga2_flc_safety,dense,fault_noise_spike_sev1,noise_spike,12.0,4,839153,False,True,False,False,230.00000000000006,400,1.7969658420295311,7.759264174732389,83.4409119206143,115
D_nsga2_flc_safety,dense,fault_noise_spike_sev1,noise_spike,12.0,5,26206,False,True,False,False,82.0,400,1.9661643926735373,15.314151074535724,46.33788379585922,41
D_nsga2_flc_safety,dense,fault_noise_spike_sev1,noise_spike,12.0,6,85702,False,True,False,False,372.0,400,2.210681512036145,10.497409524137913,105.1753839724663,186
D_nsga2_flc_safety,dense,fault_noise_spike_sev1,noise_spike,12.0,7,720542,False,True,False,False,76.0,400,2.2470519872095718,7.157427862141123,52.73639449549882,38
D_nsga2_flc_safety,dense,fault_noise_spike_sev1,noise_spike,12.0,8,43194,False,True,False,False,120.0,400,2.3335243267499366,12.806169627511178,10.688333713976828,60
D_nsga2_flc_safety,dense,fault_noise_spike_sev1,noise_spike,12.0,9,76840,False,True,False,False,158.0,400,1.8199255539208314,10.348150982913811,41.99164525722407,79
D_nsga2_flc_safety,dense,fault_noise_spike_sev1,noise_spike,12.0,10,827195,False,True,False,False,66.0,400,3.8891055760351407,15.17540424966821,63.45055476684748,33
D_nsga2_flc_safety,dense,fault_noise_spike_sev1,noise_spike,12.0,11,891107,False,True,False,False,45.99999999999999,400,4.767993021152054,16.677007677753178,78.5179933957779,23
D_nsga2_flc_safety,dense,fault_noise_spike_sev1,noise_spike,12.0,12,419585,False,True,False,False,118.0,400,2.0015595332051714,10.547936839722826,90.80634181397886,59
D_nsga2_flc_safety,dense,fault_noise_spike_sev1,noise_spike,12.0,13,197278,False,True,False,False,125.99999999999997,400,2.0202453138844696,13.2939572139496,7.817649601628503,63
D_nsga2_flc_safety,dense,fault_noise_spike_sev1,noise_spike,12.0,14,662269,False,True,False,False,84.0,400,1.822095113325476,8.357373022498237,68.35113808519526,42
D_nsga2_flc_safety,dense,fault_noise_spike_sev1,noise_spike,12.0,15,666954,False,True,False,False,25.999999999999996,400,2.514474846984126,7.24407242996151,94.89110839092125,13
D_nsga2_flc_safety,dense,fault_noise_spike_sev1,noise_spike,12.0,16,764983,False,True,False,False,20.000000000000004,400,2.0879128784911027,8.879163368262448,99.07681298685276,10
D_nsga2_flc_safety,dense,fault_noise_spike_sev1,noise_spike,12.0,17,888532,False,True,False,False,18.000000000000007,400,1.7742503310539475,15.0,101.10837508748116,9
D_nsga2_flc_safety,dense,fault_noise_spike_sev1,noise_spike,12.0,18,155719,False,True,False,False,42.0,400,1.75997822330847,12.066348475143673,79.51960530022087,21
D_nsga2_flc_safety,dense,fault_noise_spike_sev1,noise_spike,12.0,19,579943,True,False,False,False,122.00000000000004,61,6.319452668719661,11.434992491103696,2.75130971408827,61
D_nsga2_flc_safety,dense,fault_noise_spike_sev1,noise_spike,12.0,20,727353,False,True,False,False,103.99999999999999,400,2.3020388938370844,10.452673051079689,91.66208691739403,52
D_nsga2_flc_safety,dense,fault_noise_spike_sev1,noise_spike,12.0,21,6151,False,True,False,False,32.0,400,2.6753716218692465,34.18736216608963,87.67382732649509,16
D_nsga2_flc_safety,dense,fault_noise_spike_sev1,noise_spike,12.0,22,710788,False,True,False,False,18.0,400,2.2353169928192402,47.26040841999293,102.35891893127122,9
D_nsga2_flc_safety,dense,fault_noise_spike_sev1,noise_spike,12.0,23,138531,False,False,True,False,800.0,400,1.8588861027423786,8.373909881854614,57.51530067414185,400
D_nsga2_flc_safety,dense,fault_noise_spike_sev1,noise_spike,12.0,24,281206,False,True,False,False,67.99999999999999,400,2.7225187035495586,17.30595397158754,69.27928986629036,34
D_nsga2_flc_safety,dense,fault_noise_spike_sev1,noise_spike,12.0,25,90320,False,True,False,False,510.00000000000006,400,2.04446245981111,8.396958778907326,45.77413451552285,255
D_nsga2_flc_safety,dense,fault_noise_spike_sev1,noise_spike,12.0,26,473688,True,False,False,False,124.0,62,4.697086328640821,14.013139800847544,3.735439577157364,62
D_nsga2_flc_safety,dense,fault_noise_spike_sev1,noise_spike,12.0,27,950752,False,True,False,False,28.0,400,2.5233583726666966,23.239222005888767,92.67212583778932,14
D_nsga2_flc_safety,dense,fault_noise_spike_sev1,noise_spike,12.0,28,974050,False,True,False,False,232.0,400,3.468453558218434,13.642004948621217,93.62398409569147,116
D_nsga2_flc_safety,dense,fault_noise_spike_sev1,noise_spike,12.0,29,162968,False,True,False,False,58.0,400,3.177364363215179,5.667714586732422,64.52737886222728,29
D_nsga2_flc_safety,dense,fault_noise_spike_sev1,noise_spike,12.0,30,247501,False,True,False,False,184.0,400,1.6539007697031973,12.391217659978244,75.48457384366775,92
D_nsga2_flc_safety,dense,fault_noise_spike_sev1,noise_spike,12.0,31,611736,False,True,False,False,64.0,400,2.693843473322455,16.44372829067787,66.69083419164193,32
D_nsga2_flc_safety,dense,fault_noise_spike_sev1,noise_spike,12.0,32,202663,False,True,False,False,11.999999999999998,400,1.7905851930680168,19.36,107.13077160820605,6
D_nsga2_flc_safety,dense,fault_noise_spike_sev1,noise_spike,12.0,33,749349,False,True,False,False,104.00000000000003,400,2.1492624201984243,13.223731564782877,29.21134845304554,52
D_nsga2_flc_safety,dense,fault_noise_spike_sev1,noise_spike,12.0,34,67944,False,True,False,False,74.0,400,4.002279078564538,14.047815261262473,48.97184426213887,37
D_nsga2_flc_safety,dense,fault_noise_spike_sev1,noise_spike,12.0,35,667972,False,True,False,False,49.99999999999999,400,2.2052684680488563,12.55075013062585,70.039142441047,25
D_nsga2_flc_safety,dense,fault_noise_spike_sev1,noise_spike,12.0,36,284085,True,False,False,False,119.99999999999997,60,3.7731640310502703,13.144392058978898,2.7843546498592078,60
D_nsga2_flc_safety,dense,fault_noise_spike_sev1,noise_spike,12.0,37,56648,False,True,False,False,74.00000000000001,400,2.0290131005611958,8.733195853157738,47.913686721212585,37
D_nsga2_flc_safety,dense,fault_noise_spike_sev1,noise_spike,12.0,38,883846,True,False,False,False,118.00000000000003,59,5.078378923588504,6.473280549852359,3.7622570799400257,59
D_nsga2_flc_safety,dense,fault_noise_spike_sev1,noise_spike,12.0,39,542999,False,True,False,False,92.00000000000001,400,1.7912453066127918,11.717861928204922,31.86419091837932,46
D_nsga2_flc_safety,dense,fault_noise_spike_sev1,noise_spike,12.0,40,876790,False,True,False,False,47.999999999999986,400,3.091085317558751,7.373063722616306,75.70907660136102,24
D_nsga2_flc_safety,dense,fault_noise_spike_sev1,noise_spike,12.0,41,864562,False,True,False,False,74.0,400,2.4458850130847036,11.311958534637508,70.82804944176755,37
D_nsga2_flc_safety,dense,fault_noise_spike_sev1,noise_spike,12.0,42,110485,False,True,False,False,110.0,400,2.9164680163728613,10.2883967482905,91.13871301006373,55
D_nsga2_flc_safety,dense,fault_noise_spike_sev1,noise_spike,12.0,43,8300,False,True,False,False,40.00000000000001,400,2.845140065377757,26.309411111823362,82.93839754597032,20
D_nsga2_flc_safety,dense,fault_noise_spike_sev1,noise_spike,12.0,44,503793,False,True,False,False,118.0,400,2.5460827295094073,14.863127200288288,89.3606250048839,59
D_nsga2_flc_safety,dense,fault_noise_spike_sev1,noise_spike,12.0,45,352372,False,True,False,False,17.999999999999996,400,2.168216800281717,33.77899844613619,101.25601151988744,9
D_nsga2_flc_safety,dense,fault_noise_spike_sev1,noise_spike,12.0,46,454845,False,True,False,False,20.0,400,1.8034848239580703,34.38115995225759,99.43906416480436,10
D_nsga2_flc_safety,dense,fault_noise_spike_sev1,noise_spike,12.0,47,837206,False,True,False,False,19.999999999999996,400,2.827765348477313,24.627521746165712,98.98004333112172,10
D_nsga2_flc_safety,dense,fault_noise_spike_sev1,noise_spike,12.0,48,834851,True,False,False,False,140.0,70,5.871895409440071,9.046261441135604,2.515001449502939,70
D_nsga2_flc_safety,dense,fault_noise_spike_sev1,noise_spike,12.0,49,457512,False,True,False,False,16.000000000000004,400,1.7403471412397775,30.52582432188177,103.49538979078889,8
D_nsga2_flc_safety,dense,fault_noise_spike_sev2,noise_spike,30.0,0,404653,False,True,False,False,96.00000000000001,400,3.0362125368146464,13.986892813102061,28.25996606414101,48
D_nsga2_flc_safety,dense,fault_noise_spike_sev2,noise_spike,30.0,1,215753,False,True,False,False,72.0,400,1.843289350064877,8.55954159249925,68.6345214681635,36
D_nsga2_flc_safety,dense,fault_noise_spike_sev2,noise_spike,30.0,2,944924,False,True,False,False,18.000000000000004,400,2.141479040085265,15.684444444444445,101.34955392003054,9
D_nsga2_flc_safety,dense,fault_noise_spike_sev2,noise_spike,30.0,3,12413,False,True,False,False,31.999999999999993,400,2.1889670644551957,15.516322853912838,87.37449222882988,16
D_nsga2_flc_safety,dense,fault_noise_spike_sev2,noise_spike,30.0,4,839153,False,True,False,False,244.0,400,3.416954598054742,7.971080363206284,71.98216464178478,122
D_nsga2_flc_safety,dense,fault_noise_spike_sev2,noise_spike,30.0,5,26206,False,True,False,False,520.0,400,1.7288977442552897,12.615274057174622,16.408825758171425,260
D_nsga2_flc_safety,dense,fault_noise_spike_sev2,noise_spike,30.0,6,85702,False,True,False,False,370.0,400,1.5817416355660194,10.80448506391425,106.43880795610681,185
D_nsga2_flc_safety,dense,fault_noise_spike_sev2,noise_spike,30.0,7,720542,False,True,False,False,76.0,400,2.2470519872095718,7.511708652671414,52.620007578142925,38
D_nsga2_flc_safety,dense,fault_noise_spike_sev2,noise_spike,30.0,8,43194,False,True,False,False,486.0,400,2.7562222730917116,12.969566204232265,64.15533630995189,243
D_nsga2_flc_safety,dense,fault_noise_spike_sev2,noise_spike,30.0,9,76840,False,True,False,False,158.0,400,2.123876896502655,13.06892521853378,42.24275745706742,79
D_nsga2_flc_safety,dense,fault_noise_spike_sev2,noise_spike,30.0,10,827195,False,True,False,False,66.0,400,2.9174341039614617,17.871696500405633,62.582456870177204,33
D_nsga2_flc_safety,dense,fault_noise_spike_sev2,noise_spike,30.0,11,891107,False,True,False,False,45.99999999999999,400,4.767993021152054,16.677007677753178,78.5179933957779,23
D_nsga2_flc_safety,dense,fault_noise_spike_sev2,noise_spike,30.0,12,419585,False,True,False,False,108.0,400,2.0623155512317126,14.055051083734098,92.06540126726507,54
D_nsga2_flc_safety,dense,fault_noise_spike_sev2,noise_spike,30.0,13,197278,False,True,False,False,69.99999999999999,400,3.609927486638666,15.40660288617079,50.51295685848525,35
D_nsga2_flc_safety,dense,fault_noise_spike_sev2,noise_spike,30.0,14,662269,False,True,False,False,78.0,400,2.0414159336641085,18.590488646346653,68.11532716599756,39
D_nsga2_flc_safety,dense,fault_noise_spike_sev2,noise_spike,30.0,15,666954,False,True,False,False,25.999999999999996,400,2.514474846984126,7.24407242996151,94.89110839092125,13
D_nsga2_flc_safety,dense,fault_noise_spike_sev2,noise_spike,30.0,16,764983,False,True,False,False,20.000000000000004,400,2.0879128784911027,8.879163368262448,99.07681298685276,10
D_nsga2_flc_safety,dense,fault_noise_spike_sev2,noise_spike,30.0,17,888532,False,True,False,False,18.000000000000007,400,1.7742503310539475,15.0,101.10837508748116,9
D_nsga2_flc_safety,dense,fault_noise_spike_sev2,noise_spike,30.0,18,155719,False,True,False,False,42.0,400,1.75997822330847,12.066348475143673,79.51960530022087,21
D_nsga2_flc_safety,dense,fault_noise_spike_sev2,noise_spike,30.0,19,579943,False,True,False,False,140.0,400,2.7620287066914373,13.688778106066335,7.911604843167361,70
D_nsga2_flc_safety,dense,fault_noise_spike_sev2,noise_spike,30.0,20,727353,False,True,False,False,101.99999999999999,400,3.586010627344523,13.214143707864586,90.67428560480894,51
D_nsga2_flc_safety,dense,fault_noise_spike_sev2,noise_spike,30.0,21,6151,False,True,False,False,32.0,400,2.6753716218692465,34.18736216608963,87.67382732649509,16
D_nsga2_flc_safety,dense,fault_noise_spike_sev2,noise_spike,30.0,22,710788,False,True,False,False,18.0,400,2.2353169928192402,47.26040841999293,102.35891893127122,9
D_nsga2_flc_safety,dense,fault_noise_spike_sev2,noise_spike,30.0,23,138531,False,True,False,False,406.0,400,2.7638590369608713,9.161235708622915,122.60302716227466,203
D_nsga2_flc_safety,dense,fault_noise_spike_sev2,noise_spike,30.0,24,281206,False,True,False,False,90.0,400,2.4067500665271,16.00067277206425,46.523405200686256,45
D_nsga2_flc_safety,dense,fault_noise_spike_sev2,noise_spike,30.0,25,90320,False,True,False,False,122.00000000000001,400,3.147666820453082,20.93471495388195,90.8195789761196,61
D_nsga2_flc_safety,dense,fault_noise_spike_sev2,noise_spike,30.0,26,473688,False,True,False,False,62.0,400,2.9856770210136037,9.38893851931187,59.784511243596,31
D_nsga2_flc_safety,dense,fault_noise_spike_sev2,noise_spike,30.0,27,950752,False,True,False,False,28.0,400,2.5233583726666966,23.239222005888767,92.67212583778932,14
D_nsga2_flc_safety,dense,fault_noise_spike_sev2,noise_spike,30.0,28,974050,False,True,False,False,203.99999999999997,400,2.071460124640824,15.922361787469121,84.63423083154606,102
D_nsga2_flc_safety,dense,fault_noise_spike_sev2,noise_spike,30.0,29,162968,False,True,False,False,92.0,400,2.6290793174641576,7.912103921217685,63.01403729401458,46
D_nsga2_flc_safety,dense,fault_noise_spike_sev2,noise_spike,30.0,30,247501,True,False,False,False,156.0,78,2.5874102191645885,12.59782245338952,3.5230654937572563,78
D_nsga2_flc_safety,dense,fault_noise_spike_sev2,noise_spike,30.0,31,611736,False,True,False,False,64.0,400,2.6745849991160138,15.384053189046403,65.71537487669183,32
D_nsga2_flc_safety,dense,fault_noise_spike_sev2,noise_spike,30.0,32,202663,False,True,False,False,11.999999999999998,400,1.7905851930680168,19.36,107.13077160820605,6
D_nsga2_flc_safety,dense,fault_noise_spike_sev2,noise_spike,30.0,33,749349,False,True,False,False,276.0,400,1.9890613938155872,13.105355866001867,83.80511231642805,138
D_nsga2_flc_safety,dense,fault_noise_spike_sev2,noise_spike,30.0,34,67944,False,True,False,False,134.0,400,1.939273262303671,13.497740473488825,9.857484939261509,67
D_nsga2_flc_safety,dense,fault_noise_spike_sev2,noise_spike,30.0,35,667972,False,True,False,False,47.99999999999999,400,3.409532717285864,12.652040559943549,72.00851674745914,24
D_nsga2_flc_safety,dense,fault_noise_spike_sev2,noise_spike,30.0,36,284085,True,False,False,False,122.0,61,5.458672410385413,16.889603967461763,2.624891622644771,61
D_nsga2_flc_safety,dense,fault_noise_spike_sev2,noise_spike,30.0,37,56648,True,False,False,False,120.00000000000001,60,4.66531103786467,14.442911867571219,2.9429027481925107,60
D_nsga2_flc_safety,dense,fault_noise_spike_sev2,noise_spike,30.0,38,883846,True,False,False,False,120.00000000000001,60,4.960185536317743,7.520209634715626,3.5496061952212585,60
D_nsga2_flc_safety,dense,fault_noise_spike_sev2,noise_spike,30.0,39,542999,False,True,False,False,92.0,400,1.5598381467564557,16.257427892378903,30.734339207031006,46
D_nsga2_flc_safety,dense,fault_noise_spike_sev2,noise_spike,30.0,40,876790,False,True,False,False,47.99999999999999,400,1.787398873360368,14.256151700890378,76.43542240417162,24
D_nsga2_flc_safety,dense,fault_noise_spike_sev2,noise_spike,30.0,41,864562,False,True,False,False,92.0,400,1.7297329222944926,14.639170469187093,77.64027160929898,46
D_nsga2_flc_safety,dense,fault_noise_spike_sev2,noise_spike,30.0,42,110485,False,True,False,False,112.0,400,2.3641474115097396,7.749955640156233,91.8532533550653,56
D_nsga2_flc_safety,dense,fault_noise_spike_sev2,noise_spike,30.0,43,8300,False,True,False,False,40.00000000000001,400,2.845140065377757,26.309411111823362,82.93839754597032,20
D_nsga2_flc_safety,dense,fault_noise_spike_sev2,noise_spike,30.0,44,503793,False,True,False,False,118.0,400,2.110442887012139,14.047261506327546,89.39440165589795,59
D_nsga2_flc_safety,dense,fault_noise_spike_sev2,noise_spike,30.0,45,352372,False,True,False,False,17.999999999999996,400,2.168216800281717,33.77899844613619,101.25601151988744,9
D_nsga2_flc_safety,dense,fault_noise_spike_sev2,noise_spike,30.0,46,454845,False,True,False,False,20.0,400,1.8034848239580703,34.38115995225759,99.43906416480436,10
D_nsga2_flc_safety,dense,fault_noise_spike_sev2,noise_spike,30.0,47,837206,False,True,False,False,19.999999999999996,400,2.827765348477313,24.627521746165712,98.98004333112172,10
D_nsga2_flc_safety,dense,fault_noise_spike_sev2,noise_spike,30.0,48,834851,False,True,False,False,136.0,400,2.486781003622039,11.335861425082822,23.5011897125543,68
D_nsga2_flc_safety,dense,fault_noise_spike_sev2,noise_spike,30.0,49,457512,False,True,False,False,16.000000000000004,400,1.7403471412397775,30.52582432188177,103.49538979078889,8
D_nsga2_flc_safety,dense,fault_noise_spike_sev3,noise_spike,60.0,0,404653,True,False,False,False,126.00000000000003,63,3.3113274298719206,22.115323104752655,3.4285037533971447,63
D_nsga2_flc_safety,dense,fault_noise_spike_sev3,noise_spike,60.0,1,215753,False,True,False,False,72.0,400,1.843289350064877,8.55954159249925,68.6345214681635,36
D_nsga2_flc_safety,dense,fault_noise_spike_sev3,noise_spike,60.0,2,944924,False,True,False,False,18.000000000000004,400,2.141479040085265,15.684444444444445,101.34955392003054,9
D_nsga2_flc_safety,dense,fault_noise_spike_sev3,noise_spike,60.0,3,12413,False,True,False,False,31.999999999999993,400,2.1889670644551957,15.516322853912838,87.37449222882988,16
D_nsga2_flc_safety,dense,fault_noise_spike_sev3,noise_spike,60.0,4,839153,False,True,False,False,182.0,400,2.8702336783281175,12.642248636728551,79.38538215148967,91
D_nsga2_flc_safety,dense,fault_noise_spike_sev3,noise_spike,60.0,5,26206,False,True,False,False,164.0,400,1.9078101788393418,14.752376535579277,39.823830029242565,82
D_nsga2_flc_safety,dense,fault_noise_spike_sev3,noise_spike,60.0,6,85702,False,True,False,False,190.00000000000003,400,2.283961933061171,11.290650133319193,82.44630522465506,95
D_nsga2_flc_safety,dense,fault_noise_spike_sev3,noise_spike,60.0,7,720542,False,True,False,False,76.0,400,2.2470519872095718,7.511708652671414,52.620007578142925,38
D_nsga2_flc_safety,dense,fault_noise_spike_sev3,noise_spike,60.0,8,43194,False,True,False,False,238.00000000000003,400,3.264722078632733,20.09378518728952,47.64507829355819,119
D_nsga2_flc_safety,dense,fault_noise_spike_sev3,noise_spike,60.0,9,76840,False,True,False,False,158.00000000000003,400,1.9751432130190483,13.332548356728976,42.45381104405371,79
D_nsga2_flc_safety,dense,fault_noise_spike_sev3,noise_spike,60.0,10,827195,False,True,False,False,66.00000000000001,400,3.0994959790415395,21.06622270115478,62.23359778282069,33
D_nsga2_flc_safety,dense,fault_noise_spike_sev3,noise_spike,60.0,11,891107,False,True,False,False,45.99999999999999,400,4.767993021152054,16.677007677753178,78.5179933957779,23
D_nsga2_flc_safety,dense,fault_noise_spike_sev3,noise_spike,60.0,12,419585,False,True,False,False,102.0,400,2.1090100047835385,19.214176315294317,83.26796025404411,51
D_nsga2_flc_safety,dense,fault_noise_spike_sev3,noise_spike,60.0,13,197278,False,True,False,False,113.99999999999997,400,2.8244455788364875,18.963140430473423,39.231674799948344,57
D_nsga2_flc_safety,dense,fault_noise_spike_sev3,noise_spike,60.0,14,662269,True,False,False,False,128.00000000000003,64,5.1690565642699555,27.41205079386611,3.8698718858930197,64
D_nsga2_flc_safety,dense,fault_noise_spike_sev3,noise_spike,60.0,15,666954,False,True,False,False,25.999999999999996,400,2.514474846984126,7.24407242996151,94.89110839092125,13
D_nsga2_flc_safety,dense,fault_noise_spike_sev3,noise_spike,60.0,16,764983,False,True,False,False,20.000000000000004,400,2.0879128784911027,8.879163368262448,99.07681298685276,10
D_nsga2_flc_safety,dense,fault_noise_spike_sev3,noise_spike,60.0,17,888532,False,True,False,False,18.000000000000007,400,1.7742503310539475,15.0,101.10837508748116,9
D_nsga2_flc_safety,dense,fault_noise_spike_sev3,noise_spike,60.0,18,155719,False,True,False,False,42.0,400,1.75997822330847,12.066348475143673,79.51960530022087,21
D_nsga2_flc_safety,dense,fault_noise_spike_sev3,noise_spike,60.0,19,579943,False,True,False,False,66.00000000000001,400,2.8992779131936546,13.192361892759065,58.96644127318197,33
D_nsga2_flc_safety,dense,fault_noise_spike_sev3,noise_spike,60.0,20,727353,False,True,False,False,36.0,400,1.764620567812759,7.7777777777777795,83.12538531290645,18
D_nsga2_flc_safety,dense,fault_noise_spike_sev3,noise_spike,60.0,21,6151,False,True,False,False,32.0,400,2.6753716218692465,34.18736216608963,87.67382732649509,16
D_nsga2_flc_safety,dense,fault_noise_spike_sev3,noise_spike,60.0,22,710788,False,True,False,False,18.0,400,2.2353169928192402,47.26040841999293,102.35891893127122,9
D_nsga2_flc_safety,dense,fault_noise_spike_sev3,noise_spike,60.0,23,138531,False,True,False,False,176.0,400,2.4205093137737648,11.981260231056417,38.16989673399482,88
D_nsga2_flc_safety,dense,fault_noise_spike_sev3,noise_spike,60.0,24,281206,False,True,False,False,82.0,400,2.399491849822833,14.989460327097285,39.37355828658491,41
D_nsga2_flc_safety,dense,fault_noise_spike_sev3,noise_spike,60.0,25,90320,False,True,False,False,114.00000000000001,400,1.7795596316819051,24.03252550897081,82.52748941374824,57
D_nsga2_flc_safety,dense,fault_noise_spike_sev3,noise_spike,60.0,26,473688,False,True,False,False,121.99999999999999,400,2.3345844977103383,17.979765114079488,13.503513518973532,61
D_nsga2_flc_safety,dense,fault_noise_spike_sev3,noise_spike,60.0,27,950752,False,True,False,False,28.0,400,2.5233583726666966,23.239222005888767,92.67212583778932,14
D_nsga2_flc_safety,dense,fault_noise_spike_sev3,noise_spike,60.0,28,974050,False,True,False,False,113.99999999999999,400,2.27054241646835,17.396098106020073,21.540579440768248,57
D_nsga2_flc_safety,dense,fault_noise_spike_sev3,noise_spike,60.0,29,162968,False,True,False,False,246.00000000000003,400,1.9096133329799054,12.59296834552417,120.52275593879068,123
D_nsga2_flc_safety,dense,fault_noise_spike_sev3,noise_spike,60.0,30,247501,False,True,False,False,90.0,400,1.6911451452591255,12.02791985463305,55.03284235272384,45
D_nsga2_flc_safety,dense,fault_noise_spike_sev3,noise_spike,60.0,31,611736,False,True,False,False,64.0,400,2.6704894358460125,15.40768655934563,65.70020712311452,32
D_nsga2_flc_safety,dense,fault_noise_spike_sev3,noise_spike,60.0,32,202663,False,True,False,False,11.999999999999998,400,1.7905851930680168,19.36,107.13077160820605,6
D_nsga2_flc_safety,dense,fault_noise_spike_sev3,noise_spike,60.0,33,749349,False,True,False,False,260.0,400,2.4839912354854787,14.01998070791104,84.15739941851665,130
D_nsga2_flc_safety,dense,fault_noise_spike_sev3,noise_spike,60.0,34,67944,False,True,False,False,134.0,400,3.0685525940230534,14.539440198637122,13.262853158577137,67
D_nsga2_flc_safety,dense,fault_noise_spike_sev3,noise_spike,60.0,35,667972,False,True,False,False,127.99999999999999,400,2.7809965917805743,14.733892529983533,7.290733632411437,64
D_nsga2_flc_safety,dense,fault_noise_spike_sev3,noise_spike,60.0,36,284085,False,True,False,False,146.0,400,2.6259261483134413,25.531937485603866,89.04780492616368,73
D_nsga2_flc_safety,dense,fault_noise_spike_sev3,noise_spike,60.0,37,56648,False,True,False,False,48.000000000000014,400,2.045278272149301,7.155887936197593,72.29111660727499,24
D_nsga2_flc_safety,dense,fault_noise_spike_sev3,noise_spike,60.0,38,883846,False,True,False,False,128.0,400,2.6625244276228623,10.802874090319156,13.971105812304737,64
D_nsga2_flc_safety,dense,fault_noise_spike_sev3,noise_spike,60.0,39,542999,False,True,False,False,40.00000000000001,400,2.2687928196471945,16.39854852571915,78.99237088869485,20
D_nsga2_flc_safety,dense,fault_noise_spike_sev3,noise_spike,60.0,40,876790,False,True,False,False,48.0,400,2.5317985422132563,12.931284610102757,73.91143748630397,24
D_nsga2_flc_safety,dense,fault_noise_spike_sev3,noise_spike,60.0,41,864562,False,True,False,False,31.999999999999996,400,2.057416779524364,13.640323128447124,89.94525831881492,16
D_nsga2_flc_safety,dense,fault_noise_spike_sev3,noise_spike,60.0,42,110485,False,True,False,False,136.0,400,1.7199013725520966,6.326113197907076,84.2072806353601,68
D_nsga2_flc_safety,dense,fault_noise_spike_sev3,noise_spike,60.0,43,8300,False,True,False,False,40.00000000000001,400,2.845140065377757,26.309411111823362,82.93839754597032,20
D_nsga2_flc_safety,dense,fault_noise_spike_sev3,noise_spike,60.0,44,503793,False,True,False,False,118.0,400,2.841917645654526,13.584214931603011,88.49553227980282,59
D_nsga2_flc_safety,dense,fault_noise_spike_sev3,noise_spike,60.0,45,352372,False,True,False,False,17.999999999999996,400,2.168216800281717,33.77899844613619,101.25601151988744,9
D_nsga2_flc_safety,dense,fault_noise_spike_sev3,noise_spike,60.0,46,454845,False,True,False,False,20.0,400,1.8034848239580703,34.38115995225759,99.43906416480436,10
D_nsga2_flc_safety,dense,fault_noise_spike_sev3,noise_spike,60.0,47,837206,False,True,False,False,19.999999999999996,400,2.827765348477313,24.627521746165712,98.98004333112172,10
D_nsga2_flc_safety,dense,fault_noise_spike_sev3,noise_spike,60.0,48,834851,False,True,False,False,136.0,400,2.4244836280047215,11.444319793839844,21.80975489523966,68
D_nsga2_flc_safety,dense,fault_noise_spike_sev3,noise_spike,60.0,49,457512,False,True,False,False,16.000000000000004,400,1.7403471412397775,30.52582432188177,103.49538979078889,8
D_nsga2_flc_efficiency,sparse,clean,,,0,404653,False,False,True,False,800.0,400,2.9857215935947776,4.734983320107996,70.14476475611308,400
D_nsga2_flc_efficiency,sparse,clean,,,1,215753,False,True,False,False,109.99999999999999,400,2.718391054389267,7.834429505853108,91.0713280527618,55
D_nsga2_flc_efficiency,sparse,clean,,,2,944924,True,False,False,False,118.00000000000001,59,7.993592053953055,3.1325934615280695,2.9483485325886987,59
D_nsga2_flc_efficiency,sparse,clean,,,3,12413,False,True,False,False,106.0,400,2.060277135917664,7.202416522343505,81.43783265876098,53
D_nsga2_flc_efficiency,sparse,clean,,,4,839153,False,True,False,False,230.0,400,1.912008697490991,5.782075444774006,104.59654536834931,115
D_nsga2_flc_efficiency,sparse,clean,,,5,26206,False,True,False,False,306.0,400,2.648154932052428,5.387636422423233,86.29924927650073,153
D_nsga2_flc_efficiency,sparse,clean,,,6,85702,False,True,False,False,536.0,400,2.7845251821701065,3.965303620817056,39.86437969065494,268
D_nsga2_flc_efficiency,sparse,clean,,,7,720542,False,True,False,False,138.0,400,2.7845670237086377,2.77464587206331,8.22934884306262,69
D_nsga2_flc_efficiency,sparse,clean,,,8,43194,False,False,True,False,800.0,400,5.740905978540195,5.768197979549464,22.229163737998725,400
D_nsga2_flc_efficiency,sparse,clean,,,9,76840,False,True,False,False,622.0,400,1.9323461383727853,5.210310590736033,72.42033463752634,311
D_nsga2_flc_efficiency,sparse,clean,,,10,827195,False,True,False,False,90.0,400,3.4173470945399256,2.9312499195109454,33.27679865051171,45
D_nsga2_flc_efficiency,sparse,clean,,,11,891107,False,True,False,False,122.00000000000001,400,1.5969789495057432,2.9827081459163036,54.40813818626893,61
D_nsga2_flc_efficiency,sparse,clean,,,12,419585,False,True,False,False,125.99999999999989,400,2.1490648676957553,1.9990678077777284,12.077257463572394,63
D_nsga2_flc_efficiency,sparse,clean,,,13,197278,False,False,True,False,800.0,400,5.1974172156209955,4.592430263062015,16.518936480971334,400
D_nsga2_flc_efficiency,sparse,clean,,,14,662269,False,True,False,False,100.0,400,3.143189027127951,4.9932197382618835,90.62167372188262,50
D_nsga2_flc_efficiency,sparse,clean,,,15,666954,False,True,False,False,24.0,400,1.821601131240602,22.77691540791974,96.90489430174564,12
D_nsga2_flc_efficiency,sparse,clean,,,16,764983,False,True,False,False,260.0,400,1.9438316419677792,8.025753127400918,62.899644862225074,130
D_nsga2_flc_efficiency,sparse,clean,,,17,888532,False,True,False,False,364.0,400,2.9804081513956695,4.484805779218073,79.27826289252674,182
D_nsga2_flc_efficiency,sparse,clean,,,18,155719,False,True,False,False,378.0,400,1.7553025885221238,5.353428867221499,41.52919601813796,189
D_nsga2_flc_efficiency,sparse,clean,,,19,579943,False,True,False,False,40.0,400,1.7564760927052918,18.105174558114467,80.57766114475852,20
D_nsga2_flc_efficiency,sparse,clean,,,20,727353,False,True,False,False,138.0,400,2.018472056338977,3.436251009943143,8.499363182229402,69
D_nsga2_flc_efficiency,sparse,clean,,,21,6151,False,True,False,False,72.0,400,3.304914312752766,6.070399449170231,69.48253935843044,36
D_nsga2_flc_efficiency,sparse,clean,,,22,710788,False,True,False,False,510.0,400,1.7740029443586791,4.747726998006306,7.483324883140439,255
D_nsga2_flc_efficiency,sparse,clean,,,23,138531,True,False,False,False,122.0,61,5.7014517663236415,4.377416375215014,3.211765424613729,61
D_nsga2_flc_efficiency,sparse,clean,,,24,281206,False,True,False,False,41.99999999999999,400,2.0218745119008465,10.618089974028376,78.81651403246765,21
D_nsga2_flc_efficiency,sparse,clean,,,25,90320,False,False,True,False,799.9999999999999,400,4.048435018272348,3.3090395854644417,75.98833060733483,400
D_nsga2_flc_efficiency,sparse,clean,,,26,473688,False,True,False,False,360.0,400,2.4505260656151786,5.34907148000315,6.8669327538205245,180
D_nsga2_flc_efficiency,sparse,clean,,,27,950752,False,True,False,False,186.0,400,2.8465848337976283,6.513852503794465,71.26779361247318,93
D_nsga2_flc_efficiency,sparse,clean,,,28,974050,False,True,False,False,293.99999999999994,400,2.260741181557452,5.876399867729932,127.01785556387985,147
D_nsga2_flc_efficiency,sparse,clean,,,29,162968,False,True,False,False,134.0,400,2.473114460812386,2.5199241019180363,25.94443859516524,67
D_nsga2_flc_efficiency,sparse,clean,,,30,247501,True,False,False,False,146.0,73,6.615174897937048,4.471036975948898,2.59717404299739,73
D_nsga2_flc_efficiency,sparse,clean,,,31,611736,False,True,False,False,80.00000000000001,400,2.1588767353679508,5.698131708342247,69.99136575967978,40
D_nsga2_flc_efficiency,sparse,clean,,,32,202663,False,True,False,False,44.000000000000014,400,3.3406608465175998,10.626141960582034,81.31889550680465,22
D_nsga2_flc_efficiency,sparse,clean,,,33,749349,False,True,False,False,54.0,400,2.2607312737349514,3.4267343129587453,68.8511443144735,27
D_nsga2_flc_efficiency,sparse,clean,,,34,67944,False,True,False,False,104.0,400,2.6263945289096253,4.22857181003412,91.30997240498102,52
D_nsga2_flc_efficiency,sparse,clean,,,35,667972,False,True,False,False,242.0,400,2.8441533045831653,4.246826903598675,75.63349632280574,121
D_nsga2_flc_efficiency,sparse,clean,,,36,284085,False,True,False,False,123.99999999999997,400,1.7934453310800256,3.995188639101774,10.06938447886016,62
D_nsga2_flc_efficiency,sparse,clean,,,37,56648,False,True,False,False,110.0,400,2.8879867268468464,4.507576733522116,90.6593377441733,55
D_nsga2_flc_efficiency,sparse,clean,,,38,883846,False,True,False,False,164.0,400,1.6244371005318858,5.578292352466659,7.223994238341671,82
D_nsga2_flc_efficiency,sparse,clean,,,39,542999,False,True,False,False,256.0,400,2.014517861567872,3.560830532396725,115.05110698163259,128
D_nsga2_flc_efficiency,sparse,clean,,,40,876790,True,False,False,False,140.0,70,4.962147125804741,4.15708778130157,3.8233321217657292,70
D_nsga2_flc_efficiency,sparse,clean,,,41,864562,False,True,False,False,41.99999999999999,400,2.037274332580745,16.294101505232256,80.20625734917729,21
D_nsga2_flc_efficiency,sparse,clean,,,42,110485,False,True,False,False,132.0,400,2.80319438207363,4.228424880917176,89.97258481656328,66
D_nsga2_flc_efficiency,sparse,clean,,,43,8300,False,True,False,False,108.0,400,2.079456754363403,4.763739586200972,91.03565867547285,54
D_nsga2_flc_efficiency,sparse,clean,,,44,503793,False,True,False,False,90.0,400,3.177389381078327,3.6960348751592607,41.405902446314265,45
D_nsga2_flc_efficiency,sparse,clean,,,45,352372,False,True,False,False,416.00000000000006,400,1.6881464706080083,5.948978565158291,124.69107829410065,208
D_nsga2_flc_efficiency,sparse,clean,,,46,454845,False,True,False,False,130.0,400,1.569435457806542,2.4586158088699257,7.611434761028817,65
D_nsga2_flc_efficiency,sparse,clean,,,47,837206,False,False,True,False,800.0,400,3.711953064213392,3.4839730727056972,36.82424920747568,400
D_nsga2_flc_efficiency,sparse,clean,,,48,834851,False,True,False,False,46.0,400,2.0605593465060603,8.885819609260306,81.69926338015549,23
D_nsga2_flc_efficiency,sparse,clean,,,49,457512,False,True,False,False,126.00000000000007,400,2.2927931022108017,5.123242055542907,6.842819121550361,63
D_nsga2_flc_efficiency,sparse,fault_dropout,dropout,,0,404653,False,False,True,False,800.0,400,2.324359152901792,4.677697368405918,68.29934355982233,400
D_nsga2_flc_efficiency,sparse,fault_dropout,dropout,,1,215753,False,True,False,False,105.99999999999999,400,2.598473279664761,6.092230376759551,84.4839569836913,53
D_nsga2_flc_efficiency,sparse,fault_dropout,dropout,,2,944924,False,True,False,False,202.0,400,2.159766207332053,3.905531259822217,86.41488727864743,101
D_nsga2_flc_efficiency,sparse,fault_dropout,dropout,,3,12413,False,True,False,False,84.0,400,2.164017368225089,4.849735663825612,97.11285876887236,42
D_nsga2_flc_efficiency,sparse,fault_dropout,dropout,,4,839153,False,False,True,False,800.0,400,2.680728128471256,4.2800336470257685,59.63374819853182,400
D_nsga2_flc_efficiency,sparse,fault_dropout,dropout,,5,26206,False,True,False,False,53.99999999999999,400,2.1008187701628405,2.3253345091338593,75.56701565311927,27
D_nsga2_flc_efficiency,sparse,fault_dropout,dropout,,6,85702,False,True,False,False,124.0,400,2.298095567860316,2.9759523400659975,88.17968715417668,62
D_nsga2_flc_efficiency,sparse,fault_dropout,dropout,,7,720542,False,True,False,False,131.99999999999997,400,2.3787643660233195,1.896877662717504,14.142958207581366,66
D_nsga2_flc_efficiency,sparse,fault_dropout,dropout,,8,43194,False,False,True,False,800.0,400,4.917832416057262,6.066129617301122,92.64713999993667,400
D_nsga2_flc_efficiency,sparse,fault_dropout,dropout,,9,76840,False,True,False,False,112.0,400,2.5038106221094965,8.66917676691886,79.77276555820994,56
D_nsga2_flc_efficiency,sparse,fault_dropout,dropout,,10,827195,False,True,False,False,368.0,400,1.8284859491717214,7.368143330574233,32.67098311904875,184
D_nsga2_flc_efficiency,sparse,fault_dropout,dropout,,11,891107,False,False,True,False,800.0,400,2.8116326013123554,2.42992423286879,79.64478137348704,400
D_nsga2_flc_efficiency,sparse,fault_dropout,dropout,,12,419585,False,True,False,False,123.99999999999987,400,1.5693365896717681,1.913481290676614,9.167265360413385,62
D_nsga2_flc_efficiency,sparse,fault_dropout,dropout,,13,197278,False,True,False,False,48.00000000000001,400,2.335195063512871,1.7017763859504844,72.50654119769452,24
D_nsga2_flc_efficiency,sparse,fault_dropout,dropout,,14,662269,False,True,False,False,70.00000000000001,400,2.155150499018343,1.865812769234077,70.05293244493755,35
D_nsga2_flc_efficiency,sparse,fault_dropout,dropout,,15,666954,False,True,False,False,24.0,400,1.821601131240602,22.77691540791974,96.90489430174564,12
D_nsga2_flc_efficiency,sparse,fault_dropout,dropout,,16,764983,False,True,False,False,48.0,400,2.201868120169575,5.3141181823275225,73.53541171814126,24
D_nsga2_flc_efficiency,sparse,fault_dropout,dropout,,17,888532,False,True,False,False,340.00000000000006,400,1.7896155734050598,4.542742802075502,79.2291830421311,170
D_nsga2_flc_efficiency,sparse,fault_dropout,dropout,,18,155719,False,True,False,False,142.0,400,2.373631048112629,1.3072383018627278,87.25307742857453,71
D_nsga2_flc_efficiency,sparse,fault_dropout,dropout,,19,579943,False,True,False,False,38.0,400,4.0787830117158075,23.794920587488914,82.16397881982395,19
D_nsga2_flc_efficiency,sparse,fault_dropout,dropout,,20,727353,False,True,False,False,252.0,400,2.180023865119589,3.7569234075179154,49.585339397154954,126
D_nsga2_flc_efficiency,sparse,fault_dropout,dropout,,21,6151,False,True,False,False,75.99999999999999,400,1.8412917641236963,3.787818280344142,80.4214945727959,38
D_nsga2_flc_efficiency,sparse,fault_dropout,dropout,,22,710788,False,True,False,False,102.00000000000001,400,1.9872263847324432,4.286738212347692,22.57993488198607,51
D_nsga2_flc_efficiency,sparse,fault_dropout,dropout,,23,138531,False,True,False,False,124.00000000000001,400,1.886167948216583,3.8656258285134184,72.50165329698092,62
D_nsga2_flc_efficiency,sparse,fault_dropout,dropout,,24,281206,False,True,False,False,305.99999999999994,400,3.375637705224083,3.5424866607058516,60.579521256662446,153
D_nsga2_flc_efficiency,sparse,fault_dropout,dropout,,25,90320,False,True,False,False,89.99999999999999,400,2.1241122173758265,1.362281712964644,69.35775127323274,45
D_nsga2_flc_efficiency,sparse,fault_dropout,dropout,,26,473688,False,True,False,False,128.00000000000006,400,3.2726816608559273,2.0537619596062817,8.35716571433323,64
D_nsga2_flc_efficiency,sparse,fault_dropout,dropout,,27,950752,False,True,False,False,140.0,400,1.774231114275136,5.140265038328656,20.911734960076878,70
D_nsga2_flc_efficiency,sparse,fault_dropout,dropout,,28,974050,False,True,False,False,47.999999999999986,400,3.0486947433690395,8.887512521994958,84.58761249089856,24
D_nsga2_flc_efficiency,sparse,fault_dropout,dropout,,29,162968,False,True,False,False,145.99999999999997,400,2.3953324243234797,2.4947474497057684,26.743838607335746,73
D_nsga2_flc_efficiency,sparse,fault_dropout,dropout,,30,247501,False,True,False,False,138.00000000000003,400,2.3635049483994757,4.292873851799343,16.32908157872462,69
D_nsga2_flc_efficiency,sparse,fault_dropout,dropout,,31,611736,False,True,False,False,80.00000000000001,400,1.8260051114839988,3.227775738163094,78.56696481524907,40
D_nsga2_flc_efficiency,sparse,fault_dropout,dropout,,32,202663,False,True,False,False,44.000000000000014,400,3.3406608465175998,10.626141960582034,81.31889550680465,22
D_nsga2_flc_efficiency,sparse,fault_dropout,dropout,,33,749349,False,True,False,False,54.0,400,2.1708887725495947,2.598953186246189,69.44517673481843,27
D_nsga2_flc_efficiency,sparse,fault_dropout,dropout,,34,67944,False,True,False,False,38.0,400,2.3148749447482873,2.440918867959945,82.26901754106987,19
D_nsga2_flc_efficiency,sparse,fault_dropout,dropout,,35,667972,False,True,False,False,98.0,400,2.8065981008535954,2.3763514776135146,66.36916015112378,49
D_nsga2_flc_efficiency,sparse,fault_dropout,dropout,,36,284085,True,False,False,False,118.0,59,9.811460649121948,1.981712673687847,3.4301797970456014,59
D_nsga2_flc_efficiency,sparse,fault_dropout,dropout,,37,56648,False,True,False,False,106.0,400,1.956684892072608,2.8137402161607725,92.01530533499883,53
D_nsga2_flc_efficiency,sparse,fault_dropout,dropout,,38,883846,False,True,False,False,201.99999999999997,400,3.0733690833147382,4.010652247160791,87.36867857130466,101
D_nsga2_flc_efficiency,sparse,fault_dropout,dropout,,39,542999,False,True,False,False,218.0,400,2.198502338843492,3.273541735382441,73.07518787237345,109
D_nsga2_flc_efficiency,sparse,fault_dropout,dropout,,40,876790,False,True,False,False,144.0,400,2.626154911769649,3.410762821372525,16.654470592788638,72
D_nsga2_flc_efficiency,sparse,fault_dropout,dropout,,41,864562,False,True,False,False,37.99999999999999,400,2.049222751561199,15.84276830420923,82.98164856036736,19
D_nsga2_flc_efficiency,sparse,fault_dropout,dropout,,42,110485,False,True,False,False,127.99999999999999,400,2.588761854823817,3.3006837700808367,83.68312388035395,64
D_nsga2_flc_efficiency,sparse,fault_dropout,dropout,,43,8300,False,True,False,False,100.0,400,1.5572098916109662,5.410785475123962,77.88977167424103,50
D_nsga2_flc_efficiency,sparse,fault_dropout,dropout,,44,503793,False,True,False,False,110.0,400,2.4960394046496988,4.941583216409133,71.3757024843843,55
D_nsga2_flc_efficiency,sparse,fault_dropout,dropout,,45,352372,False,True,False,False,92.00000000000001,400,2.349914424392622,7.948637156385877,31.497733472636,46
D_nsga2_flc_efficiency,sparse,fault_dropout,dropout,,46,454845,False,True,False,False,127.99999999999997,400,2.5537559200449356,1.5881156524887032,13.499188996314205,64
D_nsga2_flc_efficiency,sparse,fault_dropout,dropout,,47,837206,False,False,True,False,800.0,400,3.711953064213392,3.4839730727056972,36.82424920747568,400
D_nsga2_flc_efficiency,sparse,fault_dropout,dropout,,48,834851,False,True,False,False,46.0,400,2.0605593465060603,8.885819609260306,81.69926338015549,23
D_nsga2_flc_efficiency,sparse,fault_dropout,dropout,,49,457512,False,True,False,False,380.00000000000006,400,2.2708323988189316,4.329494550881074,70.28253659600277,190
D_nsga2_flc_efficiency,sparse,fault_bias,bias,,0,404653,False,True,False,False,64.0,400,1.9195457191157461,20.836391825998597,57.82391726745414,32
D_nsga2_flc_efficiency,sparse,fault_bias,bias,,1,215753,False,True,False,False,101.99999999999997,400,3.178030462661452,7.005948483286353,76.68284032278386,51
D_nsga2_flc_efficiency,sparse,fault_bias,bias,,2,944924,False,True,False,False,188.0,400,1.79582775349945,3.4141046836448323,83.17729042021878,94
D_nsga2_flc_efficiency,sparse,fault_bias,bias,,3,12413,False,True,False,False,84.0,400,2.164017368225089,4.849735663825612,97.11285876887236,42
D_nsga2_flc_efficiency,sparse,fault_bias,bias,,4,839153,False,True,False,False,210.0,400,3.399399027119297,4.611051989117862,35.45035412089262,105
D_nsga2_flc_efficiency,sparse,fault_bias,bias,,5,26206,False,True,False,False,53.99999999999999,400,2.1008187701628405,2.6234810695178026,75.49394202385646,27
D_nsga2_flc_efficiency,sparse,fault_bias,bias,,6,85702,False,True,False,False,124.0,400,1.9073467209086934,3.0037772104261133,87.94366676200939,62
D_nsga2_flc_efficiency,sparse,fault_bias,bias,,7,720542,False,True,False,False,136.0,400,2.0778759536107843,3.988008099890943,19.79555009536639,68
D_nsga2_flc_efficiency,sparse,fault_bias,bias,,8,43194,False,False,True,False,800.0000000000001,400,7.4989552126087675,37.57398847919076,94.13118355067817,400
D_nsga2_flc_efficiency,sparse,fault_bias,bias,,9,76840,False,True,False,False,89.99999999999999,400,2.0554461986512687,15.011688777231456,41.63319863953964,45
D_nsga2_flc_efficiency,sparse,fault_bias,bias,,10,827195,False,True,False,False,300.0,400,2.591107924171092,17.629262843840653,128.33505534885873,150
D_nsga2_flc_efficiency,sparse,fault_bias,bias,,11,891107,False,False,True,False,800.0,400,2.8116326013123554,2.271826903380232,81.52922638770507,400
D_nsga2_flc_efficiency,sparse,fault_bias,bias,,12,419585,False,True,False,False,121.99999999999989,400,3.481622447983647,2.004443204795131,7.7451974192611965,61
D_nsga2_flc_efficiency,sparse,fault_bias,bias,,13,197278,False,True,False,False,106.0,400,2.5149457932717283,4.518607650714905,85.4265094782136,53
D_nsga2_flc_efficiency,sparse,fault_bias,bias,,14,662269,False,False,True,False,800.0,400,7.495529258130796,31.09171616465193,82.09653163075606,400
D_nsga2_flc_efficiency,sparse,fault_bias,bias,,15,666954,False,True,False,False,24.0,400,1.821601131240602,22.77691540791974,96.90489430174564,12
D_nsga2_flc_efficiency,sparse,fault_bias,bias,,16,764983,False,True,False,False,216.0,400,2.9602638562390284,4.106667156060416,87.46062689279152,108
D_nsga2_flc_efficiency,sparse,fault_bias,bias,,17,888532,False,True,False,False,324.00000000000006,400,1.9992977899902868,2.60285761743647,80.77649163487301,162
D_nsga2_flc_efficiency,sparse,fault_bias,bias,,18,155719,False,True,False,False,142.0,400,2.8589309121110427,1.3513254383721853,87.40096139742545,71
D_nsga2_flc_efficiency,sparse,fault_bias,bias,,19,579943,False,True,False,False,38.0,400,3.6118126635275223,15.436255426005504,82.66782612983931,19
D_nsga2_flc_efficiency,sparse,fault_bias,bias,,20,727353,False,True,False,False,278.0,400,1.5751779213700532,5.6862421539206185,58.207239032193094,139
D_nsga2_flc_efficiency,sparse,fault_bias,bias,,21,6151,False,True,False,False,72.0,400,3.5036701135029356,5.783166879443298,69.1785969143131,36
D_nsga2_flc_efficiency,sparse,fault_bias,bias,,22,710788,False,True,False,False,102.00000000000001,400,2.0213672288444493,4.1677319937809,22.497761919801018,51
D_nsga2_flc_efficiency,sparse,fault_bias,bias,,23,138531,False,True,False,False,70.0,400,1.877574678128623,10.669227677356258,49.41047131585656,35
D_nsga2_flc_efficiency,sparse,fault_bias,bias,,24,281206,False,True,False,False,275.99999999999994,400,2.1026458357951023,2.211951108340106,70.39145775892625,138
D_nsga2_flc_efficiency,sparse,fault_bias,bias,,25,90320,False,True,False,False,73.99999999999999,400,2.3200482290248736,1.2342930730071857,45.946613208021624,37
D_nsga2_flc_efficiency,sparse,fault_bias,bias,,26,473688,False,True,False,False,128.0,400,3.323407042324498,2.1025169455988544,8.117586373134484,64
D_nsga2_flc_efficiency,sparse,fault_bias,bias,,27,950752,False,True,False,False,222.0,400,2.7376471069021315,4.2027141908483205,91.98072169308016,111
D_nsga2_flc_efficiency,sparse,fault_bias,bias,,28,974050,False,True,False,False,93.99999999999999,400,2.445037165215026,4.060371146013134,91.25444352203776,47
D_nsga2_flc_efficiency,sparse,fault_bias,bias,,29,162968,True,False,False,False,122.00000000000004,61,10.228486867841658,11.972458328183196,3.871865117263793,61
D_nsga2_flc_efficiency,sparse,fault_bias,bias,,30,247501,False,True,False,False,140.00000000000003,400,1.9715983519298843,4.388567617241283,16.03916211818458,70
D_nsga2_flc_efficiency,sparse,fault_bias,bias,,31,611736,False,True,False,False,96.0,400,1.7351667755976095,4.353654717623221,92.23686753173914,48
D_nsga2_flc_efficiency,sparse,fault_bias,bias,,32,202663,False,True,False,False,44.000000000000014,400,3.3406608465175998,10.626141960582034,81.31889550680465,22
D_nsga2_flc_efficiency,sparse,fault_bias,bias,,33,749349,False,True,False,False,54.0,400,2.1708887725495947,2.598953186246189,69.44517673481843,27
D_nsga2_flc_efficiency,sparse,fault_bias,bias,,34,67944,False,True,False,False,96.0,400,1.7074470478686432,4.045171434648238,92.29276385860186,48
D_nsga2_flc_efficiency,sparse,fault_bias,bias,,35,667972,False,True,False,False,98.0,400,2.8065981008535954,2.3763514776135146,66.36916015112378,49
D_nsga2_flc_efficiency,sparse,fault_bias,bias,,36,284085,True,False,False,False,116.0,58,12.097412487712292,14.760562803237924,3.8979863354362023,58
D_nsga2_flc_efficiency,sparse,fault_bias,bias,,37,56648,False,True,False,False,106.0,400,1.956684892072608,2.8137402161607725,92.01530533499883,53
D_nsga2_flc_efficiency,sparse,fault_bias,bias,,38,883846,False,True,False,False,73.99999999999999,400,2.855642919383838,6.961785247051617,92.89141122455509,37
D_nsga2_flc_efficiency,sparse,fault_bias,bias,,39,542999,False,True,False,False,104.0,400,2.334623606665278,2.5297204175743575,35.41432821671193,52
D_nsga2_flc_efficiency,sparse,fault_bias,bias,,40,876790,False,True,False,False,144.0,400,2.575741657475231,3.4772522127539838,16.545846275027763,72
D_nsga2_flc_efficiency,sparse,fault_bias,bias,,41,864562,False,True,False,False,42.0,400,3.3661096547212295,12.540683580729072,88.37987305462572,21
D_nsga2_flc_efficiency,sparse,fault_bias,bias,,42,110485,False,True,False,False,127.99999999999999,400,2.588761854823817,3.3006837700808367,83.68312388035395,64
D_nsga2_flc_efficiency,sparse,fault_bias,bias,,43,8300,False,True,False,False,106.0,400,1.8110846534367915,4.943894406989742,91.5827679401648,53
D_nsga2_flc_efficiency,sparse,fault_bias,bias,,44,503793,False,True,False,False,384.0,400,1.5490245256809536,5.424719321665909,40.937321326994635,192
D_nsga2_flc_efficiency,sparse,fault_bias,bias,,45,352372,False,True,False,False,112.00000000000003,400,2.1876549804323298,7.3336155244602805,29.813823210228513,56
D_nsga2_flc_efficiency,sparse,fault_bias,bias,,46,454845,False,True,False,False,128.0,400,2.430264844905551,1.764989901990291,13.066292704312788,64
D_nsga2_flc_efficiency,sparse,fault_bias,bias,,47,837206,False,True,False,False,236.0,400,4.374913048650963,2.828620962140751,74.63136821023092,118
D_nsga2_flc_efficiency,sparse,fault_bias,bias,,48,834851,False,True,False,False,46.0,400,2.0605593465060603,8.885819609260306,81.69926338015549,23
D_nsga2_flc_efficiency,sparse,fault_bias,bias,,49,457512,False,False,True,False,800.0,400,3.253805717050674,2.5370540089298306,84.51980802017657,400
D_nsga2_flc_efficiency,sparse,fault_stale,stale,,0,404653,False,False,True,False,800.0,400,2.0736775438355934,4.48035266139247,70.18212186158715,400
D_nsga2_flc_efficiency,sparse,fault_stale,stale,,1,215753,False,True,False,False,103.99999999999999,400,1.958771715693028,6.564524723432301,79.68626552617724,52
D_nsga2_flc_efficiency,sparse,fault_stale,stale,,2,944924,False,True,False,False,352.00000000000006,400,2.8846125802388927,5.6970810076174585,61.52083969011971,176
D_nsga2_flc_efficiency,sparse,fault_stale,stale,,3,12413,False,True,False,False,154.0,400,1.6443460981666636,11.885796763006086,42.26709891986394,77
D_nsga2_flc_efficiency,sparse,fault_stale,stale,,4,839153,False,True,False,False,116.0,400,1.8452923593170014,4.62580532734294,36.74264100948693,58
D_nsga2_flc_efficiency,sparse,fault_stale,stale,,5,26206,False,True,False,False,53.99999999999999,400,2.1008187701628405,3.0660752498746002,75.38893734754703,27
D_nsga2_flc_efficiency,sparse,fault_stale,stale,,6,85702,False,True,False,False,124.0,400,2.2591094801118765,2.939083058436196,88.15535978288398,62
D_nsga2_flc_efficiency,sparse,fault_stale,stale,,7,720542,False,True,False,False,132.0,400,1.7120376705357838,2.6724545009868717,10.427918500463777,66
D_nsga2_flc_efficiency,sparse,fault_stale,stale,,8,43194,False,True,False,False,74.00000000000001,400,3.4928380781334516,2.1298845976067087,45.215097877510146,37
D_nsga2_flc_efficiency,sparse,fault_stale,stale,,9,76840,False,True,False,False,90.0,400,1.9271593462711827,16.31718668782508,41.88497080225221,45
D_nsga2_flc_efficiency,sparse,fault_stale,stale,,10,827195,False,True,False,False,368.0,400,1.7766644743583249,8.461264577427535,32.85215763046665,184
D_nsga2_flc_efficiency,sparse,fault_stale,stale,,11,891107,False,True,False,False,118.00000000000001,400,3.057148471071594,2.8561790337072384,53.499408598583045,59
D_nsga2_flc_efficiency,sparse,fault_stale,stale,,12,419585,True,False,False,False,117.99999999999991,59,8.190135861526983,1.7836032512191644,3.4943196159984633,59
D_nsga2_flc_efficiency,sparse,fault_stale,stale,,13,197278,False,True,False,False,48.00000000000001,400,2.335195063512871,1.7017763859504844,72.50654119769452,24
D_nsga2_flc_efficiency,sparse,fault_stale,stale,,14,662269,False,True,False,False,69.99999999999999,400,2.58508803436116,2.205424180297662,66.19554617293804,35
D_nsga2_flc_efficiency,sparse,fault_stale,stale,,15,666954,False,True,False,False,24.0,400,1.821601131240602,22.77691540791974,96.90489430174564,12
D_nsga2_flc_efficiency,sparse,fault_stale,stale,,16,764983,False,True,False,False,92.0,400,1.5685050316402858,7.134990393339059,66.22258906910999,46
D_nsga2_flc_efficiency,sparse,fault_stale,stale,,17,888532,False,True,False,False,458.0,400,1.5782764953530801,4.140272002707799,79.64075710971761,229
D_nsga2_flc_efficiency,sparse,fault_stale,stale,,18,155719,False,True,False,False,140.0,400,2.501506477519205,5.843995333871282,91.44718126018662,70
D_nsga2_flc_efficiency,sparse,fault_stale,stale,,19,579943,False,True,False,False,40.0,400,1.5298445325638645,24.288238650704237,80.23599801673305,20
D_nsga2_flc_efficiency,sparse,fault_stale,stale,,20,727353,False,True,False,False,118.0,400,1.8683682660204677,2.8562522286318757,28.02382111337093,59
D_nsga2_flc_efficiency,sparse,fault_stale,stale,,21,6151,False,True,False,False,74.0,400,2.637656538285099,5.044749819175541,72.85146075012393,37
D_nsga2_flc_efficiency,sparse,fault_stale,stale,,22,710788,False,True,False,False,84.00000000000001,400,1.5549642598765945,4.739082311145962,36.221687693417515,42
D_nsga2_flc_efficiency,sparse,fault_stale,stale,,23,138531,False,True,False,False,96.00000000000001,400,2.409082579173689,4.465049885088845,48.4371898861406,48
D_nsga2_flc_efficiency,sparse,fault_stale,stale,,24,281206,False,True,False,False,318.0,400,2.6130648838492636,3.3135370398479895,59.888515745612544,159
D_nsga2_flc_efficiency,sparse,fault_stale,stale,,25,90320,False,True,False,False,126.0,400,1.7205186612304328,4.954233293152083,8.05958643637142,63
D_nsga2_flc_efficiency,sparse,fault_stale,stale,,26,473688,False,True,False,False,130.00000000000003,400,1.724335842530987,2.026890035479362,14.50348716763108,65
D_nsga2_flc_efficiency,sparse,fault_stale,stale,,27,950752,False,True,False,False,222.0,400,1.7964289011332886,7.532410756064156,90.74331075035668,111
D_nsga2_flc_efficiency,sparse,fault_stale,stale,,28,974050,False,True,False,False,47.999999999999986,400,3.060966940937517,6.597874465907753,84.6390347954124,24
D_nsga2_flc_efficiency,sparse,fault_stale,stale,,29,162968,False,True,False,False,144.0,400,2.222472870172293,5.345054923551454,30.13274622575077,72
D_nsga2_flc_efficiency,sparse,fault_stale,stale,,30,247501,False,True,False,False,138.0,400,2.6391634244318154,4.27127619822854,16.24299340766752,69
D_nsga2_flc_efficiency,sparse,fault_stale,stale,,31,611736,False,True,False,False,80.0,400,2.0396328354846216,5.206598448537406,73.41361353097957,40
D_nsga2_flc_efficiency,sparse,fault_stale,stale,,32,202663,False,True,False,False,44.000000000000014,400,3.3406608465175998,10.626141960582034,81.31889550680465,22
D_nsga2_flc_efficiency,sparse,fault_stale,stale,,33,749349,False,True,False,False,54.0,400,2.1708887725495947,2.598953186246189,69.44517673481843,27
D_nsga2_flc_efficiency,sparse,fault_stale,stale,,34,67944,False,True,False,False,101.99999999999999,400,2.0826917454202127,8.948246289395566,64.02269071427031,51
D_nsga2_flc_efficiency,sparse,fault_stale,stale,,35,667972,False,True,False,False,98.0,400,2.805975840204849,2.3763514776135146,66.36916124652441,49
D_nsga2_flc_efficiency,sparse,fault_stale,stale,,36,284085,False,True,False,False,126.0,400,2.1766006368124398,2.127732029135768,8.096949463964108,63
D_nsga2_flc_efficiency,sparse,fault_stale,stale,,37,56648,False,True,False,False,108.0,400,2.2830433960146,3.5773836907752132,91.42341346636341,54
D_nsga2_flc_efficiency,sparse,fault_stale,stale,,38,883846,True,False,False,False,152.0,76,3.218545274211059,5.0034113428881115,3.514905050315869,76
D_nsga2_flc_efficiency,sparse,fault_stale,stale,,39,542999,False,True,False,False,113.99999999999999,400,1.6204343569961313,4.415105789420105,31.35317035539016,57
D_nsga2_flc_efficiency,sparse,fault_stale,stale,,40,876790,False,True,False,False,142.00000000000003,400,3.3653965123929788,4.5571735373790405,12.723656375378932,71
D_nsga2_flc_efficiency,sparse,fault_stale,stale,,41,864562,False,True,False,False,37.99999999999999,400,2.049222751561199,15.84276830420923,82.98164856036736,19
D_nsga2_flc_efficiency,sparse,fault_stale,stale,,42,110485,False,True,False,False,127.99999999999999,400,2.5882046869698883,3.300293767853174,83.70571240474214,64
D_nsga2_flc_efficiency,sparse,fault_stale,stale,,43,8300,False,True,False,False,96.0,400,2.9137931130681403,8.555016349887712,71.46013915769286,48
D_nsga2_flc_efficiency,sparse,fault_stale,stale,,44,503793,False,True,False,False,94.0,400,1.7578016490291224,4.198439077530698,39.574648088697344,47
D_nsga2_flc_efficiency,sparse,fault_stale,stale,,45,352372,False,True,False,False,92.00000000000001,400,2.349914424392622,7.948637156385877,31.497733472636,46
D_nsga2_flc_efficiency,sparse,fault_stale,stale,,46,454845,False,True,False,False,128.0,400,1.7140042532879167,1.689944912718981,10.426227651939026,64
D_nsga2_flc_efficiency,sparse,fault_stale,stale,,47,837206,False,True,False,False,268.00000000000006,400,1.6938705469025401,4.21742211429293,67.30462286731989,134
D_nsga2_flc_efficiency,sparse,fault_stale,stale,,48,834851,False,True,False,False,46.0,400,2.0605593465060603,8.885819609260306,81.69926338015549,23
D_nsga2_flc_efficiency,sparse,fault_stale,stale,,49,457512,False,True,False,False,104.00000000000001,400,1.5169119703266383,3.766833164728108,23.36326148265733,52
D_nsga2_flc_efficiency,sparse,fault_noise_spike_sev1,noise_spike,12.0,0,404653,False,False,True,False,800.0,400,3.1904251824641827,4.6144384304257695,68.28895622977562,400
D_nsga2_flc_efficiency,sparse,fault_noise_spike_sev1,noise_spike,12.0,1,215753,False,True,False,False,109.99999999999999,400,1.9976023957380116,8.344737280478027,91.69777641189447,55
D_nsga2_flc_efficiency,sparse,fault_noise_spike_sev1,noise_spike,12.0,2,944924,True,False,False,False,118.0,59,7.993592053953055,4.299822537294819,3.054513962488156,59
D_nsga2_flc_efficiency,sparse,fault_noise_spike_sev1,noise_spike,12.0,3,12413,False,True,False,False,100.0,400,2.6619875841068006,12.943658919872053,90.77685645265353,50
D_nsga2_flc_efficiency,sparse,fault_noise_spike_sev1,noise_spike,12.0,4,839153,False,True,False,False,226.0,400,2.4409881893842003,6.59713868471075,102.08902971097754,113
D_nsga2_flc_efficiency,sparse,fault_noise_spike_sev1,noise_spike,12.0,5,26206,False,True,False,False,42.00000000000001,400,1.8827425922770478,9.520028790975365,78.71469685296165,21
D_nsga2_flc_efficiency,sparse,fault_noise_spike_sev1,noise_spike,12.0,6,85702,False,False,True,False,800.0,400,2.8452713610632636,4.245433933385928,74.12726896478158,400
D_nsga2_flc_efficiency,sparse,fault_noise_spike_sev1,noise_spike,12.0,7,720542,False,True,False,False,142.0,400,3.430733233174128,9.767733585372453,29.022655750631042,71
D_nsga2_flc_efficiency,sparse,fault_noise_spike_sev1,noise_spike,12.0,8,43194,False,False,True,False,800.0,400,5.805336825743658,5.944836185242448,22.97552968242681,400
D_nsga2_flc_efficiency,sparse,fault_noise_spike_sev1,noise_spike,12.0,9,76840,False,True,False,False,380.0,400,2.081684827295789,6.809561483525517,83.55416885011381,190
D_nsga2_flc_efficiency,sparse,fault_noise_spike_sev1,noise_spike,12.0,10,827195,False,True,False,False,90.0,400,2.7116969013320578,4.0223903146185735,33.0910024890965,45
D_nsga2_flc_efficiency,sparse,fault_noise_spike_sev1,noise_spike,12.0,11,891107,False,True,False,False,126.00000000000001,400,2.382542754964747,4.201339793880543,53.811576147219775,63
D_nsga2_flc_efficiency,sparse,fault_noise_spike_sev1,noise_spike,12.0,12,419585,True,False,False,False,115.99999999999987,58,11.738137350148364,2.6075367382736894,3.7381047746122595,58
D_nsga2_flc_efficiency,sparse,fault_noise_spike_sev1,noise_spike,12.0,13,197278,False,False,True,False,800.0,400,5.1974172156209955,4.543997398862081,16.714877577136953,400
D_nsga2_flc_efficiency,sparse,fault_noise_spike_sev1,noise_spike,12.0,14,662269,False,True,False,False,102.00000000000001,400,1.8869139824837422,11.738545381431189,92.03654474240591,51
D_nsga2_flc_efficiency,sparse,fault_noise_spike_sev1,noise_spike,12.0,15,666954,False,True,False,False,24.0,400,1.821601131240602,22.77691540791974,96.90489430174564,12
D_nsga2_flc_efficiency,sparse,fault_noise_spike_sev1,noise_spike,12.0,16,764983,False,True,False,False,92.0,400,1.7442858737707052,4.960528312000082,66.8400055348908,46
D_nsga2_flc_efficiency,sparse,fault_noise_spike_sev1,noise_spike,12.0,17,888532,False,True,False,False,374.0,400,2.2216304259875144,6.022885279972142,79.41016629265748,187
D_nsga2_flc_efficiency,sparse,fault_noise_spike_sev1,noise_spike,12.0,18,155719,False,True,False,False,376.0,400,2.0551146175431487,8.10903593565152,41.322529080902264,188
D_nsga2_flc_efficiency,sparse,fault_noise_spike_sev1,noise_spike,12.0,19,579943,False,True,False,False,40.0,400,1.7564760927052918,18.105174558114467,80.57766114475852,20
D_nsga2_flc_efficiency,sparse,fault_noise_spike_sev1,noise_spike,12.0,20,727353,True,False,False,False,120.00000000000001,60,7.351552236947552,6.347529570432483,3.861758369870274,60
D_nsga2_flc_efficiency,sparse,fault_noise_spike_sev1,noise_spike,12.0,21,6151,False,True,False,False,74.0,400,2.4409366850795786,12.278772201551755,77.42013575755506,37
D_nsga2_flc_efficiency,sparse,fault_noise_spike_sev1,noise_spike,12.0,22,710788,False,False,True,False,800.0,400,3.4882624836514053,4.210951547456327,55.69014125061649,400
D_nsga2_flc_efficiency,sparse,fault_noise_spike_sev1,noise_spike,12.0,23,138531,False,True,False,False,130.0,400,2.1721947731467846,10.22033031312367,6.88210833238168,65
D_nsga2_flc_efficiency,sparse,fault_noise_spike_sev1,noise_spike,12.0,24,281206,False,True,False,False,128.0,400,1.921698837728063,6.5790219327125365,11.515152266365247,64
D_nsga2_flc_efficiency,sparse,fault_noise_spike_sev1,noise_spike,12.0,25,90320,True,False,False,False,119.99999999999999,60,3.2312983163018663,9.215656326475989,2.948290262080108,60
D_nsga2_flc_efficiency,sparse,fault_noise_spike_sev1,noise_spike,12.0,26,473688,False,True,False,False,372.00000000000006,400,2.31707189073779,6.204879631093186,91.70587547525048,186
D_nsga2_flc_efficiency,sparse,fault_noise_spike_sev1,noise_spike,12.0,27,950752,False,True,False,False,186.0,400,2.7457565495950265,6.844550289739186,71.27690432277193,93
D_nsga2_flc_efficiency,sparse,fault_noise_spike_sev1,noise_spike,12.0,28,974050,False,True,False,False,47.999999999999986,400,2.8240025655116945,7.2985093340335325,85.0715305095343,24
D_nsga2_flc_efficiency,sparse,fault_noise_spike_sev1,noise_spike,12.0,29,162968,False,True,False,False,136.0,400,1.7634767398264015,5.830505932219005,28.298316385129358,68
D_nsga2_flc_efficiency,sparse,fault_noise_spike_sev1,noise_spike,12.0,30,247501,True,False,False,False,146.00000000000003,73,6.615174897937048,5.089842169359993,3.658149764523016,73
D_nsga2_flc_efficiency,sparse,fault_noise_spike_sev1,noise_spike,12.0,31,611736,False,True,False,False,80.00000000000001,400,2.0477873492789014,9.941633927602094,70.5706038008157,40
D_nsga2_flc_efficiency,sparse,fault_noise_spike_sev1,noise_spike,12.0,32,202663,False,True,False,False,44.000000000000014,400,3.3406608465175998,10.626141960582034,81.31889550680465,22
D_nsga2_flc_efficiency,sparse,fault_noise_spike_sev1,noise_spike,12.0,33,749349,False,True,False,False,54.0,400,2.1789569605691983,2.5925925925925926,69.77949766860894,27
D_nsga2_flc_efficiency,sparse,fault_noise_spike_sev1,noise_spike,12.0,34,67944,False,True,False,False,100.0,400,1.9774438269841963,8.876853411452577,85.9841950044945,50
D_nsga2_flc_efficiency,sparse,fault_noise_spike_sev1,noise_spike,12.0,35,667972,False,True,False,False,93.99999999999999,400,2.6302723308173306,7.079630873128568,56.190236754115354,47
D_nsga2_flc_efficiency,sparse,fault_noise_spike_sev1,noise_spike,12.0,36,284085,False,True,False,False,134.0,400,2.587328526134318,9.763973407686244,9.351013967983597,67
D_nsga2_flc_efficiency,sparse,fault_noise_spike_sev1,noise_spike,12.0,37,56648,False,True,False,False,247.99999999999997,400,2.1667736706588787,9.956113115202546,10.936604754132544,124
D_nsga2_flc_efficiency,sparse,fault_noise_spike_sev1,noise_spike,12.0,38,883846,False,True,False,False,216.00000000000003,400,1.7851898965614872,6.565605916844155,85.55720699537822,108
D_nsga2_flc_efficiency,sparse,fault_noise_spike_sev1,noise_spike,12.0,39,542999,False,True,False,False,350.0,400,2.1133502894811156,4.117145497520215,91.11371610617098,175
D_nsga2_flc_efficiency,sparse,fault_noise_spike_sev1,noise_spike,12.0,40,876790,False,True,False,False,152.00000000000003,400,2.6473204585590033,6.191764235943123,8.013252324276186,76
D_nsga2_flc_efficiency,sparse,fault_noise_spike_sev1,noise_spike,12.0,41,864562,False,True,False,False,41.999999999999986,400,2.1618743198787986,10.92954722303163,80.1029539369838,21
D_nsga2_flc_efficiency,sparse,fault_noise_spike_sev1,noise_spike,12.0,42,110485,False,True,False,False,132.0,400,4.158146016961799,4.8260664962315465,89.778466011045,66
D_nsga2_flc_efficiency,sparse,fault_noise_spike_sev1,noise_spike,12.0,43,8300,False,True,False,False,110.0,400,1.6619623981670402,5.963873358218049,91.30010901452678,55
D_nsga2_flc_efficiency,sparse,fault_noise_spike_sev1,noise_spike,12.0,44,503793,True,False,False,False,138.0,69,2.2517087934238793,5.8110172038173316,3.7008587212514574,69
D_nsga2_flc_efficiency,sparse,fault_noise_spike_sev1,noise_spike,12.0,45,352372,False,True,False,False,420.0,400,1.640608881815994,6.01898323814572,126.93825476995836,210
D_nsga2_flc_efficiency,sparse,fault_noise_spike_sev1,noise_spike,12.0,46,454845,False,True,False,False,140.0,400,2.451888931781556,7.546944659816297,28.523836697518707,70
D_nsga2_flc_efficiency,sparse,fault_noise_spike_sev1,noise_spike,12.0,47,837206,False,False,True,False,799.9999999999999,400,3.704134311886305,3.414429368999971,38.5671286164652,400
D_nsga2_flc_efficiency,sparse,fault_noise_spike_sev1,noise_spike,12.0,48,834851,False,True,False,False,46.0,400,2.0605593465060603,8.885819609260306,81.69926338015549,23
D_nsga2_flc_efficiency,sparse,fault_noise_spike_sev1,noise_spike,12.0,49,457512,False,True,False,False,121.99999999999997,400,2.821063184062468,3.9959656822681704,9.193087376289572,61
D_nsga2_flc_efficiency,sparse,fault_noise_spike_sev2,noise_spike,30.0,0,404653,False,False,True,False,800.0,400,2.786673874156658,5.90800377850093,68.51355762726239,400
D_nsga2_flc_efficiency,sparse,fault_noise_spike_sev2,noise_spike,30.0,1,215753,False,True,False,False,109.99999999999999,400,1.7463061052782047,15.297835612471047,92.31980047358083,55
D_nsga2_flc_efficiency,sparse,fault_noise_spike_sev2,noise_spike,30.0,2,944924,False,True,False,False,522.0,400,3.469408810570125,6.091709247259335,60.88524915382827,261
D_nsga2_flc_efficiency,sparse,fault_noise_spike_sev2,noise_spike,30.0,3,12413,False,True,False,False,98.0,400,2.0979365794410936,13.126639831285503,92.08358819744973,49
D_nsga2_flc_efficiency,sparse,fault_noise_spike_sev2,noise_spike,30.0,4,839153,False,False,True,False,800.0,400,2.446752021762153,4.423960436412679,31.723564291458214,400
D_nsga2_flc_efficiency,sparse,fault_noise_spike_sev2,noise_spike,30.0,5,26206,False,True,False,False,42.0,400,1.9092603936648942,15.241961919806087,78.6119638760006,21
D_nsga2_flc_efficiency,sparse,fault_noise_spike_sev2,noise_spike,30.0,6,85702,False,True,False,False,96.0,400,3.2521721215950743,6.456424052192297,71.17952778062985,48
D_nsga2_flc_efficiency,sparse,fault_noise_spike_sev2,noise_spike,30.0,7,720542,False,True,False,False,138.0,400,2.505463391504321,10.074020247234218,8.359933195624857,69
D_nsga2_flc_efficiency,sparse,fault_noise_spike_sev2,noise_spike,30.0,8,43194,False,False,True,False,800.0,400,5.7851531696158105,8.467530663351889,33.85627379353821,400
D_nsga2_flc_efficiency,sparse,fault_noise_spike_sev2,noise_spike,30.0,9,76840,False,True,False,False,382.0,400,2.079320864567226,7.063049222793259,83.3919563785113,191
D_nsga2_flc_efficiency,sparse,fault_noise_spike_sev2,noise_spike,30.0,10,827195,False,True,False,False,90.0,400,4.066598819476836,7.65770566436501,32.937948746723606,45
D_nsga2_flc_efficiency,sparse,fault_noise_spike_sev2,noise_spike,30.0,11,891107,False,True,False,False,106.0,400,2.143640079111046,14.203896037357294,16.802157700565488,53
D_nsga2_flc_efficiency,sparse,fault_noise_spike_sev2,noise_spike,30.0,12,419585,True,False,False,False,117.99999999999989,59,9.075851985832802,5.409919129895696,2.2260821903609433,59
D_nsga2_flc_efficiency,sparse,fault_noise_spike_sev2,noise_spike,30.0,13,197278,False,False,True,False,800.0,400,4.603865235583712,5.132279814489894,22.695440319304286,400
D_nsga2_flc_efficiency,sparse,fault_noise_spike_sev2,noise_spike,30.0,14,662269,False,True,False,False,350.0,400,2.3921899440350525,8.737704776080667,74.98253597517481,175
D_nsga2_flc_efficiency,sparse,fault_noise_spike_sev2,noise_spike,30.0,15,666954,False,True,False,False,24.0,400,1.821601131240602,22.77691540791974,96.90489430174564,12
D_nsga2_flc_efficiency,sparse,fault_noise_spike_sev2,noise_spike,30.0,16,764983,False,True,False,False,92.0,400,2.961486868322852,9.61106411640114,67.09858499091177,46
D_nsga2_flc_efficiency,sparse,fault_noise_spike_sev2,noise_spike,30.0,17,888532,False,True,False,False,132.0,400,2.43733026990723,9.20364595828757,12.161469990348941,66
D_nsga2_flc_efficiency,sparse,fault_noise_spike_sev2,noise_spike,30.0,18,155719,False,True,False,False,374.0,400,2.0278835125138275,10.055445093907567,41.44934695613256,187
D_nsga2_flc_efficiency,sparse,fault_noise_spike_sev2,noise_spike,30.0,19,579943,False,True,False,False,38.0,400,3.6118126635275223,15.436255426005504,82.66782612983931,19
D_nsga2_flc_efficiency,sparse,fault_noise_spike_sev2,noise_spike,30.0,20,727353,False,True,False,False,123.99999999999994,400,3.4247721917067047,10.273079911355968,8.258490658352143,62
D_nsga2_flc_efficiency,sparse,fault_noise_spike_sev2,noise_spike,30.0,21,6151,False,True,False,False,76.00000000000001,400,1.6094501693740948,13.458619122681542,79.42459079410925,38
D_nsga2_flc_efficiency,sparse,fault_noise_spike_sev2,noise_spike,30.0,22,710788,False,False,True,False,800.0,400,3.2283403159967614,5.808908779274101,101.85619499605768,400
D_nsga2_flc_efficiency,sparse,fault_noise_spike_sev2,noise_spike,30.0,23,138531,False,True,False,False,122.00000000000001,400,1.723527780728914,12.874980433175903,10.212004343806122,61
D_nsga2_flc_efficiency,sparse,fault_noise_spike_sev2,noise_spike,30.0,24,281206,False,True,False,False,324.0,400,2.5955592077060614,5.306224388024619,59.92336260120917,162
D_nsga2_flc_efficiency,sparse,fault_noise_spike_sev2,noise_spike,30.0,25,90320,True,False,False,False,118.0,59,6.7078604479805675,12.140786704396081,3.13822139007459,59
D_nsga2_flc_efficiency,sparse,fault_noise_spike_sev2,noise_spike,30.0,26,473688,False,True,False,False,364.0,400,2.1698554158260634,8.64548684261984,90.77719487258705,182
D_nsga2_flc_efficiency,sparse,fault_noise_spike_sev2,noise_spike,30.0,27,950752,False,True,False,False,224.0,400,2.7488652900004347,11.781520260805257,90.50249425669921,112
D_nsga2_flc_efficiency,sparse,fault_noise_spike_sev2,noise_spike,30.0,28,974050,False,True,False,False,47.999999999999986,400,2.8396751405475875,8.778579396436504,85.0451765107931,24
D_nsga2_flc_efficiency,sparse,fault_noise_spike_sev2,noise_spike,30.0,29,162968,False,True,False,False,130.00000000000003,400,2.0352803302019336,8.264113046470694,13.607475884199657,65
D_nsga2_flc_efficiency,sparse,fault_noise_spike_sev2,noise_spike,30.0,30,247501,True,False,False,False,150.00000000000003,75,5.393564860489948,7.165019525797875,3.916317370908341,75
D_nsga2_flc_efficiency,sparse,fault_noise_spike_sev2,noise_spike,30.0,31,611736,False,True,False,False,80.0,400,1.9426964038954775,11.252153831062646,71.38451506791809,40
D_nsga2_flc_efficiency,sparse,fault_noise_spike_sev2,noise_spike,30.0,32,202663,False,True,False,False,44.000000000000014,400,3.3406608465175998,10.626141960582034,81.31889550680465,22
D_nsga2_flc_efficiency,sparse,fault_noise_spike_sev2,noise_spike,30.0,33,749349,False,True,False,False,54.0,400,2.5015600214659073,7.65661448969069,66.23205424796792,27
D_nsga2_flc_efficiency,sparse,fault_noise_spike_sev2,noise_spike,30.0,34,67944,False,True,False,False,96.0,400,3.5201682581644094,10.277783044958086,78.3640402843394,48
D_nsga2_flc_efficiency,sparse,fault_noise_spike_sev2,noise_spike,30.0,35,667972,False,True,False,False,198.0,400,1.771599882466693,12.713370533607845,67.71448933148045,99
D_nsga2_flc_efficiency,sparse,fault_noise_spike_sev2,noise_spike,30.0,36,284085,True,False,False,False,118.0,59,10.275356658736703,9.62733291655637,2.622662008670529,59
D_nsga2_flc_efficiency,sparse,fault_noise_spike_sev2,noise_spike,30.0,37,56648,True,False,False,False,147.99999999999997,74,2.986845792865366,14.672052061136212,3.239501400526044,74
D_nsga2_flc_efficiency,sparse,fault_noise_spike_sev2,noise_spike,30.0,38,883846,False,True,False,False,206.0,400,2.640129616837427,9.412141307054242,86.84026631188253,103
D_nsga2_flc_efficiency,sparse,fault_noise_spike_sev2,noise_spike,30.0,39,542999,False,True,False,False,352.0,400,2.3050827343121782,6.422032235224841,35.18901013037072,176
D_nsga2_flc_efficiency,sparse,fault_noise_spike_sev2,noise_spike,30.0,40,876790,False,True,False,False,145.99999999999997,400,2.0495857028904996,11.863562988506494,7.538970210739342,73
D_nsga2_flc_efficiency,sparse,fault_noise_spike_sev2,noise_spike,30.0,41,864562,False,True,False,False,41.999999999999986,400,1.794301711767915,12.766143479295547,80.04412786035833,21
D_nsga2_flc_efficiency,sparse,fault_noise_spike_sev2,noise_spike,30.0,42,110485,False,True,False,False,139.99999999999997,400,2.930278052885488,6.323649383264728,90.71782484783232,70
D_nsga2_flc_efficiency,sparse,fault_noise_spike_sev2,noise_spike,30.0,43,8300,False,True,False,False,108.0,400,2.4301763195339396,11.514018638604616,88.76685585552532,54
D_nsga2_flc_efficiency,sparse,fault_noise_spike_sev2,noise_spike,30.0,44,503793,False,True,False,False,90.0,400,3.224781276855464,6.321127009010509,41.530634677922,45
D_nsga2_flc_efficiency,sparse,fault_noise_spike_sev2,noise_spike,30.0,45,352372,False,True,False,False,112.0,400,1.5479678991873582,8.724610560683553,35.880527958565146,56
D_nsga2_flc_efficiency,sparse,fault_noise_spike_sev2,noise_spike,30.0,46,454845,False,True,False,False,141.99999999999997,400,2.3258070219278255,11.322018709839895,33.971192515905756,71
D_nsga2_flc_efficiency,sparse,fault_noise_spike_sev2,noise_spike,30.0,47,837206,False,True,False,False,93.99999999999999,400,4.613488909108157,12.722366859620767,30.230758893571082,47
D_nsga2_flc_efficiency,sparse,fault_noise_spike_sev2,noise_spike,30.0,48,834851,False,True,False,False,46.0,400,2.0605593465060603,8.885819609260306,81.69926338015549,23
D_nsga2_flc_efficiency,sparse,fault_noise_spike_sev2,noise_spike,30.0,49,457512,False,True,False,False,122.0,400,3.4402048411364574,4.60994414230984,8.892170549489116,61
D_nsga2_flc_efficiency,sparse,fault_noise_spike_sev3,noise_spike,60.0,0,404653,False,False,True,False,800.0,400,3.522259609562323,8.218165293645495,69.61991846658555,400
D_nsga2_flc_efficiency,sparse,fault_noise_spike_sev3,noise_spike,60.0,1,215753,False,True,False,False,107.99999999999999,400,2.9219907849725777,15.634753765703472,90.70519062950586,54
D_nsga2_flc_efficiency,sparse,fault_noise_spike_sev3,noise_spike,60.0,2,944924,False,True,False,False,342.0,400,3.544087415159084,6.42099539207744,60.89906623441237,171
D_nsga2_flc_efficiency,sparse,fault_noise_spike_sev3,noise_spike,60.0,3,12413,False,True,False,False,98.0,400,2.264119772267614,12.786044003332846,91.94282155020402,49
D_nsga2_flc_efficiency,sparse,fault_noise_spike_sev3,noise_spike,60.0,4,839153,False,True,False,False,109.99999999999997,400,3.194325644404151,12.069475157484511,40.89377255514458,55
D_nsga2_flc_efficiency,sparse,fault_noise_spike_sev3,noise_spike,60.0,5,26206,False,True,False,False,36.00000000000001,400,2.5710447173797752,20.42671069019997,83.49876361593212,18
D_nsga2_flc_efficiency,sparse,fault_noise_spike_sev3,noise_spike,60.0,6,85702,False,True,False,False,96.0,400,3.3347870571190645,6.5678077187578205,71.10178262862803,48
D_nsga2_flc_efficiency,sparse,fault_noise_spike_sev3,noise_spike,60.0,7,720542,False,True,False,False,136.0,400,1.9456075799500057,12.329832682627709,30.297206274924132,68
D_nsga2_flc_efficiency,sparse,fault_noise_spike_sev3,noise_spike,60.0,8,43194,False,False,True,False,800.0,400,4.166617985795715,10.087144768412264,31.313882099847635,400
D_nsga2_flc_efficiency,sparse,fault_noise_spike_sev3,noise_spike,60.0,9,76840,False,False,True,False,800.0,400,2.2183750658653762,5.983997686932643,33.33138251407728,400
D_nsga2_flc_efficiency,sparse,fault_noise_spike_sev3,noise_spike,60.0,10,827195,False,True,False,False,128.00000000000003,400,1.7396650825374063,14.389517082186112,11.246506309296953,64
D_nsga2_flc_efficiency,sparse,fault_noise_spike_sev3,noise_spike,60.0,11,891107,True,False,False,False,117.99999999999997,59,4.57810098704629,6.380133583629825,3.803108719044795,59
D_nsga2_flc_efficiency,sparse,fault_noise_spike_sev3,noise_spike,60.0,12,419585,False,True,False,False,125.9999999999999,400,3.460841844012672,8.499534656108622,9.049296656096153,63
D_nsga2_flc_efficiency,sparse,fault_noise_spike_sev3,noise_spike,60.0,13,197278,False,True,False,False,102.00000000000001,400,1.8702270787131425,9.407371021400564,73.39223974387025,51
D_nsga2_flc_efficiency,sparse,fault_noise_spike_sev3,noise_spike,60.0,14,662269,False,True,False,False,139.99999999999997,400,3.7032986523549947,20.01878730420074,69.7225325761704,70
D_nsga2_flc_efficiency,sparse,fault_noise_spike_sev3,noise_spike,60.0,15,666954,False,True,False,False,24.0,400,1.821601131240602,22.77691540791974,96.90489430174564,12
D_nsga2_flc_efficiency,sparse,fault_noise_spike_sev3,noise_spike,60.0,16,764983,False,True,False,False,96.0,400,2.1338325175669266,11.155861762197707,73.98968226342303,48
D_nsga2_flc_efficiency,sparse,fault_noise_spike_sev3,noise_spike,60.0,17,888532,False,True,False,False,92.00000000000003,400,2.5038447706191267,11.172927294163749,35.60971118045898,46
D_nsga2_flc_efficiency,sparse,fault_noise_spike_sev3,noise_spike,60.0,18,155719,False,True,False,False,88.0,400,1.8939227943234505,15.145179055315866,37.30006113733654,44
D_nsga2_flc_efficiency,sparse,fault_noise_spike_sev3,noise_spike,60.0,19,579943,False,True,False,False,38.0,400,3.6118126635275223,20.173097531268663,82.3054500350152,19
D_nsga2_flc_efficiency,sparse,fault_noise_spike_sev3,noise_spike,60.0,20,727353,False,True,False,False,124.00000000000001,400,2.6461869634520996,13.013781064018387,9.756521154591336,62
D_nsga2_flc_efficiency,sparse,fault_noise_spike_sev3,noise_spike,60.0,21,6151,False,True,False,False,76.0,400,1.604830852684213,13.758460469046431,78.76123474539514,38
D_nsga2_flc_efficiency,sparse,fault_noise_spike_sev3,noise_spike,60.0,22,710788,False,True,False,False,84.00000000000001,400,2.0994402115959003,10.709881198881746,40.085898505325986,42
D_nsga2_flc_efficiency,sparse,fault_noise_spike_sev3,noise_spike,60.0,23,138531,False,True,False,False,122.00000000000006,400,2.684481261739149,14.347892264549408,13.337612020811749,61
D_nsga2_flc_efficiency,sparse,fault_noise_spike_sev3,noise_spike,60.0,24,281206,False,True,False,False,323.99999999999994,400,2.8640636422504855,5.57156746780162,60.18560485975937,162
D_nsga2_flc_efficiency,sparse,fault_noise_spike_sev3,noise_spike,60.0,25,90320,True,False,False,False,119.99999999999999,60,10.92737875373763,18.52883799669343,3.7573230622983216,60
D_nsga2_flc_efficiency,sparse,fault_noise_spike_sev3,noise_spike,60.0,26,473688,False,True,False,False,506.0,400,2.3802433025489043,7.690575943879598,65.78549135233865,253
D_nsga2_flc_efficiency,sparse,fault_noise_spike_sev3,noise_spike,60.0,27,950752,False,True,False,False,175.99999999999997,400,2.2069160464119864,15.535174747888318,72.80831286018733,88
D_nsga2_flc_efficiency,sparse,fault_noise_spike_sev3,noise_spike,60.0,28,974050,False,True,False,False,47.999999999999986,400,2.9507636454211963,9.561003690997632,84.8947412955551,24
D_nsga2_flc_efficiency,sparse,fault_noise_spike_sev3,noise_spike,60.0,29,162968,False,True,False,False,210.0,400,1.9027819242952853,13.68415222772574,88.2475076943778,105
D_nsga2_flc_efficiency,sparse,fault_noise_spike_sev3,noise_spike,60.0,30,247501,False,True,False,False,152.0,400,2.6294347402711056,12.010144442084055,7.555438839510616,76
D_nsga2_flc_efficiency,sparse,fault_noise_spike_sev3,noise_spike,60.0,31,611736,False,True,False,False,80.0,400,1.5843063465125555,16.340098080981953,75.59016909994395,40
D_nsga2_flc_efficiency,sparse,fault_noise_spike_sev3,noise_spike,60.0,32,202663,False,True,False,False,44.000000000000014,400,3.3406608465175998,10.626141960582034,81.31889550680465,22
D_nsga2_flc_efficiency,sparse,fault_noise_spike_sev3,noise_spike,60.0,33,749349,False,True,False,False,84.0,400,1.6937038456347704,10.658315134138835,36.78887050036861,42
D_nsga2_flc_efficiency,sparse,fault_noise_spike_sev3,noise_spike,60.0,34,67944,False,True,False,False,96.0,400,2.6288027021281697,13.475164780109436,74.97166288892524,48
D_nsga2_flc_efficiency,sparse,fault_noise_spike_sev3,noise_spike,60.0,35,667972,False,True,False,False,68.0,400,2.099593608053357,14.711220721345287,53.17594049495586,34
D_nsga2_flc_efficiency,sparse,fault_noise_spike_sev3,noise_spike,60.0,36,284085,True,False,False,False,118.0,59,6.785946929379244,16.290023154020933,3.2980370585461314,59
D_nsga2_flc_efficiency,sparse,fault_noise_spike_sev3,noise_spike,60.0,37,56648,True,False,False,False,148.0,74,1.8796094691194687,13.199803948183371,3.479081637599535,74
D_nsga2_flc_efficiency,sparse,fault_noise_spike_sev3,noise_spike,60.0,38,883846,False,True,False,False,204.0,400,2.1187073699826175,12.867675264193135,89.4059031394306,102
D_nsga2_flc_efficiency,sparse,fault_noise_spike_sev3,noise_spike,60.0,39,542999,False,True,False,False,266.0,400,1.8729319551903303,6.743096552757122,123.69258973306549,133
D_nsga2_flc_efficiency,sparse,fault_noise_spike_sev3,noise_spike,60.0,40,876790,False,True,False,False,134.0,400,2.3061952588310444,15.730935441509018,21.0642897859141,67
D_nsga2_flc_efficiency,sparse,fault_noise_spike_sev3,noise_spike,60.0,41,864562,False,True,False,False,103.99999999999999,400,1.9110381471104538,13.359017833408208,92.03918730651216,52
D_nsga2_flc_efficiency,sparse,fault_noise_spike_sev3,noise_spike,60.0,42,110485,False,True,False,False,162.0,400,2.25910717423291,13.115432130601953,42.055584122536175,81
D_nsga2_flc_efficiency,sparse,fault_noise_spike_sev3,noise_spike,60.0,43,8300,False,True,False,False,98.0,400,2.206499800708874,11.7707454337834,76.68405786577385,49
D_nsga2_flc_efficiency,sparse,fault_noise_spike_sev3,noise_spike,60.0,44,503793,False,True,False,False,102.0,400,2.982259993943963,7.9029781553996825,43.96190364392905,51
D_nsga2_flc_efficiency,sparse,fault_noise_spike_sev3,noise_spike,60.0,45,352372,False,True,False,False,96.0,400,1.5767224424273751,8.465619191944988,29.292831262615486,48
D_nsga2_flc_efficiency,sparse,fault_noise_spike_sev3,noise_spike,60.0,46,454845,True,False,False,False,119.99999999999999,60,10.987445843477913,11.775024771782292,2.5589863638781503,60
D_nsga2_flc_efficiency,sparse,fault_noise_spike_sev3,noise_spike,60.0,47,837206,False,True,False,False,52.00000000000002,400,2.4144184329276874,11.324718414881431,68.84503676502462,26
D_nsga2_flc_efficiency,sparse,fault_noise_spike_sev3,noise_spike,60.0,48,834851,False,True,False,False,46.0,400,2.0605593465060603,8.885819609260306,81.69926338015549,23
D_nsga2_flc_efficiency,sparse,fault_noise_spike_sev3,noise_spike,60.0,49,457512,False,True,False,False,198.0,400,2.9069901437389682,9.626028038315114,68.9489389685712,99
D_nsga2_flc_efficiency,dense,clean,,,0,404653,False,False,True,False,800.0,400,2.499221818399578,6.450967885343472,97.25791288009756,400
D_nsga2_flc_efficiency,dense,clean,,,1,215753,False,True,False,False,108.0,400,2.1913059760152747,6.1686460788431265,91.2875120292939,54
D_nsga2_flc_efficiency,dense,clean,,,2,944924,False,True,False,False,16.0,400,2.9654989217144876,25.77,103.5398259091911,8
D_nsga2_flc_efficiency,dense,clean,,,3,12413,False,True,False,False,102.0,400,2.3422747489957576,6.267463403487606,91.48219115344052,51
D_nsga2_flc_efficiency,dense,clean,,,4,839153,False,True,False,False,44.0,400,2.260831335775299,17.792095170761723,77.76849987758216,22
D_nsga2_flc_efficiency,dense,clean,,,5,26206,False,True,False,False,142.00000000000003,400,1.738035364058344,9.142130126825897,23.515061696992397,71
D_nsga2_flc_efficiency,dense,clean,,,6,85702,False,True,False,False,380.00000000000006,400,2.3687549197013684,7.0834769906473865,107.02028869942014,190
D_nsga2_flc_efficiency,dense,clean,,,7,720542,False,True,False,False,75.99999999999999,400,1.9167475916747305,4.180865051902447,52.72135399382453,38
D_nsga2_flc_efficiency,dense,clean,,,8,43194,True,False,False,False,120.0,60,5.069180293734707,5.853647511567941,3.68904874884033,60
D_nsga2_flc_efficiency,dense,clean,,,9,76840,False,True,False,False,30.000000000000004,400,1.6836161275487218,23.334676532350827,89.41442967922299,15
D_nsga2_flc_efficiency,dense,clean,,,10,827195,False,True,False,False,67.99999999999999,400,2.0931855281580742,7.183212291366652,63.81029831153121,34
D_nsga2_flc_efficiency,dense,clean,,,11,891107,False,True,False,False,174.0,400,2.352098250066311,4.933913554053594,12.054588972634013,87
D_nsga2_flc_efficiency,dense,clean,,,12,419585,False,True,False,False,57.999999999999986,400,1.767508928654467,5.385199903936645,75.71199891283935,29
D_nsga2_flc_efficiency,dense,clean,,,13,197278,False,True,False,False,82.0,400,2.328625820756131,13.350096858476348,42.32204901078513,41
D_nsga2_flc_efficiency,dense,clean,,,14,662269,False,True,False,False,140.00000000000003,400,2.0386103287628266,7.40312928464203,26.057388321419236,70
D_nsga2_flc_efficiency,dense,clean,,,15,666954,False,True,False,False,26.0,400,2.0092868738907286,21.23697890117168,95.63203962799886,13
D_nsga2_flc_efficiency,dense,clean,,,16,764983,False,True,False,False,56.00000000000001,400,2.893286075661368,17.288594084136115,67.77544052166328,28
D_nsga2_flc_efficiency,dense,clean,,,17,888532,False,True,False,False,18.000000000000004,400,2.8451180138396435,13.654129222260492,100.82294322106947,9
D_nsga2_flc_efficiency,dense,clean,,,18,155719,False,True,False,False,112.00000000000001,400,2.85841522715422,5.39733008145339,90.63332753603592,56
D_nsga2_flc_efficiency,dense,clean,,,19,579943,False,True,False,False,292.0,400,3.9503103303681235,8.208246005431436,21.48575156442321,146
D_nsga2_flc_efficiency,dense,clean,,,20,727353,False,True,False,False,106.0,400,1.9304830252724434,6.900429350648855,90.97579290761536,53
D_nsga2_flc_efficiency,dense,clean,,,21,6151,False,True,False,False,17.999999999999996,400,3.820078929348775,23.384697940020786,103.06868870940873,9
D_nsga2_flc_efficiency,dense,clean,,,22,710788,False,True,False,False,148.0,400,2.8097690018722563,8.919521602039257,78.86597625181072,74
D_nsga2_flc_efficiency,dense,clean,,,23,138531,False,True,False,False,104.0,400,2.272723007648621,7.093227333276198,79.78681037246167,52
D_nsga2_flc_efficiency,dense,clean,,,24,281206,False,True,False,False,90.0,400,1.7673395638821,8.319161750166526,44.77971765507159,45
D_nsga2_flc_efficiency,dense,clean,,,25,90320,False,True,False,False,80.0,400,2.9514912748959863,8.045311568280988,68.05268197773898,40
D_nsga2_flc_efficiency,dense,clean,,,26,473688,False,True,False,False,116.0,400,1.893754202686439,5.355719091684741,90.93407784667151,58
D_nsga2_flc_efficiency,dense,clean,,,27,950752,False,True,False,False,28.0,400,2.2509233942241598,15.862698277649912,92.96354790414127,14
D_nsga2_flc_efficiency,dense,clean,,,28,974050,False,True,False,False,136.0,400,2.608140203103189,9.247247476263144,86.29708060677237,68
D_nsga2_flc_efficiency,dense,clean,,,29,162968,False,True,False,False,216.0,400,3.0423304324835048,5.072111962964864,80.9668371930892,108
D_nsga2_flc_efficiency,dense,clean,,,30,247501,False,True,False,False,238.0,400,2.03125256300201,7.415519319622575,92.21674026383295,119
D_nsga2_flc_efficiency,dense,clean,,,31,611736,False,True,False,False,87.99999999999999,400,2.359175089276376,10.665053441153512,76.29347682388227,44
D_nsga2_flc_efficiency,dense,clean,,,32,202663,False,True,False,False,14.000000000000002,400,1.7757684647178145,3.9469905964489587,104.93095644663778,7
D_nsga2_flc_efficiency,dense,clean,,,33,749349,False,True,False,False,142.0,400,2.3350301901424224,8.117567500334962,28.6822142481132,71
D_nsga2_flc_efficiency,dense,clean,,,34,67944,False,True,False,False,97.99999999999999,400,1.8760979410559029,5.815982115814011,33.34338196907334,49
D_nsga2_flc_efficiency,dense,clean,,,35,667972,False,True,False,False,324.0,400,2.0313000518944175,7.450608742492087,39.42965138870131,162
D_nsga2_flc_efficiency,dense,clean,,,36,284085,False,True,False,False,256.0,400,1.6881575249901366,8.546984953761246,37.111872294751706,128
D_nsga2_flc_efficiency,dense,clean,,,37,56648,False,True,False,False,90.0,400,3.384329394866096,8.730712943535769,33.55372605967884,45
D_nsga2_flc_efficiency,dense,clean,,,38,883846,True,False,False,False,118.00000000000004,59,4.672883368239458,5.290528417425137,2.821235558282317,59
D_nsga2_flc_efficiency,dense,clean,,,39,542999,False,True,False,False,38.00000000000001,400,2.1867699479445672,15.482065152488689,81.17154059380861,19
D_nsga2_flc_efficiency,dense,clean,,,40,876790,False,True,False,False,48.0,400,3.003129096949897,11.349947071197235,75.46650811065494,24
D_nsga2_flc_efficiency,dense,clean,,,41,864562,False,True,False,False,88.0,400,1.9866752224193094,10.935754356139656,76.93088323215746,44
D_nsga2_flc_efficiency,dense,clean,,,42,110485,False,True,False,False,114.00000000000001,400,1.6189733972981921,4.252918653677678,91.63577815289591,57
D_nsga2_flc_efficiency,dense,clean,,,43,8300,True,False,False,False,156.0,78,2.177313656742096,12.995071868357984,3.032440809154864,78
D_nsga2_flc_efficiency,dense,clean,,,44,503793,False,True,False,False,102.0,400,2.7599317133785957,11.17520393799304,83.05615294480607,51
D_nsga2_flc_efficiency,dense,clean,,,45,352372,False,True,False,False,20.0,400,2.034942065025135,13.182565608791842,99.55472091003318,10
D_nsga2_flc_efficiency,dense,clean,,,46,454845,False,True,False,False,20.0,400,1.822646431858015,11.49311765218445,99.44629714425318,10
D_nsga2_flc_efficiency,dense,clean,,,47,837206,False,True,False,False,28.0,400,2.2654317145485092,7.891198461132192,94.54092573781098,14
D_nsga2_flc_efficiency,dense,clean,,,48,834851,False,True,False,False,40.00000000000001,400,2.146265933657858,13.376913750872285,80.5289953571991,20
D_nsga2_flc_efficiency,dense,clean,,,49,457512,False,True,False,False,149.99999999999997,400,1.707142761811001,8.112773760870345,40.33507378917963,75
D_nsga2_flc_efficiency,dense,fault_dropout,dropout,,0,404653,False,True,False,False,116.0,400,1.8789013198865674,3.5662130709157305,22.577504569666253,58
D_nsga2_flc_efficiency,dense,fault_dropout,dropout,,1,215753,False,True,False,False,112.0,400,2.5963356039192647,3.797295258773585,88.942645490772,56
D_nsga2_flc_efficiency,dense,fault_dropout,dropout,,2,944924,False,True,False,False,16.0,400,2.9654989217144876,25.77,103.5398259091911,8
D_nsga2_flc_efficiency,dense,fault_dropout,dropout,,3,12413,False,True,False,False,87.99999999999999,400,3.0139163424093662,4.760672996356612,91.4092683662182,44
D_nsga2_flc_efficiency,dense,fault_dropout,dropout,,4,839153,False,True,False,False,108.0,400,2.5573477463921863,8.07690939950843,85.66047733754935,54
D_nsga2_flc_efficiency,dense,fault_dropout,dropout,,5,26206,False,True,False,False,74.0,400,1.7721499853676024,5.69571732519689,94.00831641647882,37
D_nsga2_flc_efficiency,dense,fault_dropout,dropout,,6,85702,False,True,False,False,376.0,400,1.92110936727637,5.3888114520248465,99.604866077877,188
D_nsga2_flc_efficiency,dense,fault_dropout,dropout,,7,720542,False,True,False,False,75.99999999999999,400,1.9167475916747305,4.179359279234439,52.72084041453039,38
D_nsga2_flc_efficiency,dense,fault_dropout,dropout,,8,43194,False,True,False,False,132.00000000000006,400,2.532986583590518,4.631711076150609,15.06562927993375,66
D_nsga2_flc_efficiency,dense,fault_dropout,dropout,,9,76840,False,True,False,False,30.000000000000004,400,1.6836161275487218,23.334676532350827,89.41442967922299,15
D_nsga2_flc_efficiency,dense,fault_dropout,dropout,,10,827195,False,True,False,False,68.0,400,1.8289883705850394,6.9754901664746,61.50204042693313,34
D_nsga2_flc_efficiency,dense,fault_dropout,dropout,,11,891107,False,True,False,False,274.00000000000006,400,1.8182823827929397,7.810641288356851,121.9287281872411,137
D_nsga2_flc_efficiency,dense,fault_dropout,dropout,,12,419585,False,True,False,False,57.999999999999986,400,1.767508928654467,5.385199903936645,75.71199891283935,29
D_nsga2_flc_efficiency,dense,fault_dropout,dropout,,13,197278,False,True,False,False,56.0,400,2.2284623517157005,6.324428469817602,66.80452932083456,28
D_nsga2_flc_efficiency,dense,fault_dropout,dropout,,14,662269,False,True,False,False,98.0,400,2.160649810524321,4.774348734935982,40.86360740086442,49
D_nsga2_flc_efficiency,dense,fault_dropout,dropout,,15,666954,False,True,False,False,26.0,400,2.0092868738907286,21.23697890117168,95.63203962799886,13
D_nsga2_flc_efficiency,dense,fault_dropout,dropout,,16,764983,False,True,False,False,100.00000000000001,400,3.1011189403975803,6.247964376360931,84.4907482629833,50
D_nsga2_flc_efficiency,dense,fault_dropout,dropout,,17,888532,False,True,False,False,18.000000000000004,400,2.8451180138396435,13.654129222260492,100.82294322106947,9
D_nsga2_flc_efficiency,dense,fault_dropout,dropout,,18,155719,False,True,False,False,104.00000000000001,400,1.877393371195344,3.418457093689769,41.90386854835414,52
D_nsga2_flc_efficiency,dense,fault_dropout,dropout,,19,579943,False,True,False,False,43.99999999999999,400,2.5807177742656164,7.53236571242675,74.90989981440764,22
D_nsga2_flc_efficiency,dense,fault_dropout,dropout,,20,727353,False,True,False,False,90.0,400,2.934912747527315,3.9736286956920543,91.74854504211451,45
D_nsga2_flc_efficiency,dense,fault_dropout,dropout,,21,6151,False,True,False,False,17.999999999999996,400,3.820078929348775,23.384697940020786,103.06868870940873,9
D_nsga2_flc_efficiency,dense,fault_dropout,dropout,,22,710788,False,True,False,False,84.0,400,2.337380843297889,4.852304918254692,35.78709373567117,42
D_nsga2_flc_efficiency,dense,fault_dropout,dropout,,23,138531,False,True,False,False,104.0,400,1.8875842561246818,4.300017062283017,31.48587982212614,52
D_nsga2_flc_efficiency,dense,fault_dropout,dropout,,24,281206,False,True,False,False,48.0,400,2.64987517068306,3.9084144972344785,72.73782845410132,24
D_nsga2_flc_efficiency,dense,fault_dropout,dropout,,25,90320,False,True,False,False,104.00000000000001,400,2.2593787982804003,6.751654594459866,71.86168049592584,52
D_nsga2_flc_efficiency,dense,fault_dropout,dropout,,26,473688,False,True,False,False,106.0,400,2.115587912542643,4.449590776457068,75.19117779351441,53
D_nsga2_flc_efficiency,dense,fault_dropout,dropout,,27,950752,False,True,False,False,28.0,400,2.2509233942241598,15.862698277649912,92.96354790414127,14
D_nsga2_flc_efficiency,dense,fault_dropout,dropout,,28,974050,False,True,False,False,126.0,400,1.6440050886874704,9.300427667789785,92.19797324753507,63
D_nsga2_flc_efficiency,dense,fault_dropout,dropout,,29,162968,False,True,False,False,55.99999999999999,400,2.5971185863771318,3.698780260887068,63.348151907030065,28
D_nsga2_flc_efficiency,dense,fault_dropout,dropout,,30,247501,False,True,False,False,125.99999999999999,400,2.333763490347016,6.601433636503166,23.1867737145136,63
D_nsga2_flc_efficiency,dense,fault_dropout,dropout,,31,611736,False,True,False,False,136.0,400,2.41707187686379,6.014480007759408,27.057139603863625,68
D_nsga2_flc_efficiency,dense,fault_dropout,dropout,,32,202663,False,True,False,False,14.000000000000002,400,1.7757684647178145,3.9469905964489587,104.93095644663778,7
D_nsga2_flc_efficiency,dense,fault_dropout,dropout,,33,749349,False,True,False,False,566.0,400,1.6307324145828395,6.479868910761697,29.201218810348248,283
D_nsga2_flc_efficiency,dense,fault_dropout,dropout,,34,67944,False,True,False,False,93.99999999999999,400,2.346997998046981,3.919766013116038,33.99128964215703,47
D_nsga2_flc_efficiency,dense,fault_dropout,dropout,,35,667972,False,True,False,False,102.0,400,2.6870646200169723,3.226652132291459,84.56601733534352,51
D_nsga2_flc_efficiency,dense,fault_dropout,dropout,,36,284085,False,True,False,False,98.0,400,1.9040078440808423,6.068807790850763,65.12933561049141,49
D_nsga2_flc_efficiency,dense,fault_dropout,dropout,,37,56648,False,True,False,False,68.0,400,1.6143984087896406,3.4395589243149516,60.48554966836531,34
D_nsga2_flc_efficiency,dense,fault_dropout,dropout,,38,883846,False,True,False,False,140.0,400,1.9018351522390733,6.723365873909976,74.08894668978354,70
D_nsga2_flc_efficiency,dense,fault_dropout,dropout,,39,542999,False,True,False,False,38.00000000000001,400,2.1867699479445672,15.482065152488689,81.17154059380861,19
D_nsga2_flc_efficiency,dense,fault_dropout,dropout,,40,876790,False,True,False,False,48.0,400,3.37933281270185,4.466034855059679,73.24417279911275,24
D_nsga2_flc_efficiency,dense,fault_dropout,dropout,,41,864562,False,True,False,False,40.0,400,2.55087355798494,4.535785270266404,81.07857637444685,20
D_nsga2_flc_efficiency,dense,fault_dropout,dropout,,42,110485,False,True,False,False,124.00000000000001,400,2.50360848038557,4.236650821377931,90.56402422107402,62
D_nsga2_flc_efficiency,dense,fault_dropout,dropout,,43,8300,False,True,False,False,95.99999999999999,400,3.6514555810248184,10.51882541673511,54.92981989388291,48
D_nsga2_flc_efficiency,dense,fault_dropout,dropout,,44,503793,False,True,False,False,94.0,400,2.5697295257390596,13.866028237801107,66.37961878200635,47
D_nsga2_flc_efficiency,dense,fault_dropout,dropout,,45,352372,False,True,False,False,20.0,400,2.034942065025135,13.182565608791842,99.55472091003318,10
D_nsga2_flc_efficiency,dense,fault_dropout,dropout,,46,454845,False,True,False,False,20.0,400,1.822646431858015,11.49311765218445,99.44629714425318,10
D_nsga2_flc_efficiency,dense,fault_dropout,dropout,,47,837206,False,True,False,False,28.0,400,2.2654317145485092,7.891198461132192,94.54092573781098,14
D_nsga2_flc_efficiency,dense,fault_dropout,dropout,,48,834851,False,True,False,False,40.00000000000001,400,2.146265933657858,13.376913750872285,80.5289953571991,20
D_nsga2_flc_efficiency,dense,fault_dropout,dropout,,49,457512,False,True,False,False,134.00000000000003,400,2.1611881945015425,9.83383163725142,13.247924623184588,67
D_nsga2_flc_efficiency,dense,fault_bias,bias,,0,404653,False,True,False,False,109.99999999999999,400,2.610578509592769,30.78281753889144,74.19416123975287,55
D_nsga2_flc_efficiency,dense,fault_bias,bias,,1,215753,False,True,False,False,110.0,400,1.950827725354393,4.140919432338506,74.77350395033935,55
D_nsga2_flc_efficiency,dense,fault_bias,bias,,2,944924,False,True,False,False,16.0,400,2.9654989217144876,25.77,103.5398259091911,8
D_nsga2_flc_efficiency,dense,fault_bias,bias,,3,12413,False,True,False,False,86.00000000000001,400,2.718767292619958,4.74318252420228,91.97684880735436,43
D_nsga2_flc_efficiency,dense,fault_bias,bias,,4,839153,True,False,False,False,132.0,66,2.2106129889330037,8.933467614834948,3.7964155604561505,66
D_nsga2_flc_efficiency,dense,fault_bias,bias,,5,26206,False,True,False,False,73.99999999999999,400,2.0199474346090236,12.44294791492511,91.89336355805465,37
D_nsga2_flc_efficiency,dense,fault_bias,bias,,6,85702,False,False,True,False,800.0,400,3.842003234867453,4.0581143745012085,62.432285763787235,400
D_nsga2_flc_efficiency,dense,fault_bias,bias,,7,720542,False,True,False,False,75.99999999999999,400,1.9167475916747305,4.075371104845584,52.685603615283874,38
D_nsga2_flc_efficiency,dense,fault_bias,bias,,8,43194,False,False,True,False,800.0,400,2.5638757854092398,35.13822964187043,89.18093628961486,400
D_nsga2_flc_efficiency,dense,fault_bias,bias,,9,76840,False,True,False,False,30.000000000000004,400,1.6836161275487218,23.334676532350827,89.41442967922299,15
D_nsga2_flc_efficiency,dense,fault_bias,bias,,10,827195,False,True,False,False,70.0,400,1.532085400581516,20.228755767458598,55.17002351438137,35
D_nsga2_flc_efficiency,dense,fault_bias,bias,,11,891107,False,True,False,False,90.0,400,1.6078431765531231,5.616140046737826,58.814615172207944,45
D_nsga2_flc_efficiency,dense,fault_bias,bias,,12,419585,False,True,False,False,57.999999999999986,400,1.767508928654467,5.385199903936645,75.71199891283935,29
D_nsga2_flc_efficiency,dense,fault_bias,bias,,13,197278,False,True,False,False,230.0,400,2.046325482389233,9.16696045825917,49.80715992423359,115
D_nsga2_flc_efficiency,dense,fault_bias,bias,,14,662269,False,True,False,False,154.00000000000003,400,2.1487530852479253,29.811557489346644,55.07819495785428,77
D_nsga2_flc_efficiency,dense,fault_bias,bias,,15,666954,False,True,False,False,26.0,400,2.0092868738907286,21.23697890117168,95.63203962799886,13
D_nsga2_flc_efficiency,dense,fault_bias,bias,,16,764983,False,True,False,False,113.99999999999999,400,1.6892877400754922,5.830020764643921,17.775406199316826,57
D_nsga2_flc_efficiency,dense,fault_bias,bias,,17,888532,False,True,False,False,18.000000000000004,400,2.8451180138396435,13.654129222260492,100.82294322106947,9
D_nsga2_flc_efficiency,dense,fault_bias,bias,,18,155719,False,True,False,False,106.00000000000001,400,1.8915268641851304,3.3467635774870708,39.51874470586161,53
D_nsga2_flc_efficiency,dense,fault_bias,bias,,19,579943,False,True,False,False,44.0,400,2.556275800746303,7.444516110535165,74.90918157019587,22
D_nsga2_flc_efficiency,dense,fault_bias,bias,,20,727353,False,True,False,False,176.0,400,1.8615348336201551,13.314626820151135,90.43101070103229,88
D_nsga2_flc_efficiency,dense,fault_bias,bias,,21,6151,False,True,False,False,17.999999999999996,400,3.820078929348775,23.384697940020786,103.06868870940873,9
D_nsga2_flc_efficiency,dense,fault_bias,bias,,22,710788,False,True,False,False,84.0,400,2.4385766562754494,4.910142548173054,35.74845714242781,42
D_nsga2_flc_efficiency,dense,fault_bias,bias,,23,138531,False,True,False,False,104.0,400,1.8930739221992743,6.834083984668443,84.78258128571777,52
D_nsga2_flc_efficiency,dense,fault_bias,bias,,24,281206,False,True,False,False,48.0,400,2.64987517068306,3.9084144972344785,72.73782845410132,24
D_nsga2_flc_efficiency,dense,fault_bias,bias,,25,90320,False,True,False,False,82.0,400,1.6840821677923035,7.7846360414965154,53.98175253946588,41
D_nsga2_flc_efficiency,dense,fault_bias,bias,,26,473688,False,True,False,False,106.0,400,2.1739662228309657,4.4437291232853795,75.22456229245344,53
D_nsga2_flc_efficiency,dense,fault_bias,bias,,27,950752,False,True,False,False,28.0,400,2.2509233942241598,15.862698277649912,92.96354790414127,14
D_nsga2_flc_efficiency,dense,fault_bias,bias,,28,974050,False,True,False,False,132.0,400,3.1316364680754374,11.364887001399294,89.6171691581413,66
D_nsga2_flc_efficiency,dense,fault_bias,bias,,29,162968,False,True,False,False,268.0,400,2.2130512013573167,27.110874273265647,64.58652337660315,134
D_nsga2_flc_efficiency,dense,fault_bias,bias,,30,247501,False,True,False,False,128.0,400,1.642748601015414,6.481484299149021,25.632386845883026,64
D_nsga2_flc_efficiency,dense,fault_bias,bias,,31,611736,False,True,False,False,102.0,400,2.1559687141092088,9.269561054021672,91.88924913156585,51
D_nsga2_flc_efficiency,dense,fault_bias,bias,,32,202663,False,True,False,False,14.000000000000002,400,1.7757684647178145,3.9469905964489587,104.93095644663778,7
D_nsga2_flc_efficiency,dense,fault_bias,bias,,33,749349,False,True,False,False,132.0,400,2.037400646893228,3.5516890290575622,27.34290474002112,66
D_nsga2_flc_efficiency,dense,fault_bias,bias,,34,67944,False,True,False,False,64.0,400,3.2981596556630253,7.183455477427264,68.16157380448533,32
D_nsga2_flc_efficiency,dense,fault_bias,bias,,35,667972,False,True,False,False,64.00000000000001,400,2.159821847349515,5.349274371178524,61.6964438897568,32
D_nsga2_flc_efficiency,dense,fault_bias,bias,,36,284085,False,True,False,False,490.0,400,1.9727731341641817,31.315509037712832,56.55061764323054,245
D_nsga2_flc_efficiency,dense,fault_bias,bias,,37,56648,False,True,False,False,68.0,400,1.6143984087896406,3.4395589243149516,60.48554966836531,34
D_nsga2_flc_efficiency,dense,fault_bias,bias,,38,883846,False,True,False,False,306.0,400,2.299870791905453,4.673886907378062,74.56663300284131,153
D_nsga2_flc_efficiency,dense,fault_bias,bias,,39,542999,False,True,False,False,38.00000000000001,400,2.1867699479445672,15.482065152488689,81.17154059380861,19
D_nsga2_flc_efficiency,dense,fault_bias,bias,,40,876790,False,True,False,False,48.0,400,3.3775295694842176,4.476904184058172,73.24612099509504,24
D_nsga2_flc_efficiency,dense,fault_bias,bias,,41,864562,False,True,False,False,32.0,400,1.9930030879575404,13.317278383258554,95.4424823090247,16
D_nsga2_flc_efficiency,dense,fault_bias,bias,,42,110485,False,True,False,False,124.00000000000001,400,2.50360848038557,4.236650821377931,90.56402422107402,62
D_nsga2_flc_efficiency,dense,fault_bias,bias,,43,8300,False,True,False,False,79.99999999999999,400,1.9906404355903546,12.844733032688069,82.68192229920928,40
D_nsga2_flc_efficiency,dense,fault_bias,bias,,44,503793,False,True,False,False,120.0,400,1.6956079520030218,10.6682806752698,87.90467668089344,60
D_nsga2_flc_efficiency,dense,fault_bias,bias,,45,352372,False,True,False,False,20.0,400,2.034942065025135,13.182565608791842,99.55472091003318,10
D_nsga2_flc_efficiency,dense,fault_bias,bias,,46,454845,False,True,False,False,20.0,400,1.822646431858015,11.49311765218445,99.44629714425318,10
D_nsga2_flc_efficiency,dense,fault_bias,bias,,47,837206,False,True,False,False,28.0,400,2.2654317145485092,7.891198461132192,94.54092573781098,14
D_nsga2_flc_efficiency,dense,fault_bias,bias,,48,834851,False,True,False,False,40.00000000000001,400,2.146265933657858,13.376913750872285,80.5289953571991,20
D_nsga2_flc_efficiency,dense,fault_bias,bias,,49,457512,False,True,False,False,80.0,400,1.6120981717282332,8.825239131691841,93.92323579809405,40
D_nsga2_flc_efficiency,dense,fault_stale,stale,,0,404653,False,False,True,False,800.0,400,3.1496802809791475,5.512015097445023,60.43800908846239,400
D_nsga2_flc_efficiency,dense,fault_stale,stale,,1,215753,False,True,False,False,110.0,400,2.2654724601991214,4.452773909244149,81.95175460664557,55
D_nsga2_flc_efficiency,dense,fault_stale,stale,,2,944924,False,True,False,False,16.0,400,2.9654989217144876,25.77,103.5398259091911,8
D_nsga2_flc_efficiency,dense,fault_stale,stale,,3,12413,False,True,False,False,95.99999999999999,400,2.9020800443184758,5.684869690898651,70.70540739022255,48
D_nsga2_flc_efficiency,dense,fault_stale,stale,,4,839153,False,True,False,False,58.0,400,1.8245354722862446,10.586466288470316,68.6871422731636,29
D_nsga2_flc_efficiency,dense,fault_stale,stale,,5,26206,False,True,False,False,141.99999999999997,400,2.5612040021469835,5.642000702182648,16.331264708290917,71
D_nsga2_flc_efficiency,dense,fault_stale,stale,,6,85702,False,True,False,False,138.0,400,2.2861967421280105,5.844287634535062,96.2669851588946,69
D_nsga2_flc_efficiency,dense,fault_stale,stale,,7,720542,False,True,False,False,75.99999999999999,400,1.9167475916747305,4.114735500427309,52.698888469726406,38
D_nsga2_flc_efficiency,dense,fault_stale,stale,,8,43194,True,False,False,False,122.00000000000001,61,5.069180293734707,4.8242014108761335,2.1147644324720556,61
D_nsga2_flc_efficiency,dense,fault_stale,stale,,9,76840,False,True,False,False,30.000000000000004,400,1.6836161275487218,23.334676532350827,89.41442967922299,15
D_nsga2_flc_efficiency,dense,fault_stale,stale,,10,827195,False,True,False,False,68.0,400,1.6872714675626554,8.564772009528797,62.679346690424346,34
D_nsga2_flc_efficiency,dense,fault_stale,stale,,11,891107,False,True,False,False,276.0,400,2.216122478859855,6.109072905155647,127.12937617527442,138
D_nsga2_flc_efficiency,dense,fault_stale,stale,,12,419585,False,True,False,False,57.999999999999986,400,1.767508928654467,5.385199903936645,75.71199891283935,29
D_nsga2_flc_efficiency,dense,fault_stale,stale,,13,197278,False,True,False,False,56.0,400,2.2949510088852194,6.736759936934214,66.80432392674813,28
D_nsga2_flc_efficiency,dense,fault_stale,stale,,14,662269,False,True,False,False,98.0,400,2.0217718377995,5.742290859111343,39.56724806694807,49
D_nsga2_flc_efficiency,dense,fault_stale,stale,,15,666954,False,True,False,False,26.0,400,2.0092868738907286,21.23697890117168,95.63203962799886,13
D_nsga2_flc_efficiency,dense,fault_stale,stale,,16,764983,False,True,False,False,56.0,400,3.2485868301664294,11.640185785522787,70.66623200562276,28
D_nsga2_flc_efficiency,dense,fault_stale,stale,,17,888532,False,True,False,False,18.000000000000004,400,2.8451180138396435,13.654129222260492,100.82294322106947,9
D_nsga2_flc_efficiency,dense,fault_stale,stale,,18,155719,False,True,False,False,228.00000000000003,400,2.3874952236987403,10.518471510031354,91.20654464589241,114
D_nsga2_flc_efficiency,dense,fault_stale,stale,,19,579943,False,True,False,False,44.0,400,2.5563006366610597,7.444097313912089,74.9091814672489,22
D_nsga2_flc_efficiency,dense,fault_stale,stale,,20,727353,False,True,False,False,74.0,400,2.2368959484804836,5.26008430588297,58.37947887758906,37
D_nsga2_flc_efficiency,dense,fault_stale,stale,,21,6151,False,True,False,False,17.999999999999996,400,3.820078929348775,23.384697940020786,103.06868870940873,9
D_nsga2_flc_efficiency,dense,fault_stale,stale,,22,710788,False,True,False,False,84.0,400,1.9267150274096083,5.13081944957131,36.40291983721682,42
D_nsga2_flc_efficiency,dense,fault_stale,stale,,23,138531,False,True,False,False,78.0,400,1.7688934735059774,6.485697949534871,55.511200817256274,39
D_nsga2_flc_efficiency,dense,fault_stale,stale,,24,281206,False,True,False,False,48.0,400,2.64987517068306,3.9084144972344785,72.73782845410132,24
D_nsga2_flc_efficiency,dense,fault_stale,stale,,25,90320,False,True,False,False,81.99999999999999,400,2.506410062910272,8.218873993654418,54.779994053224975,41
D_nsga2_flc_efficiency,dense,fault_stale,stale,,26,473688,False,True,False,False,104.0,400,2.2928004849182657,4.864957414643849,80.76275715190556,52
D_nsga2_flc_efficiency,dense,fault_stale,stale,,27,950752,False,True,False,False,28.0,400,2.2509233942241598,15.862698277649912,92.96354790414127,14
D_nsga2_flc_efficiency,dense,fault_stale,stale,,28,974050,False,True,False,False,110.0,400,1.7456522829298684,13.504503795275339,34.96878946880568,55
D_nsga2_flc_efficiency,dense,fault_stale,stale,,29,162968,False,True,False,False,222.0,400,2.361717630010349,5.133574922880222,80.166736434844,111
D_nsga2_flc_efficiency,dense,fault_stale,stale,,30,247501,False,True,False,False,246.00000000000003,400,3.4456065110603853,6.9048059248989935,99.06243107425816,123
D_nsga2_flc_efficiency,dense,fault_stale,stale,,31,611736,False,True,False,False,90.0,400,2.1045122291776064,7.031483859402194,76.20787025526424,45
D_nsga2_flc_efficiency,dense,fault_stale,stale,,32,202663,False,True,False,False,14.000000000000002,400,1.7757684647178145,3.9469905964489587,104.93095644663778,7
D_nsga2_flc_efficiency,dense,fault_stale,stale,,33,749349,False,True,False,False,46.000000000000014,400,3.079931199375442,7.215839577253594,83.79072043947137,23
D_nsga2_flc_efficiency,dense,fault_stale,stale,,34,67944,False,True,False,False,151.99999999999997,400,2.772103877967008,6.656639881291376,6.683261955706049,76
D_nsga2_flc_efficiency,dense,fault_stale,stale,,35,667972,False,True,False,False,50.00000000000001,400,2.211923277403314,6.230968888504052,70.06657857853119,25
D_nsga2_flc_efficiency,dense,fault_stale,stale,,36,284085,False,True,False,False,96.00000000000001,400,2.4293865754107142,6.777923737918495,65.34065479208175,48
D_nsga2_flc_efficiency,dense,fault_stale,stale,,37,56648,False,True,False,False,68.0,400,1.6139437009834805,3.406726136504899,60.44347560620977,34
D_nsga2_flc_efficiency,dense,fault_stale,stale,,38,883846,False,True,False,False,220.0,400,2.267455214387582,8.762738958682933,84.66312588738259,110
D_nsga2_flc_efficiency,dense,fault_stale,stale,,39,542999,False,True,False,False,38.00000000000001,400,2.1867699479445672,15.482065152488689,81.17154059380861,19
D_nsga2_flc_efficiency,dense,fault_stale,stale,,40,876790,False,True,False,False,48.0,400,3.1687631658245947,4.465811975938187,73.45830299699682,24
D_nsga2_flc_efficiency,dense,fault_stale,stale,,41,864562,False,True,False,False,88.0,400,1.776013456644358,11.827369345900337,83.86507775826352,44
D_nsga2_flc_efficiency,dense,fault_stale,stale,,42,110485,False,True,False,False,308.0,400,2.2967909909858095,5.3958101923023625,91.13424352468994,154
D_nsga2_flc_efficiency,dense,fault_stale,stale,,43,8300,False,True,False,False,77.99999999999999,400,3.6514555810248184,13.346523598619964,76.7175667753687,39
D_nsga2_flc_efficiency,dense,fault_stale,stale,,44,503793,False,True,False,False,118.0,400,2.6268955347012293,13.567135544553526,90.97634705237043,59
D_nsga2_flc_efficiency,dense,fault_stale,stale,,45,352372,False,True,False,False,20.0,400,2.034942065025135,13.182565608791842,99.55472091003318,10
D_nsga2_flc_efficiency,dense,fault_stale,stale,,46,454845,False,True,False,False,20.0,400,1.822646431858015,11.49311765218445,99.44629714425318,10
D_nsga2_flc_efficiency,dense,fault_stale,stale,,47,837206,False,True,False,False,28.0,400,2.2654317145485092,7.891198461132192,94.54092573781098,14
D_nsga2_flc_efficiency,dense,fault_stale,stale,,48,834851,False,True,False,False,40.00000000000001,400,2.146265933657858,13.376913750872285,80.5289953571991,20
D_nsga2_flc_efficiency,dense,fault_stale,stale,,49,457512,False,True,False,False,123.99999999999999,400,2.2289130462887146,8.884129003700396,28.945874214483133,62
D_nsga2_flc_efficiency,dense,fault_noise_spike_sev1,noise_spike,12.0,0,404653,False,False,True,False,800.0,400,2.4322244911168402,6.637089932094849,96.11583365111794,400
D_nsga2_flc_efficiency,dense,fault_noise_spike_sev1,noise_spike,12.0,1,215753,False,True,False,False,108.0,400,2.8937066461592362,7.948416302941227,91.02573020308742,54
D_nsga2_flc_efficiency,dense,fault_noise_spike_sev1,noise_spike,12.0,2,944924,False,True,False,False,16.0,400,2.9654989217144876,25.77,103.5398259091911,8
D_nsga2_flc_efficiency,dense,fault_noise_spike_sev1,noise_spike,12.0,3,12413,False,True,False,False,100.0,400,2.666084931300297,11.690881392846627,91.22890901794781,50
D_nsga2_flc_efficiency,dense,fault_noise_spike_sev1,noise_spike,12.0,4,839153,False,True,False,False,44.0,400,2.273927997243476,17.759764021725456,77.7574197945422,22
D_nsga2_flc_efficiency,dense,fault_noise_spike_sev1,noise_spike,12.0,5,26206,False,True,False,False,144.0,400,2.539555603237709,10.340992094648819,10.856207727298113,72
D_nsga2_flc_efficiency,dense,fault_noise_spike_sev1,noise_spike,12.0,6,85702,False,True,False,False,94.00000000000001,400,2.285020277415437,9.065786448949327,74.41427749946111,47
D_nsga2_flc_efficiency,dense,fault_noise_spike_sev1,noise_spike,12.0,7,720542,False,True,False,False,75.99999999999999,400,1.9167475916747305,4.114643731927913,52.69885742237452,38
D_nsga2_flc_efficiency,dense,fault_noise_spike_sev1,noise_spike,12.0,8,43194,True,False,False,False,126.00000000000003,63,5.069180293734707,8.6055181626119,2.807848458934591,63
D_nsga2_flc_efficiency,dense,fault_noise_spike_sev1,noise_spike,12.0,9,76840,False,True,False,False,30.000000000000004,400,1.6836161275487218,23.334676532350827,89.41442967922299,15
D_nsga2_flc_efficiency,dense,fault_noise_spike_sev1,noise_spike,12.0,10,827195,False,True,False,False,109.99999999999999,400,3.263285519148264,8.366880174174293,90.65337333450883,55
D_nsga2_flc_efficiency,dense,fault_noise_spike_sev1,noise_spike,12.0,11,891107,False,True,False,False,282.0,400,1.8322543176893586,8.701733109275612,128.79569719939641,141
D_nsga2_flc_efficiency,dense,fault_noise_spike_sev1,noise_spike,12.0,12,419585,False,True,False,False,57.999999999999986,400,1.767508928654467,5.385199903936645,75.71199891283935,29
D_nsga2_flc_efficiency,dense,fault_noise_spike_sev1,noise_spike,12.0,13,197278,True,False,False,False,120.0,60,6.533921589066429,8.865853855561795,2.7135059650671063,60
D_nsga2_flc_efficiency,dense,fault_noise_spike_sev1,noise_spike,12.0,14,662269,False,True,False,False,276.0,400,1.9472238936070563,8.65672867717485,15.820613074582694,138
D_nsga2_flc_efficiency,dense,fault_noise_spike_sev1,noise_spike,12.0,15,666954,False,True,False,False,26.0,400,2.0092868738907286,21.23697890117168,95.63203962799886,13
D_nsga2_flc_efficiency,dense,fault_noise_spike_sev1,noise_spike,12.0,16,764983,False,True,False,False,58.000000000000014,400,1.769649314863793,17.382474184255898,65.47845883060386,29
D_nsga2_flc_efficiency,dense,fault_noise_spike_sev1,noise_spike,12.0,17,888532,False,True,False,False,18.000000000000004,400,2.8451180138396435,13.654129222260492,100.82294322106947,9
D_nsga2_flc_efficiency,dense,fault_noise_spike_sev1,noise_spike,12.0,18,155719,False,True,False,False,112.0,400,2.1801478183257097,12.231435783191433,91.70153865482374,56
D_nsga2_flc_efficiency,dense,fault_noise_spike_sev1,noise_spike,12.0,19,579943,False,True,False,False,112.0,400,2.7133158108629356,8.338682621322473,61.14471583651622,56
D_nsga2_flc_efficiency,dense,fault_noise_spike_sev1,noise_spike,12.0,20,727353,False,True,False,False,104.0,400,2.752982304894811,11.135535502652754,91.25897564993733,52
D_nsga2_flc_efficiency,dense,fault_noise_spike_sev1,noise_spike,12.0,21,6151,False,True,False,False,17.999999999999996,400,3.820078929348775,23.384697940020786,103.06868870940873,9
D_nsga2_flc_efficiency,dense,fault_noise_spike_sev1,noise_spike,12.0,22,710788,False,True,False,False,147.99999999999997,400,3.335528851179915,10.156744720889327,74.89641659144887,74
D_nsga2_flc_efficiency,dense,fault_noise_spike_sev1,noise_spike,12.0,23,138531,False,True,False,False,106.0,400,1.8032091458607005,11.815564277905938,82.87762662949879,53
D_nsga2_flc_efficiency,dense,fault_noise_spike_sev1,noise_spike,12.0,24,281206,False,True,False,False,302.0,400,1.975448137373465,5.9541039694420395,26.803208919764362,151
D_nsga2_flc_efficiency,dense,fault_noise_spike_sev1,noise_spike,12.0,25,90320,False,True,False,False,82.0,400,1.974560829205033,9.598114057227221,71.43492852622761,41
D_nsga2_flc_efficiency,dense,fault_noise_spike_sev1,noise_spike,12.0,26,473688,False,True,False,False,112.0,400,2.4833869947557456,9.63369364594108,91.50696345214362,56
D_nsga2_flc_efficiency,dense,fault_noise_spike_sev1,noise_spike,12.0,27,950752,False,True,False,False,28.0,400,2.2509233942241598,15.862698277649912,92.96354790414127,14
D_nsga2_flc_efficiency,dense,fault_noise_spike_sev1,noise_spike,12.0,28,974050,False,True,False,False,138.0,400,1.8537484655902077,10.832980512726884,90.10321140507132,69
D_nsga2_flc_efficiency,dense,fault_noise_spike_sev1,noise_spike,12.0,29,162968,False,True,False,False,214.0,400,3.995109346277484,6.319603961699125,81.31805499238278,107
D_nsga2_flc_efficiency,dense,fault_noise_spike_sev1,noise_spike,12.0,30,247501,False,True,False,False,238.0,400,2.0456083109090772,9.297791129784121,92.41279766876406,119
D_nsga2_flc_efficiency,dense,fault_noise_spike_sev1,noise_spike,12.0,31,611736,False,True,False,False,88.0,400,2.326353659541414,12.636532673771473,76.39168453401828,44
D_nsga2_flc_efficiency,dense,fault_noise_spike_sev1,noise_spike,12.0,32,202663,False,True,False,False,14.000000000000002,400,1.7757684647178145,3.9469905964489587,104.93095644663778,7
D_nsga2_flc_efficiency,dense,fault_noise_spike_sev1,noise_spike,12.0,33,749349,False,True,False,False,46.00000000000001,400,3.6690799369437292,7.099812231114132,83.77726213658701,23
D_nsga2_flc_efficiency,dense,fault_noise_spike_sev1,noise_spike,12.0,34,67944,False,True,False,False,96.0,400,2.8597710070209548,5.308741484188172,34.22542531784217,48
D_nsga2_flc_efficiency,dense,fault_noise_spike_sev1,noise_spike,12.0,35,667972,False,True,False,False,64.0,400,1.7699744787080156,10.467911057340178,69.45922130279908,32
D_nsga2_flc_efficiency,dense,fault_noise_spike_sev1,noise_spike,12.0,36,284085,False,True,False,False,224.0,400,1.9816002992127377,10.783494326670793,83.27594645357162,112
D_nsga2_flc_efficiency,dense,fault_noise_spike_sev1,noise_spike,12.0,37,56648,False,True,False,False,91.99999999999999,400,1.9888405472362207,9.228879226309472,32.27280602237051,46
D_nsga2_flc_efficiency,dense,fault_noise_spike_sev1,noise_spike,12.0,38,883846,True,False,False,False,117.99999999999999,59,4.672883368239458,6.0077494688591875,3.260536728792316,59
D_nsga2_flc_efficiency,dense,fault_noise_spike_sev1,noise_spike,12.0,39,542999,False,True,False,False,38.00000000000001,400,2.1867699479445672,15.482065152488689,81.17154059380861,19
D_nsga2_flc_efficiency,dense,fault_noise_spike_sev1,noise_spike,12.0,40,876790,False,True,False,False,48.00000000000001,400,3.051661833941877,4.898886184790778,75.89324834148805,24
D_nsga2_flc_efficiency,dense,fault_noise_spike_sev1,noise_spike,12.0,41,864562,False,True,False,False,32.00000000000001,400,2.6072814513396048,5.218485159862882,90.57953999964218,16
D_nsga2_flc_efficiency,dense,fault_noise_spike_sev1,noise_spike,12.0,42,110485,False,True,False,False,114.0,400,1.9310568030169248,6.041693891293751,91.88566340535111,57
D_nsga2_flc_efficiency,dense,fault_noise_spike_sev1,noise_spike,12.0,43,8300,True,False,False,False,155.99999999999997,78,2.4346322978774753,12.605638285095894,3.004115161762833,78
D_nsga2_flc_efficiency,dense,fault_noise_spike_sev1,noise_spike,12.0,44,503793,False,True,False,False,116.0,400,2.3072371553509257,10.600633009941514,90.97136205276601,58
D_nsga2_flc_efficiency,dense,fault_noise_spike_sev1,noise_spike,12.0,45,352372,False,True,False,False,20.0,400,2.034942065025135,13.182565608791842,99.55472091003318,10
D_nsga2_flc_efficiency,dense,fault_noise_spike_sev1,noise_spike,12.0,46,454845,False,True,False,False,20.0,400,1.822646431858015,11.49311765218445,99.44629714425318,10
D_nsga2_flc_efficiency,dense,fault_noise_spike_sev1,noise_spike,12.0,47,837206,False,True,False,False,28.0,400,2.2654317145485092,7.891198461132192,94.54092573781098,14
D_nsga2_flc_efficiency,dense,fault_noise_spike_sev1,noise_spike,12.0,48,834851,False,True,False,False,40.00000000000001,400,2.146265933657858,13.376913750872285,80.5289953571991,20
D_nsga2_flc_efficiency,dense,fault_noise_spike_sev1,noise_spike,12.0,49,457512,False,True,False,False,166.0,400,2.2060170532146057,13.479798642802198,57.01498844610507,83
D_nsga2_flc_efficiency,dense,fault_noise_spike_sev2,noise_spike,30.0,0,404653,False,False,True,False,800.0,400,2.253337460434908,8.247772030081947,64.55432639771847,400
D_nsga2_flc_efficiency,dense,fault_noise_spike_sev2,noise_spike,30.0,1,215753,False,True,False,False,110.0,400,3.063072574633342,10.26883617546141,85.98938324798601,55
D_nsga2_flc_efficiency,dense,fault_noise_spike_sev2,noise_spike,30.0,2,944924,False,True,False,False,16.0,400,2.9654989217144876,25.77,103.5398259091911,8
D_nsga2_flc_efficiency,dense,fault_noise_spike_sev2,noise_spike,30.0,3,12413,False,True,False,False,100.0,400,2.4814466861868314,12.053864509404264,91.57224113526554,50
D_nsga2_flc_efficiency,dense,fault_noise_spike_sev2,noise_spike,30.0,4,839153,False,True,False,False,42.0,400,1.6074682763402064,19.829685526050355,78.03584792451595,21
D_nsga2_flc_efficiency,dense,fault_noise_spike_sev2,noise_spike,30.0,5,26206,False,True,False,False,153.99999999999997,400,1.9748254213967207,9.644067429566345,7.102626304384998,77
D_nsga2_flc_efficiency,dense,fault_noise_spike_sev2,noise_spike,30.0,6,85702,False,True,False,False,94.00000000000001,400,2.848987820754089,7.387345755777267,74.88662814525355,47
D_nsga2_flc_efficiency,dense,fault_noise_spike_sev2,noise_spike,30.0,7,720542,False,True,False,False,75.99999999999999,400,1.9167475916747305,4.075371104845584,52.685603615283874,38
D_nsga2_flc_efficiency,dense,fault_noise_spike_sev2,noise_spike,30.0,8,43194,False,True,False,False,246.0,400,1.9748197737239315,12.388486151191916,125.26948184060537,123
D_nsga2_flc_efficiency,dense,fault_noise_spike_sev2,noise_spike,30.0,9,76840,False,True,False,False,30.000000000000004,400,1.6836161275487218,23.334676532350827,89.41442967922299,15
D_nsga2_flc_efficiency,dense,fault_noise_spike_sev2,noise_spike,30.0,10,827195,False,True,False,False,116.0,400,1.9639087878624897,12.821474972578375,91.46512525974056,58
D_nsga2_flc_efficiency,dense,fault_noise_spike_sev2,noise_spike,30.0,11,891107,False,True,False,False,272.0,400,2.291859909562753,11.471463568043,118.0133137307979,136
D_nsga2_flc_efficiency,dense,fault_noise_spike_sev2,noise_spike,30.0,12,419585,False,True,False,False,57.999999999999986,400,1.767508928654467,5.385199903936645,75.71199891283935,29
D_nsga2_flc_efficiency,dense,fault_noise_spike_sev2,noise_spike,30.0,13,197278,False,True,False,False,126.00000000000001,400,2.487534793402099,13.725918759421024,6.755588207584549,63
D_nsga2_flc_efficiency,dense,fault_noise_spike_sev2,noise_spike,30.0,14,662269,False,True,False,False,192.00000000000003,400,2.508904991281625,12.901519491742134,54.47963864497997,96
D_nsga2_flc_efficiency,dense,fault_noise_spike_sev2,noise_spike,30.0,15,666954,False,True,False,False,26.0,400,2.0092868738907286,21.23697890117168,95.63203962799886,13
D_nsga2_flc_efficiency,dense,fault_noise_spike_sev2,noise_spike,30.0,16,764983,False,True,False,False,56.00000000000001,400,3.2511495559503096,20.837966300988004,70.16665268145782,28
D_nsga2_flc_efficiency,dense,fault_noise_spike_sev2,noise_spike,30.0,17,888532,False,True,False,False,18.000000000000004,400,2.8451180138396435,13.654129222260492,100.82294322106947,9
D_nsga2_flc_efficiency,dense,fault_noise_spike_sev2,noise_spike,30.0,18,155719,False,True,False,False,344.00000000000006,400,2.85841522715422,12.254993130709213,47.74612780733427,172
D_nsga2_flc_efficiency,dense,fault_noise_spike_sev2,noise_spike,30.0,19,579943,False,True,False,False,90.0,400,3.791001305943724,10.317608990536229,42.25477818443456,45
D_nsga2_flc_efficiency,dense,fault_noise_spike_sev2,noise_spike,30.0,20,727353,False,True,False,False,106.0,400,2.230121201502709,9.410622755373183,91.31900291935784,53
D_nsga2_flc_efficiency,dense,fault_noise_spike_sev2,noise_spike,30.0,21,6151,False,True,False,False,17.999999999999996,400,3.820078929348775,23.384697940020786,103.06868870940873,9
D_nsga2_flc_efficiency,dense,fault_noise_spike_sev2,noise_spike,30.0,22,710788,False,True,False,False,70.00000000000001,400,1.7982799250766284,11.114944857953594,57.04144153762371,35
D_nsga2_flc_efficiency,dense,fault_noise_spike_sev2,noise_spike,30.0,23,138531,False,True,False,False,102.0,400,1.5826260256875917,12.241716365852557,77.00231871220107,51
D_nsga2_flc_efficiency,dense,fault_noise_spike_sev2,noise_spike,30.0,24,281206,False,True,False,False,122.0,400,1.775428924845703,12.081336706071294,13.31753904692206,61
D_nsga2_flc_efficiency,dense,fault_noise_spike_sev2,noise_spike,30.0,25,90320,False,True,False,False,112.0,400,1.663465603133374,17.861534759902593,92.20806527350304,56
D_nsga2_flc_efficiency,dense,fault_noise_spike_sev2,noise_spike,30.0,26,473688,False,True,False,False,112.0,400,2.6388585342253457,12.531759990755772,88.77327427501498,56
D_nsga2_flc_efficiency,dense,fault_noise_spike_sev2,noise_spike,30.0,27,950752,False,True,False,False,28.0,400,2.2509233942241598,15.862698277649912,92.96354790414127,14
D_nsga2_flc_efficiency,dense,fault_noise_spike_sev2,noise_spike,30.0,28,974050,False,True,False,False,106.0,400,1.5564830249617216,13.86589359830294,39.96468841061531,53
D_nsga2_flc_efficiency,dense,fault_noise_spike_sev2,noise_spike,30.0,29,162968,False,True,False,False,84.00000000000003,400,2.3952936497819755,11.192225422781993,39.14301840834046,42
D_nsga2_flc_efficiency,dense,fault_noise_spike_sev2,noise_spike,30.0,30,247501,False,True,False,False,238.0,400,3.599418633516177,8.607622313236428,93.27041113047818,119
D_nsga2_flc_efficiency,dense,fault_noise_spike_sev2,noise_spike,30.0,31,611736,False,True,False,False,104.0,400,2.7726012860098974,19.085735577842414,90.54696468971194,52
D_nsga2_flc_efficiency,dense,fault_noise_spike_sev2,noise_spike,30.0,32,202663,False,True,False,False,14.000000000000002,400,1.7757684647178145,3.9469905964489587,104.93095644663778,7
D_nsga2_flc_efficiency,dense,fault_noise_spike_sev2,noise_spike,30.0,33,749349,False,True,False,False,46.00000000000001,400,3.6690799369437292,7.099812231114132,83.77726213658701,23
D_nsga2_flc_efficiency,dense,fault_noise_spike_sev2,noise_spike,30.0,34,67944,False,True,False,False,98.0,400,1.8708560433625225,6.201282610925678,33.28999881185061,49
D_nsga2_flc_efficiency,dense,fault_noise_spike_sev2,noise_spike,30.0,35,667972,True,False,False,False,123.99999999999999,62,3.3749932411233776,10.45301606098559,2.2453353374844474,62
D_nsga2_flc_efficiency,dense,fault_noise_spike_sev2,noise_spike,30.0,36,284085,False,True,False,False,276.00000000000006,400,1.9257303453009698,13.074410860019599,125.65523062343837,138
D_nsga2_flc_efficiency,dense,fault_noise_spike_sev2,noise_spike,30.0,37,56648,False,True,False,False,72.0,400,2.699164274439651,14.10290122799345,48.570427213612746,36
D_nsga2_flc_efficiency,dense,fault_noise_spike_sev2,noise_spike,30.0,38,883846,True,False,False,False,118.0,59,4.672883368239458,8.37297806220985,2.9435891326797305,59
D_nsga2_flc_efficiency,dense,fault_noise_spike_sev2,noise_spike,30.0,39,542999,False,True,False,False,38.00000000000001,400,1.6454878894374514,20.218907257751848,81.43494357335032,19
D_nsga2_flc_efficiency,dense,fault_noise_spike_sev2,noise_spike,30.0,40,876790,False,True,False,False,48.0,400,2.436598748310065,6.413704122944296,76.8826093686421,24
D_nsga2_flc_efficiency,dense,fault_noise_spike_sev2,noise_spike,30.0,41,864562,False,True,False,False,32.0,400,2.358210136666837,9.279968149882027,90.39282263734009,16
D_nsga2_flc_efficiency,dense,fault_noise_spike_sev2,noise_spike,30.0,42,110485,False,True,False,False,116.0,400,2.198323875236618,6.567397774533675,91.7118581011681,58
D_nsga2_flc_efficiency,dense,fault_noise_spike_sev2,noise_spike,30.0,43,8300,True,False,False,False,155.99999999999997,78,2.278271968755507,12.069971720533683,2.8524965163496683,78
D_nsga2_flc_efficiency,dense,fault_noise_spike_sev2,noise_spike,30.0,44,503793,False,True,False,False,112.0,400,3.1075065333481904,15.344523996961142,90.87366685045681,56
D_nsga2_flc_efficiency,dense,fault_noise_spike_sev2,noise_spike,30.0,45,352372,False,True,False,False,20.0,400,2.034942065025135,13.182565608791842,99.55472091003318,10
D_nsga2_flc_efficiency,dense,fault_noise_spike_sev2,noise_spike,30.0,46,454845,False,True,False,False,20.0,400,1.822646431858015,11.49311765218445,99.44629714425318,10
D_nsga2_flc_efficiency,dense,fault_noise_spike_sev2,noise_spike,30.0,47,837206,False,True,False,False,28.0,400,2.2654317145485092,7.891198461132192,94.54092573781098,14
D_nsga2_flc_efficiency,dense,fault_noise_spike_sev2,noise_spike,30.0,48,834851,False,True,False,False,40.00000000000001,400,2.146265933657858,13.376913750872285,80.5289953571991,20
D_nsga2_flc_efficiency,dense,fault_noise_spike_sev2,noise_spike,30.0,49,457512,False,True,False,False,168.0,400,2.3365386386079146,17.26320468516205,56.35069971211213,84
D_nsga2_flc_efficiency,dense,fault_noise_spike_sev3,noise_spike,60.0,0,404653,False,True,False,False,227.99999999999997,400,2.791591238013217,15.060588109864229,76.34585367472117,114
D_nsga2_flc_efficiency,dense,fault_noise_spike_sev3,noise_spike,60.0,1,215753,False,True,False,False,112.0,400,1.713140420365317,11.900298872942614,86.52974828339141,56
D_nsga2_flc_efficiency,dense,fault_noise_spike_sev3,noise_spike,60.0,2,944924,False,True,False,False,16.0,400,2.9654989217144876,25.77,103.5398259091911,8
D_nsga2_flc_efficiency,dense,fault_noise_spike_sev3,noise_spike,60.0,3,12413,False,True,False,False,100.0,400,2.078135679366435,11.449884409913743,91.94609535276102,50
D_nsga2_flc_efficiency,dense,fault_noise_spike_sev3,noise_spike,60.0,4,839153,False,True,False,False,58.0,400,2.1001631739418465,19.61246200942377,69.57552910829921,29
D_nsga2_flc_efficiency,dense,fault_noise_spike_sev3,noise_spike,60.0,5,26206,False,True,False,False,151.99999999999997,400,1.669043261019239,14.158113686097536,8.615320661241974,76
D_nsga2_flc_efficiency,dense,fault_noise_spike_sev3,noise_spike,60.0,6,85702,False,True,False,False,96.00000000000001,400,1.7005521007236937,12.465942719198573,74.92325518917583,48
D_nsga2_flc_efficiency,dense,fault_noise_spike_sev3,noise_spike,60.0,7,720542,False,True,False,False,75.99999999999999,400,1.9167475916747305,4.075371104845584,52.685603615283874,38
D_nsga2_flc_efficiency,dense,fault_noise_spike_sev3,noise_spike,60.0,8,43194,True,False,False,False,288.0,144,3.62322244497616,17.653307762976088,3.239416170515886,144
D_nsga2_flc_efficiency,dense,fault_noise_spike_sev3,noise_spike,60.0,9,76840,False,True,False,False,30.000000000000004,400,1.6836161275487218,23.334676532350827,89.41442967922299,15
D_nsga2_flc_efficiency,dense,fault_noise_spike_sev3,noise_spike,60.0,10,827195,False,True,False,False,114.0,400,2.809140492355707,17.942441468528592,91.28656738258675,57
D_nsga2_flc_efficiency,dense,fault_noise_spike_sev3,noise_spike,60.0,11,891107,False,True,False,False,118.0,400,2.352098250066311,12.396092644943472,20.97591821443982,59
D_nsga2_flc_efficiency,dense,fault_noise_spike_sev3,noise_spike,60.0,12,419585,False,True,False,False,57.999999999999986,400,1.767508928654467,5.385199903936645,75.71199891283935,29
D_nsga2_flc_efficiency,dense,fault_noise_spike_sev3,noise_spike,60.0,13,197278,False,True,False,False,70.0,400,3.4626781533267934,12.422906042363998,50.8477853315001,35
D_nsga2_flc_efficiency,dense,fault_noise_spike_sev3,noise_spike,60.0,14,662269,False,True,False,False,210.00000000000003,400,1.6180529688450092,13.769288768782928,124.37568128350311,105
D_nsga2_flc_efficiency,dense,fault_noise_spike_sev3,noise_spike,60.0,15,666954,False,True,False,False,26.0,400,2.0092868738907286,21.23697890117168,95.63203962799886,13
D_nsga2_flc_efficiency,dense,fault_noise_spike_sev3,noise_spike,60.0,16,764983,False,True,False,False,56.0,400,3.2817060777588756,14.618849239413754,69.26519547168263,28
D_nsga2_flc_efficiency,dense,fault_noise_spike_sev3,noise_spike,60.0,17,888532,False,True,False,False,18.000000000000004,400,2.8451180138396435,13.654129222260492,100.82294322106947,9
D_nsga2_flc_efficiency,dense,fault_noise_spike_sev3,noise_spike,60.0,18,155719,False,True,False,False,116.0,400,2.285920038041886,20.87264661931134,91.73233326665726,58
D_nsga2_flc_efficiency,dense,fault_noise_spike_sev3,noise_spike,60.0,19,579943,False,True,False,False,114.0,400,2.976309327596378,10.943117655921638,60.68444435091042,57
D_nsga2_flc_efficiency,dense,fault_noise_spike_sev3,noise_spike,60.0,20,727353,False,True,False,False,124.00000000000003,400,3.412561282125519,11.826359931676746,8.520805717372914,62
D_nsga2_flc_efficiency,dense,fault_noise_spike_sev3,noise_spike,60.0,21,6151,False,True,False,False,17.999999999999996,400,3.820078929348775,23.384697940020786,103.06868870940873,9
D_nsga2_flc_efficiency,dense,fault_noise_spike_sev3,noise_spike,60.0,22,710788,False,True,False,False,117.99999999999999,400,1.6285422326438637,12.799286399914878,74.59097325681864,59
D_nsga2_flc_efficiency,dense,fault_noise_spike_sev3,noise_spike,60.0,23,138531,False,True,False,False,100.00000000000001,400,1.7129556540274786,14.590462638992497,70.11800286779591,50
D_nsga2_flc_efficiency,dense,fault_noise_spike_sev3,noise_spike,60.0,24,281206,False,True,False,False,106.0,400,2.0610159700149553,14.62636619997193,24.88549559255265,53
D_nsga2_flc_efficiency,dense,fault_noise_spike_sev3,noise_spike,60.0,25,90320,False,True,False,False,72.0,400,3.7896056326262726,22.763855799549443,52.77344700321323,36
D_nsga2_flc_efficiency,dense,fault_noise_spike_sev3,noise_spike,60.0,26,473688,False,True,False,False,110.0,400,1.9459563883574715,15.811280172139368,91.38846399233235,55
D_nsga2_flc_efficiency,dense,fault_noise_spike_sev3,noise_spike,60.0,27,950752,False,True,False,False,28.0,400,2.2509233942241598,15.862698277649912,92.96354790414127,14
D_nsga2_flc_efficiency,dense,fault_noise_spike_sev3,noise_spike,60.0,28,974050,False,True,False,False,108.0,400,2.130757840214996,15.770059890905456,72.9770932748465,54
D_nsga2_flc_efficiency,dense,fault_noise_spike_sev3,noise_spike,60.0,29,162968,False,True,False,False,192.0,400,3.121172774536529,13.745285067598028,86.56924136756162,96
D_nsga2_flc_efficiency,dense,fault_noise_spike_sev3,noise_spike,60.0,30,247501,False,True,False,False,240.0,400,2.11671422137479,10.476192091369269,92.47550417951841,120
D_nsga2_flc_efficiency,dense,fault_noise_spike_sev3,noise_spike,60.0,31,611736,False,True,False,False,88.0,400,2.7266524736608053,11.658905382661619,76.88438503157367,44
D_nsga2_flc_efficiency,dense,fault_noise_spike_sev3,noise_spike,60.0,32,202663,False,True,False,False,14.000000000000002,400,1.7757684647178145,3.9469905964489587,104.93095644663778,7
D_nsga2_flc_efficiency,dense,fault_noise_spike_sev3,noise_spike,60.0,33,749349,False,True,False,False,46.00000000000001,400,2.6860153667732916,6.271478718705333,87.87185997383236,23
D_nsga2_flc_efficiency,dense,fault_noise_spike_sev3,noise_spike,60.0,34,67944,False,True,False,False,64.0,400,2.495945719239321,9.063809608535765,66.96906624688964,32
D_nsga2_flc_efficiency,dense,fault_noise_spike_sev3,noise_spike,60.0,35,667972,False,True,False,False,50.000000000000014,400,2.5081341106820227,13.65014536705728,70.11154374968388,25
D_nsga2_flc_efficiency,dense,fault_noise_spike_sev3,noise_spike,60.0,36,284085,False,True,False,False,276.0,400,1.9874923766071981,18.738417942018703,125.69764189651254,138
D_nsga2_flc_efficiency,dense,fault_noise_spike_sev3,noise_spike,60.0,37,56648,False,True,False,False,74.0,400,1.856617083884225,14.006632480149644,46.184105066963575,37
D_nsga2_flc_efficiency,dense,fault_noise_spike_sev3,noise_spike,60.0,38,883846,True,False,False,False,120.00000000000001,60,4.672883368239458,9.03063228273916,2.918474164429204,60
D_nsga2_flc_efficiency,dense,fault_noise_spike_sev3,noise_spike,60.0,39,542999,False,True,False,False,38.00000000000001,400,1.6454878894374514,20.218907257751848,81.43494357335032,19
D_nsga2_flc_efficiency,dense,fault_noise_spike_sev3,noise_spike,60.0,40,876790,False,True,False,False,48.0,400,2.349391457238484,9.593020744134476,73.79048752623024,24
D_nsga2_flc_efficiency,dense,fault_noise_spike_sev3,noise_spike,60.0,41,864562,False,True,False,False,86.0,400,2.1626904518665535,16.704480407323782,80.25186318188308,43
D_nsga2_flc_efficiency,dense,fault_noise_spike_sev3,noise_spike,60.0,42,110485,False,True,False,False,142.0,400,1.6173080711739922,7.7612254770545706,81.52476725392381,71
D_nsga2_flc_efficiency,dense,fault_noise_spike_sev3,noise_spike,60.0,43,8300,False,True,False,False,164.0,400,2.167528592130675,18.132388240735494,11.589771006827824,82
D_nsga2_flc_efficiency,dense,fault_noise_spike_sev3,noise_spike,60.0,44,503793,False,True,False,False,116.0,400,2.050002145166446,19.193738482744063,92.23631796296742,58
D_nsga2_flc_efficiency,dense,fault_noise_spike_sev3,noise_spike,60.0,45,352372,False,True,False,False,20.0,400,2.034942065025135,13.182565608791842,99.55472091003318,10
D_nsga2_flc_efficiency,dense,fault_noise_spike_sev3,noise_spike,60.0,46,454845,False,True,False,False,20.0,400,1.822646431858015,11.49311765218445,99.44629714425318,10
D_nsga2_flc_efficiency,dense,fault_noise_spike_sev3,noise_spike,60.0,47,837206,False,True,False,False,28.0,400,2.2654317145485092,7.891198461132192,94.54092573781098,14
D_nsga2_flc_efficiency,dense,fault_noise_spike_sev3,noise_spike,60.0,48,834851,False,True,False,False,40.00000000000001,400,2.146265933657858,13.376913750872285,80.5289953571991,20
D_nsga2_flc_efficiency,dense,fault_noise_spike_sev3,noise_spike,60.0,49,457512,False,True,False,False,122.0,400,3.4365191564881217,19.246780451585114,27.638286445982136,61
E_ann_imitator,sparse,clean,,,0,404653,False,True,False,False,222.0,400,1.7572304554866176,3.357887983299514,61.3790877418858,111
E_ann_imitator,sparse,clean,,,1,215753,False,True,False,False,100.0,400,1.689306900075749,6.113133411103048,90.98415207012269,50
E_ann_imitator,sparse,clean,,,2,944924,False,True,False,False,210.00000000000003,400,1.964058495310782,3.1527587226144003,78.35807966799234,105
E_ann_imitator,sparse,clean,,,3,12413,False,True,False,False,110.0,400,2.5580812913459225,5.220576302323191,86.33895806235874,55
E_ann_imitator,sparse,clean,,,4,839153,False,False,True,False,800.0,400,5.838251348674256,2.537576064115533,70.0015084263324,400
E_ann_imitator,sparse,clean,,,5,26206,False,True,False,False,103.99999999999999,400,1.702862252014957,5.9942376830593735,68.75594825912523,52
E_ann_imitator,sparse,clean,,,6,85702,False,True,False,False,488.0,400,1.5555721339944921,3.6645303397092346,41.08075089853841,244
E_ann_imitator,sparse,clean,,,7,720542,False,True,False,False,413.99999999999994,400,2.0132035870946248,2.7328235506599468,40.166304344881205,207
E_ann_imitator,sparse,clean,,,8,43194,False,True,False,False,632.0,400,2.826382546656452,3.020209985543981,55.85323484414642,316
E_ann_imitator,sparse,clean,,,9,76840,False,True,False,False,576.0,400,1.6048381666379452,3.456029749045792,63.19509298504108,288
E_ann_imitator,sparse,clean,,,10,827195,False,False,True,False,800.0,400,3.7669684861662365,3.812423452522329,64.65162764110454,400
E_ann_imitator,sparse,clean,,,11,891107,False,True,False,False,114.0,400,2.308975788255399,3.118459200725274,54.232757542741794,57
E_ann_imitator,sparse,clean,,,12,419585,False,True,False,False,484.0,400,2.505075876089947,2.9788134702685443,73.73837818180418,242
E_ann_imitator,sparse,clean,,,13,197278,False,True,False,False,48.00000000000001,400,2.117573429982646,8.414328897309483,70.92442733234735,24
E_ann_imitator,sparse,clean,,,14,662269,False,True,False,False,96.00000000000001,400,1.5915146763119108,3.8775519017699813,91.02145839748829,48
E_ann_imitator,sparse,clean,,,15,666954,False,True,False,False,21.999999999999996,400,2.9777144846386685,15.725502326475722,100.48842480557083,11
E_ann_imitator,sparse,clean,,,16,764983,False,False,True,False,800.0,400,3.3232612832134665,3.8515384518828206,33.90865610159495,400
E_ann_imitator,sparse,clean,,,17,888532,False,False,True,False,800.0,400,4.158090543417135,2.9296674560094482,54.488994016922206,400
E_ann_imitator,sparse,clean,,,18,155719,False,False,True,False,800.0,400,3.2137394726100106,2.431275446984264,44.120530833224166,400
E_ann_imitator,sparse,clean,,,19,579943,False,True,False,False,44.0,400,2.3263702248905394,7.873664191686232,75.45583745405791,22
E_ann_imitator,sparse,clean,,,20,727353,False,True,False,False,107.99999999999999,400,1.9619176301718348,3.5598409386818948,28.74323574597538,54
E_ann_imitator,sparse,clean,,,21,6151,False,True,False,False,94.00000000000001,400,1.971303652510998,4.560555218787984,90.60316376818233,47
E_ann_imitator,sparse,clean,,,22,710788,False,False,True,False,800.0,400,5.238355162543054,3.307847004088546,79.39362994281554,400
E_ann_imitator,sparse,clean,,,23,138531,False,True,False,False,68.0,400,2.881769414422788,4.07924637142368,87.20727635004404,34
E_ann_imitator,sparse,clean,,,24,281206,False,True,False,False,266.0,400,2.245253011934263,2.718415976256989,60.461889011101185,133
E_ann_imitator,sparse,clean,,,25,90320,False,False,True,False,800.0,400,3.6121301766625367,2.5873300351142596,60.036820521302495,400
E_ann_imitator,sparse,clean,,,26,473688,False,True,False,False,254.00000000000003,400,3.0839781051271435,2.6204276364830545,73.07295164008016,127
E_ann_imitator,sparse,clean,,,27,950752,False,True,False,False,24.0,400,2.5573261121142523,18.1873903974081,97.25833925564065,12
E_ann_imitator,sparse,clean,,,28,974050,False,True,False,False,93.99999999999999,400,2.100714491189299,3.381421722642517,88.55706209345794,47
E_ann_imitator,sparse,clean,,,29,162968,False,True,False,False,556.0,400,2.5543382037807687,2.1904316523086584,35.54020731113839,278
E_ann_imitator,sparse,clean,,,30,247501,False,True,False,False,70.00000000000001,400,2.586454062195553,4.495221577860939,84.62708360417041,35
E_ann_imitator,sparse,clean,,,31,611736,False,True,False,False,95.99999999999999,400,2.033925590330121,3.349627285620624,90.76431702664753,48
E_ann_imitator,sparse,clean,,,32,202663,False,True,False,False,43.99999999999999,400,2.6222908886795566,9.415623393466246,81.75850890022254,22
E_ann_imitator,sparse,clean,,,33,749349,False,True,False,False,54.0,400,2.2754757016728315,2.918160558919491,69.09134802964701,27
E_ann_imitator,sparse,clean,,,34,67944,False,True,False,False,95.99999999999999,400,1.8888928974791717,4.6378221250898575,90.71546065306771,48
E_ann_imitator,sparse,clean,,,35,667972,False,True,False,False,420.0,400,2.2633139272951843,2.813232669433285,55.23762517126034,210
E_ann_imitator,sparse,clean,,,36,284085,False,False,True,False,800.0,400,2.0875965956354112,2.3053655201696786,48.82539552901013,400
E_ann_imitator,sparse,clean,,,37,56648,False,True,False,False,106.0,400,1.936241244302763,5.360609611111141,92.00577314782196,53
E_ann_imitator,sparse,clean,,,38,883846,False,True,False,False,72.0,400,2.891704813733228,6.218554162837191,84.85330415588514,36
E_ann_imitator,sparse,clean,,,39,542999,False,True,False,False,98.0,400,1.983840080229499,5.8830566526626615,90.58328885418157,49
E_ann_imitator,sparse,clean,,,40,876790,False,False,True,False,800.0,400,2.7405290346358746,4.15957607863679,49.120516589767796,400
E_ann_imitator,sparse,clean,,,41,864562,False,True,False,False,43.99999999999999,400,2.0123705686042177,8.054287009581602,84.43448911720067,22
E_ann_imitator,sparse,clean,,,42,110485,False,True,False,False,132.00000000000003,400,2.4002327330600592,3.468903048175889,92.98264750477776,66
E_ann_imitator,sparse,clean,,,43,8300,False,True,False,False,101.99999999999999,400,2.0994513124418557,4.119330581108653,91.79756035261217,51
E_ann_imitator,sparse,clean,,,44,503793,False,True,False,False,120.0,400,2.0059410538677156,5.114673297680939,80.01600010794,60
E_ann_imitator,sparse,clean,,,45,352372,False,True,False,False,128.00000000000003,400,2.263376280505008,4.316154209393421,67.92117872872198,64
E_ann_imitator,sparse,clean,,,46,454845,False,True,False,False,766.0,400,2.0949804919567154,2.5798284658843165,42.610405046918096,383
E_ann_imitator,sparse,clean,,,47,837206,False,False,True,False,800.0,400,2.769110661609093,3.1448623040287664,62.82040079572657,400
E_ann_imitator,sparse,clean,,,48,834851,False,True,False,False,46.0,400,1.8653421631354086,8.046545566647143,86.12409947787648,23
E_ann_imitator,sparse,clean,,,49,457512,False,False,True,False,800.0,400,2.086214401759666,3.711919273742883,94.04328941030367,400
E_ann_imitator,sparse,fault_dropout,dropout,,0,404653,False,True,False,False,142.0,400,2.327539112649453,1.9436368061473681,53.29245976636994,71
E_ann_imitator,sparse,fault_dropout,dropout,,1,215753,False,True,False,False,100.0,400,1.5192985666999337,5.247760192201501,91.85417255697557,50
E_ann_imitator,sparse,fault_dropout,dropout,,2,944924,False,True,False,False,736.0,400,2.123131060923859,3.5349045094088765,78.4883300675527,368
E_ann_imitator,sparse,fault_dropout,dropout,,3,12413,False,True,False,False,80.0,400,2.1844762089885865,5.958404120990589,98.57849790124557,40
E_ann_imitator,sparse,fault_dropout,dropout,,4,839153,False,False,True,False,800.0,400,2.1694115236350506,2.5476900305498043,64.19201885886731,400
E_ann_imitator,sparse,fault_dropout,dropout,,5,26206,False,False,True,False,800.0,400,2.0524248894030994,2.7765252237772207,66.82339995173675,400
E_ann_imitator,sparse,fault_dropout,dropout,,6,85702,False,True,False,False,476.0,400,3.171006545237493,2.756961557942335,39.674245620687344,238
E_ann_imitator,sparse,fault_dropout,dropout,,7,720542,False,True,False,False,107.99999999999997,400,1.6942402617297725,2.14350846548268,46.446134431153496,54
E_ann_imitator,sparse,fault_dropout,dropout,,8,43194,False,True,False,False,740.0,400,2.2806205233506316,2.7521828469487004,66.62644608372064,370
E_ann_imitator,sparse,fault_dropout,dropout,,9,76840,False,True,False,False,108.0,400,2.4405230457187783,3.391646905916128,80.60298444037747,54
E_ann_imitator,sparse,fault_dropout,dropout,,10,827195,False,True,False,False,97.99999999999999,400,1.965472732659971,4.883153745571175,51.29109771351034,49
E_ann_imitator,sparse,fault_dropout,dropout,,11,891107,False,True,False,False,110.0,400,2.2636551699840046,2.4821716994458147,54.393999257208236,55
E_ann_imitator,sparse,fault_dropout,dropout,,12,419585,False,False,True,False,800.0,400,3.0285268331942987,2.7928362601993744,51.313847246844134,400
E_ann_imitator,sparse,fault_dropout,dropout,,13,197278,False,True,False,False,48.0,400,2.177088502608014,6.237448574030388,70.92667176806603,24
E_ann_imitator,sparse,fault_dropout,dropout,,14,662269,False,True,False,False,98.00000000000001,400,2.630487218154131,2.0281693693058025,88.5970036771407,49
E_ann_imitator,sparse,fault_dropout,dropout,,15,666954,False,True,False,False,21.999999999999996,400,2.9777144846386685,15.725502326475722,100.48842480557083,11
E_ann_imitator,sparse,fault_dropout,dropout,,16,764983,True,False,False,False,116.00000000000003,58,3.0509605031807876,2.8597092047113373,3.9158321386111763,58
E_ann_imitator,sparse,fault_dropout,dropout,,17,888532,False,True,False,False,222.0,400,1.5700812418095826,3.2566958957953545,27.082069790180544,111
E_ann_imitator,sparse,fault_dropout,dropout,,18,155719,False,False,True,False,800.0,400,4.868383395473926,2.412907738315857,44.038935262491385,400
E_ann_imitator,sparse,fault_dropout,dropout,,19,579943,False,True,False,False,44.0,400,2.1835195939652325,14.331405823865742,75.38440010934679,22
E_ann_imitator,sparse,fault_dropout,dropout,,20,727353,False,True,False,False,136.0,400,1.792526063871099,3.073096563155717,82.39591505974029,68
E_ann_imitator,sparse,fault_dropout,dropout,,21,6151,False,True,False,False,96.00000000000001,400,2.556445284751844,4.230951345904404,81.31255089405664,48
E_ann_imitator,sparse,fault_dropout,dropout,,22,710788,False,True,False,False,145.99999999999997,400,2.8087691608316443,4.114546292372075,90.93200875903047,73
E_ann_imitator,sparse,fault_dropout,dropout,,23,138531,False,True,False,False,78.0,400,2.1111768982718653,4.647755917230362,91.34223303743188,39
E_ann_imitator,sparse,fault_dropout,dropout,,24,281206,False,True,False,False,277.99999999999994,400,2.676600049282452,2.3422111726884998,60.48073969259604,139
E_ann_imitator,sparse,fault_dropout,dropout,,25,90320,False,True,False,False,74.00000000000001,400,2.270649352308805,1.8526848473543407,47.34542400617796,37
E_ann_imitator,sparse,fault_dropout,dropout,,26,473688,False,True,False,False,120.0,400,2.7319849607614834,2.497085238741373,20.608968380838167,60
E_ann_imitator,sparse,fault_dropout,dropout,,27,950752,False,True,False,False,24.0,400,2.5573261121142523,18.1873903974081,97.25833925564065,12
E_ann_imitator,sparse,fault_dropout,dropout,,28,974050,False,True,False,False,94.0,400,1.9978831772089982,3.0919202031281574,86.79345989944649,47
E_ann_imitator,sparse,fault_dropout,dropout,,29,162968,False,True,False,False,113.99999999999999,400,1.5619433156686564,4.187962870943171,27.978291215385237,57
E_ann_imitator,sparse,fault_dropout,dropout,,30,247501,False,True,False,False,70.00000000000001,400,2.585407311059062,4.443988531343559,84.62658388995068,35
E_ann_imitator,sparse,fault_dropout,dropout,,31,611736,False,True,False,False,98.0,400,1.877500728886326,3.151657763801792,74.3305552879477,49
E_ann_imitator,sparse,fault_dropout,dropout,,32,202663,False,True,False,False,43.99999999999999,400,2.6222908886795566,9.415623393466246,81.75850890022254,22
E_ann_imitator,sparse,fault_dropout,dropout,,33,749349,False,True,False,False,54.0,400,2.2699402430345943,3.2490133016774703,69.79308542306511,27
E_ann_imitator,sparse,fault_dropout,dropout,,34,67944,False,True,False,False,39.99999999999999,400,1.5961861005949862,9.484386020929282,80.52821547175364,20
E_ann_imitator,sparse,fault_dropout,dropout,,35,667972,False,True,False,False,98.0,400,3.2251255917157735,3.653999029963796,65.94530814218088,49
E_ann_imitator,sparse,fault_dropout,dropout,,36,284085,False,True,False,False,81.99999999999999,400,2.252226137609011,2.319735440409175,40.86806793043807,41
E_ann_imitator,sparse,fault_dropout,dropout,,37,56648,False,True,False,False,102.0,400,1.5250662760556242,4.713690426712642,93.42825134678777,51
E_ann_imitator,sparse,fault_dropout,dropout,,38,883846,False,True,False,False,80.00000000000001,400,2.668604712748286,6.341442662024241,91.63970066297888,40
E_ann_imitator,sparse,fault_dropout,dropout,,39,542999,False,True,False,False,92.0,400,1.88919080525849,5.545323157845483,92.62476651861235,46
E_ann_imitator,sparse,fault_dropout,dropout,,40,876790,False,True,False,False,92.0,400,2.580556306502942,5.447998046696639,91.04476199187897,46
E_ann_imitator,sparse,fault_dropout,dropout,,41,864562,False,True,False,False,40.0,400,2.354514948860772,9.014729482105235,81.49080085265238,20
E_ann_imitator,sparse,fault_dropout,dropout,,42,110485,False,True,False,False,126.0,400,2.2133189616178837,2.971155692136599,83.57288375048078,63
E_ann_imitator,sparse,fault_dropout,dropout,,43,8300,False,True,False,False,100.0,400,2.400378388489195,4.070635810953552,90.96375573430485,50
E_ann_imitator,sparse,fault_dropout,dropout,,44,503793,False,True,False,False,235.99999999999997,400,1.9425653767852586,5.210388805558184,91.62910925118479,118
E_ann_imitator,sparse,fault_dropout,dropout,,45,352372,True,False,False,False,132.0,66,3.7735650817481807,3.703046977436082,3.2061838442501274,66
E_ann_imitator,sparse,fault_dropout,dropout,,46,454845,False,True,False,False,106.0,400,2.3284300954012944,2.183577085049461,36.45795245080797,53
E_ann_imitator,sparse,fault_dropout,dropout,,47,837206,False,True,False,False,196.0,400,3.003523635310936,2.946528889149787,69.45467388528594,98
E_ann_imitator,sparse,fault_dropout,dropout,,48,834851,False,True,False,False,46.0,400,1.8653421631354086,8.046545566647143,86.12409947787648,23
E_ann_imitator,sparse,fault_dropout,dropout,,49,457512,False,True,False,False,140.0,400,1.838007013695505,3.0291697135527853,68.6763450586729,70
E_ann_imitator,sparse,fault_bias,bias,,0,404653,False,True,False,False,61.99999999999999,400,2.447637701050949,4.059513518583931,59.0950078812254,31
E_ann_imitator,sparse,fault_bias,bias,,1,215753,False,True,False,False,106.0,400,2.546144035580483,5.164703344507169,90.44116913398986,53
E_ann_imitator,sparse,fault_bias,bias,,2,944924,False,True,False,False,212.0,400,1.8698433771446836,3.154056713659893,100.06215531478746,106
E_ann_imitator,sparse,fault_bias,bias,,3,12413,False,True,False,False,80.0,400,2.3179364762851797,5.785113128802798,98.817556888398,40
E_ann_imitator,sparse,fault_bias,bias,,4,839153,False,True,False,False,266.0,400,1.5604230931663727,5.1306331619942815,38.01323379303239,133
E_ann_imitator,sparse,fault_bias,bias,,5,26206,False,True,False,False,65.99999999999999,400,1.7053329420573793,5.040354400753206,101.97216107737601,33
E_ann_imitator,sparse,fault_bias,bias,,6,85702,False,True,False,False,254.0,400,1.632804215251469,2.720618298861148,29.768167757576343,127
E_ann_imitator,sparse,fault_bias,bias,,7,720542,False,True,False,False,106.0,400,2.971954046180038,2.098135803670861,40.85860294834925,53
E_ann_imitator,sparse,fault_bias,bias,,8,43194,False,True,False,False,78.0,400,3.3210472342184745,6.527894733177904,45.09326272067666,39
E_ann_imitator,sparse,fault_bias,bias,,9,76840,False,True,False,False,100.0,400,1.6044821173912704,6.023343032953737,33.99195538076029,50
E_ann_imitator,sparse,fault_bias,bias,,10,827195,False,True,False,False,109.99999999999999,400,2.337513491074359,7.788015633529616,75.12441363756164,55
E_ann_imitator,sparse,fault_bias,bias,,11,891107,False,True,False,False,108.0,400,3.102031621864238,2.5290033930255,53.582728552341315,54
E_ann_imitator,sparse,fault_bias,bias,,12,419585,False,True,False,False,232.0,400,2.536787996230885,1.8505894466518262,78.3561797830492,116
E_ann_imitator,sparse,fault_bias,bias,,13,197278,False,True,False,False,48.00000000000001,400,1.7822621470025677,10.730772845098036,70.992269922299,24
E_ann_imitator,sparse,fault_bias,bias,,14,662269,False,False,True,False,800.0,400,4.414073173422609,13.869042527558266,68.35272740529736,400
E_ann_imitator,sparse,fault_bias,bias,,15,666954,False,True,False,False,21.999999999999996,400,2.9777144846386685,15.725502326475722,100.48842480557083,11
E_ann_imitator,sparse,fault_bias,bias,,16,764983,False,True,False,False,148.0,400,1.7135466546211857,5.900836802527838,93.2375779141488,74
E_ann_imitator,sparse,fault_bias,bias,,17,888532,False,True,False,False,382.0,400,2.333465215799024,3.7485844670723067,34.822860770177954,191
E_ann_imitator,sparse,fault_bias,bias,,18,155719,False,True,False,False,312.0,400,1.5432746981590617,2.6334696853777824,40.46855438318329,156
E_ann_imitator,sparse,fault_bias,bias,,19,579943,False,True,False,False,44.0,400,2.195269725231644,11.7580062717369,75.37790799809947,22
E_ann_imitator,sparse,fault_bias,bias,,20,727353,False,True,False,False,383.99999999999994,400,1.9468931634680589,5.174997472056073,54.901883421997326,192
E_ann_imitator,sparse,fault_bias,bias,,21,6151,False,True,False,False,72.0,400,2.415145756154209,4.512769393131163,80.4310996226403,36
E_ann_imitator,sparse,fault_bias,bias,,22,710788,False,True,False,False,288.0,400,1.9882642851625023,2.3268118771871245,24.268750210947424,144
E_ann_imitator,sparse,fault_bias,bias,,23,138531,False,True,False,False,114.0,400,2.948079602327422,7.838122961500259,49.24587163523886,57
E_ann_imitator,sparse,fault_bias,bias,,24,281206,False,True,False,False,202.0,400,2.010914254054899,2.6569644210805037,84.05257378507623,101
E_ann_imitator,sparse,fault_bias,bias,,25,90320,False,True,False,False,74.00000000000001,400,2.5370626895465125,1.422820699372274,47.05924381597486,37
E_ann_imitator,sparse,fault_bias,bias,,26,473688,False,True,False,False,120.0,400,1.9137542160355154,2.3927107427288736,20.968784199867432,60
E_ann_imitator,sparse,fault_bias,bias,,27,950752,False,True,False,False,24.0,400,2.5573261121142523,18.1873903974081,97.25833925564065,12
E_ann_imitator,sparse,fault_bias,bias,,28,974050,False,True,False,False,73.99999999999999,400,2.3573411053386812,3.6141096011731144,91.4415149708861,37
E_ann_imitator,sparse,fault_bias,bias,,29,162968,False,True,False,False,276.0,400,3.748878248333601,4.129838912904067,102.67519633621139,138
E_ann_imitator,sparse,fault_bias,bias,,30,247501,False,True,False,False,70.00000000000001,400,2.6292998564862127,4.853326608979926,84.14249176703646,35
E_ann_imitator,sparse,fault_bias,bias,,31,611736,False,True,False,False,72.0,400,2.39570531747037,3.8506614985043806,93.25558225256053,36
E_ann_imitator,sparse,fault_bias,bias,,32,202663,False,True,False,False,43.99999999999999,400,2.6222908886795566,9.415623393466246,81.75850890022254,22
E_ann_imitator,sparse,fault_bias,bias,,33,749349,False,True,False,False,99.99999999999997,400,1.7968789174381021,2.8277539231782574,48.06012798668504,50
E_ann_imitator,sparse,fault_bias,bias,,34,67944,False,True,False,False,75.99999999999999,400,2.113133598367812,5.137705886016574,92.3050756827242,38
E_ann_imitator,sparse,fault_bias,bias,,35,667972,False,True,False,False,90.0,400,2.791299990204911,4.2040357257878735,66.88375532249879,45
E_ann_imitator,sparse,fault_bias,bias,,36,284085,False,True,False,False,82.0,400,2.5444741248364413,3.324625881805617,39.85424151743022,41
E_ann_imitator,sparse,fault_bias,bias,,37,56648,False,True,False,False,82.0,400,2.2048070049890423,5.19361614105544,78.97785995508374,41
E_ann_imitator,sparse,fault_bias,bias,,38,883846,False,True,False,False,54.00000000000001,400,2.6162669130732183,8.596121896279342,98.11619756244302,27
E_ann_imitator,sparse,fault_bias,bias,,39,542999,False,True,False,False,76.0,400,2.4971429894835904,6.319152518155639,96.02249933403782,38
E_ann_imitator,sparse,fault_bias,bias,,40,876790,False,True,False,False,107.99999999999999,400,1.7288715380560011,4.100930814380775,31.877178095737627,54
E_ann_imitator,sparse,fault_bias,bias,,41,864562,False,True,False,False,52.0,400,2.244380519300233,5.7869648599652805,99.84983125711281,26
E_ann_imitator,sparse,fault_bias,bias,,42,110485,False,True,False,False,126.0,400,3.4116869767823355,2.893665333969688,82.47976742223841,63
E_ann_imitator,sparse,fault_bias,bias,,43,8300,False,True,False,False,95.99999999999999,400,2.1656883966652054,4.110351293262046,92.54353846948177,48
E_ann_imitator,sparse,fault_bias,bias,,44,503793,False,True,False,False,116.0,400,2.2433966104242145,5.336386130496615,86.44993563546522,58
E_ann_imitator,sparse,fault_bias,bias,,45,352372,False,True,False,False,108.0,400,2.8047911226780293,4.370341582608807,32.22280852461137,54
E_ann_imitator,sparse,fault_bias,bias,,46,454845,False,True,False,False,104.0,400,3.218832690058851,1.9831711221606634,42.80051831291336,52
E_ann_imitator,sparse,fault_bias,bias,,47,837206,False,True,False,False,385.99999999999994,400,2.3357181251079258,3.413430212130298,74.25013940916558,193
E_ann_imitator,sparse,fault_bias,bias,,48,834851,False,True,False,False,46.0,400,1.8653421631354086,8.046545566647143,86.12409947787648,23
E_ann_imitator,sparse,fault_bias,bias,,49,457512,False,True,False,False,146.0,400,3.214752734842337,3.721300042940336,64.80487691855613,73
E_ann_imitator,sparse,fault_stale,stale,,0,404653,False,False,True,False,800.0,400,4.093752645299822,2.62522606923742,24.190619560248532,400
E_ann_imitator,sparse,fault_stale,stale,,1,215753,False,True,False,False,102.0,400,1.6547600351188874,5.1922281357623,91.45995103418046,51
E_ann_imitator,sparse,fault_stale,stale,,2,944924,False,True,False,False,245.99999999999997,400,2.698191300649595,3.408472536158523,15.891244962878597,123
E_ann_imitator,sparse,fault_stale,stale,,3,12413,False,True,False,False,80.0,400,1.983507440312333,6.071982333302299,98.22252240872571,40
E_ann_imitator,sparse,fault_stale,stale,,4,839153,False,False,True,False,800.0,400,2.149615280709899,2.6190845755538046,74.58066401013556,400
E_ann_imitator,sparse,fault_stale,stale,,5,26206,False,True,False,False,66.0,400,3.3440934694959465,7.920512593386232,99.5132168604162,33
E_ann_imitator,sparse,fault_stale,stale,,6,85702,False,True,False,False,492.0,400,1.509337376506703,3.3024967543226817,41.95939984474484,246
E_ann_imitator,sparse,fault_stale,stale,,7,720542,False,True,False,False,107.99999999999999,400,1.6270769875845157,2.121320721507817,43.85391814882278,54
E_ann_imitator,sparse,fault_stale,stale,,8,43194,False,True,False,False,78.0,400,2.555273656597866,2.0033921841093147,44.571307763832316,39
E_ann_imitator,sparse,fault_stale,stale,,9,76840,False,True,False,False,124.0,400,2.8777338819579446,3.7965816583609846,81.345859534846,62
E_ann_imitator,sparse,fault_stale,stale,,10,827195,False,True,False,False,98.0,400,1.5748578514423757,5.13937543083093,50.2844154894405,49
E_ann_imitator,sparse,fault_stale,stale,,11,891107,False,True,False,False,110.0,400,2.4509057674216956,2.646548484408251,54.2230219222674,55
E_ann_imitator,sparse,fault_stale,stale,,12,419585,False,True,False,False,502.0,400,1.6611886633725634,2.6312737747388066,73.86359533318715,251
E_ann_imitator,sparse,fault_stale,stale,,13,197278,False,True,False,False,126.0,400,2.0312295145112325,4.916092274473223,60.19695322713799,63
E_ann_imitator,sparse,fault_stale,stale,,14,662269,False,True,False,False,94.0,400,2.2994288009042525,3.18152470684056,91.50188460995058,47
E_ann_imitator,sparse,fault_stale,stale,,15,666954,False,True,False,False,21.999999999999996,400,2.9777144846386685,15.725502326475722,100.48842480557083,11
E_ann_imitator,sparse,fault_stale,stale,,16,764983,False,True,False,False,190.0,400,2.7777188230397747,5.422934230077695,38.82723427667936,95
E_ann_imitator,sparse,fault_stale,stale,,17,888532,False,False,True,False,800.0,400,3.2008333808272105,3.0110986721675608,67.10400165956524,400
E_ann_imitator,sparse,fault_stale,stale,,18,155719,False,True,False,False,82.00000000000001,400,2.1822744218628567,2.6241222914277005,41.539218370691536,41
E_ann_imitator,sparse,fault_stale,stale,,19,579943,False,True,False,False,44.0,400,1.852246684958873,12.172376734072737,75.33788524680824,22
E_ann_imitator,sparse,fault_stale,stale,,20,727353,False,True,False,False,89.99999999999999,400,2.069296420991036,3.0157949398840462,44.1736089154851,45
E_ann_imitator,sparse,fault_stale,stale,,21,6151,False,True,False,False,95.99999999999999,400,3.1205881951723358,5.295931810772862,87.14624156657729,48
E_ann_imitator,sparse,fault_stale,stale,,22,710788,False,True,False,False,124.0,400,2.1505232222456123,3.750424646218437,73.62069492509622,62
E_ann_imitator,sparse,fault_stale,stale,,23,138531,False,True,False,False,74.0,400,1.9436421438781513,4.843112365110339,91.78032946170558,37
E_ann_imitator,sparse,fault_stale,stale,,24,281206,False,True,False,False,281.99999999999994,400,1.8714215624324602,2.381257882729921,60.20683595151769,141
E_ann_imitator,sparse,fault_stale,stale,,25,90320,False,True,False,False,74.0,400,2.2977898139174995,1.6239989083114117,47.40436523966081,37
E_ann_imitator,sparse,fault_stale,stale,,26,473688,False,True,False,False,119.99999999999999,400,2.6855660349851687,2.067746828132554,28.020872032273846,60
E_ann_imitator,sparse,fault_stale,stale,,27,950752,False,True,False,False,24.0,400,2.5573261121142523,18.1873903974081,97.25833925564065,12
E_ann_imitator,sparse,fault_stale,stale,,28,974050,False,True,False,False,93.99999999999999,400,2.04622252235178,3.8897401154107993,81.75914504854116,47
E_ann_imitator,sparse,fault_stale,stale,,29,162968,False,True,False,False,116.00000000000003,400,1.915017334793702,2.2665114204200276,27.59237355043137,58
E_ann_imitator,sparse,fault_stale,stale,,30,247501,False,True,False,False,70.00000000000001,400,2.648826169454197,4.9746809357330095,83.99844169199503,35
E_ann_imitator,sparse,fault_stale,stale,,31,611736,False,True,False,False,98.0,400,1.7417125150516513,3.9333775328041556,87.22840664757793,49
E_ann_imitator,sparse,fault_stale,stale,,32,202663,False,True,False,False,43.99999999999999,400,2.6222908886795566,9.415623393466246,81.75850890022254,22
E_ann_imitator,sparse,fault_stale,stale,,33,749349,False,True,False,False,54.0,400,2.4327134337304934,3.287456137805788,69.45724720846191,27
E_ann_imitator,sparse,fault_stale,stale,,34,67944,False,True,False,False,96.0,400,2.2638429983478954,4.697279409736318,86.84265202965805,48
E_ann_imitator,sparse,fault_stale,stale,,35,667972,False,True,False,False,90.0,400,1.6611233043887903,3.7855414115003803,67.5425459102104,45
E_ann_imitator,sparse,fault_stale,stale,,36,284085,False,True,False,False,82.0,400,1.9158383174395504,2.8499106506966614,42.05939570557366,41
E_ann_imitator,sparse,fault_stale,stale,,37,56648,False,True,False,False,97.99999999999999,400,3.2808468923943033,5.014624404019548,91.29262556640423,49
E_ann_imitator,sparse,fault_stale,stale,,38,883846,False,True,False,False,82.0,400,2.4718202213696308,6.203416985463292,91.20851018371252,41
E_ann_imitator,sparse,fault_stale,stale,,39,542999,False,True,False,False,92.0,400,1.780431766794694,5.090605464991949,92.62535138974935,46
E_ann_imitator,sparse,fault_stale,stale,,40,876790,False,True,False,False,107.99999999999999,400,1.9639754102675322,5.113743384012612,32.00705142928843,54
E_ann_imitator,sparse,fault_stale,stale,,41,864562,False,True,False,False,38.0,400,2.349248167593128,17.573196721185504,82.79715928799445,19
E_ann_imitator,sparse,fault_stale,stale,,42,110485,False,True,False,False,126.0,400,2.0702200858852113,3.0156957421290147,84.72413305849474,63
E_ann_imitator,sparse,fault_stale,stale,,43,8300,False,True,False,False,99.99999999999999,400,1.7464657048991232,4.731138608423338,83.97547067247169,50
E_ann_imitator,sparse,fault_stale,stale,,44,503793,False,True,False,False,98.0,400,3.218957974895922,7.71892331446984,53.82088911781055,49
E_ann_imitator,sparse,fault_stale,stale,,45,352372,False,True,False,False,112.0,400,1.7932885690808353,3.790777128818116,44.54528904803088,56
E_ann_imitator,sparse,fault_stale,stale,,46,454845,False,True,False,False,104.0,400,3.502735458480689,1.8920783207989786,43.39686749784578,52
E_ann_imitator,sparse,fault_stale,stale,,47,837206,False,False,True,False,800.0,400,4.00353648226887,3.356154557293704,41.349165347484494,400
E_ann_imitator,sparse,fault_stale,stale,,48,834851,False,True,False,False,46.0,400,1.8653421631354086,8.046545566647143,86.12409947787648,23
E_ann_imitator,sparse,fault_stale,stale,,49,457512,False,True,False,False,146.0,400,2.6512206997515952,3.6655136057930484,64.94667654861671,73
E_ann_imitator,sparse,fault_noise_spike_sev1,noise_spike,12.0,0,404653,False,False,True,False,800.0,400,1.5677818049093026,3.0134278982569267,68.72039552344994,400
E_ann_imitator,sparse,fault_noise_spike_sev1,noise_spike,12.0,1,215753,False,True,False,False,102.0,400,1.7853930304739398,7.5561583118446825,90.64377869617324,51
E_ann_imitator,sparse,fault_noise_spike_sev1,noise_spike,12.0,2,944924,False,True,False,False,552.0000000000001,400,2.2671992612630887,3.8015417870543136,78.07794342405025,276
E_ann_imitator,sparse,fault_noise_spike_sev1,noise_spike,12.0,3,12413,False,True,False,False,88.0,400,2.2467577502708296,10.631447982659038,91.81869187540984,44
E_ann_imitator,sparse,fault_noise_spike_sev1,noise_spike,12.0,4,839153,False,False,True,False,800.0,400,5.832265663733295,2.5793777063167647,70.78756538490528,400
E_ann_imitator,sparse,fault_noise_spike_sev1,noise_spike,12.0,5,26206,False,True,False,False,102.0,400,1.9975826201191615,7.740215140533727,64.49454984879374,51
E_ann_imitator,sparse,fault_noise_spike_sev1,noise_spike,12.0,6,85702,False,True,False,False,488.0,400,3.040658782294462,3.7150250554179736,39.99925014046263,244
E_ann_imitator,sparse,fault_noise_spike_sev1,noise_spike,12.0,7,720542,False,True,False,False,407.99999999999994,400,3.2347450003572464,3.9668258439410238,41.87097282765617,204
E_ann_imitator,sparse,fault_noise_spike_sev1,noise_spike,12.0,8,43194,False,True,False,False,236.0,400,2.3913430569796303,5.584759032674883,61.40229411310087,118
E_ann_imitator,sparse,fault_noise_spike_sev1,noise_spike,12.0,9,76840,False,True,False,False,354.0,400,2.580208363053152,4.326491230370986,76.59974280553287,177
E_ann_imitator,sparse,fault_noise_spike_sev1,noise_spike,12.0,10,827195,False,True,False,False,136.0,400,2.007215991531724,5.396292720619155,91.6270835759667,68
E_ann_imitator,sparse,fault_noise_spike_sev1,noise_spike,12.0,11,891107,False,True,False,False,114.0,400,2.7377163918210345,5.1872005580509715,52.37545494739115,57
E_ann_imitator,sparse,fault_noise_spike_sev1,noise_spike,12.0,12,419585,False,True,False,False,480.0,400,2.568526612377048,3.002925062649872,72.73525819610848,240
E_ann_imitator,sparse,fault_noise_spike_sev1,noise_spike,12.0,13,197278,False,True,False,False,48.0,400,2.4560659912234954,9.805424356101975,70.91310499819542,24
E_ann_imitator,sparse,fault_noise_spike_sev1,noise_spike,12.0,14,662269,False,True,False,False,98.00000000000001,400,2.080884318419713,6.669885178638178,82.05309454167795,49
E_ann_imitator,sparse,fault_noise_spike_sev1,noise_spike,12.0,15,666954,False,True,False,False,21.999999999999996,400,2.9777144846386685,15.725502326475722,100.48842480557083,11
E_ann_imitator,sparse,fault_noise_spike_sev1,noise_spike,12.0,16,764983,False,True,False,False,256.0,400,2.2151400221326276,6.403594382963752,65.47042354965933,128
E_ann_imitator,sparse,fault_noise_spike_sev1,noise_spike,12.0,17,888532,False,False,True,False,800.0,400,3.2884249727808386,3.3507442337564597,64.41101214574924,400
E_ann_imitator,sparse,fault_noise_spike_sev1,noise_spike,12.0,18,155719,False,False,True,False,800.0,400,3.6871811797438716,3.104839030917936,43.46288498778642,400
E_ann_imitator,sparse,fault_noise_spike_sev1,noise_spike,12.0,19,579943,False,True,False,False,44.0,400,2.3488558582410146,8.472291658056438,75.42995441202314,22
E_ann_imitator,sparse,fault_noise_spike_sev1,noise_spike,12.0,20,727353,False,True,False,False,107.99999999999999,400,1.626236821669533,7.775965277417749,34.919365266899725,54
E_ann_imitator,sparse,fault_noise_spike_sev1,noise_spike,12.0,21,6151,False,True,False,False,98.00000000000001,400,2.4854735902783798,8.641507405836606,89.17785969205646,49
E_ann_imitator,sparse,fault_noise_spike_sev1,noise_spike,12.0,22,710788,False,False,True,False,800.0,400,5.4831243793593325,4.051669754464895,77.73550839654877,400
E_ann_imitator,sparse,fault_noise_spike_sev1,noise_spike,12.0,23,138531,False,True,False,False,68.0,400,2.3207513852124784,8.855010777213934,84.92667407201823,34
E_ann_imitator,sparse,fault_noise_spike_sev1,noise_spike,12.0,24,281206,False,True,False,False,272.0,400,2.5038220651082406,3.5455816163611344,60.54969704847439,136
E_ann_imitator,sparse,fault_noise_spike_sev1,noise_spike,12.0,25,90320,False,True,False,False,72.00000000000001,400,2.824329568639528,7.547206361848201,52.91732472074474,36
E_ann_imitator,sparse,fault_noise_spike_sev1,noise_spike,12.0,26,473688,False,True,False,False,252.0,400,2.2118711669210027,4.226192578550043,72.92940297682733,126
E_ann_imitator,sparse,fault_noise_spike_sev1,noise_spike,12.0,27,950752,False,True,False,False,24.0,400,2.5573261121142523,18.1873903974081,97.25833925564065,12
E_ann_imitator,sparse,fault_noise_spike_sev1,noise_spike,12.0,28,974050,False,True,False,False,92.0,400,3.5202922197316133,4.633991529119183,86.06292993514825,46
E_ann_imitator,sparse,fault_noise_spike_sev1,noise_spike,12.0,29,162968,False,False,True,False,800.0,400,3.3047523718112704,2.828482777659618,59.82356898327122,400
E_ann_imitator,sparse,fault_noise_spike_sev1,noise_spike,12.0,30,247501,False,True,False,False,70.00000000000001,400,2.594245640381025,4.578493050306604,84.50435256563115,35
E_ann_imitator,sparse,fault_noise_spike_sev1,noise_spike,12.0,31,611736,False,True,False,False,98.0,400,2.1766698733438425,6.479360248767815,90.27659407388137,49
E_ann_imitator,sparse,fault_noise_spike_sev1,noise_spike,12.0,32,202663,False,True,False,False,43.99999999999999,400,2.6222908886795566,9.415623393466246,81.75850890022254,22
E_ann_imitator,sparse,fault_noise_spike_sev1,noise_spike,12.0,33,749349,False,True,False,False,54.000000000000014,400,1.641957931585019,6.275741352189665,69.51574229265371,27
E_ann_imitator,sparse,fault_noise_spike_sev1,noise_spike,12.0,34,67944,False,True,False,False,97.99999999999999,400,2.160745712466778,7.448419745773274,90.33003835081006,49
E_ann_imitator,sparse,fault_noise_spike_sev1,noise_spike,12.0,35,667972,False,True,False,False,90.0,400,1.798343686189518,9.031536733518635,57.7373590671749,45
E_ann_imitator,sparse,fault_noise_spike_sev1,noise_spike,12.0,36,284085,False,False,True,False,800.0,400,2.876213005437316,2.6370568134019026,49.31300187963792,400
E_ann_imitator,sparse,fault_noise_spike_sev1,noise_spike,12.0,37,56648,False,True,False,False,112.0,400,1.7466625665553368,12.261172222710854,91.70255514124835,56
E_ann_imitator,sparse,fault_noise_spike_sev1,noise_spike,12.0,38,883846,False,True,False,False,93.99999999999999,400,2.1912820376996507,12.513026406033946,90.40689565608378,47
E_ann_imitator,sparse,fault_noise_spike_sev1,noise_spike,12.0,39,542999,False,True,False,False,96.0,400,1.9777023191013063,10.986044848700692,91.14905072570262,48
E_ann_imitator,sparse,fault_noise_spike_sev1,noise_spike,12.0,40,876790,False,False,True,False,800.0,400,2.774878533230391,4.472446964146985,52.70561122486576,400
E_ann_imitator,sparse,fault_noise_spike_sev1,noise_spike,12.0,41,864562,False,True,False,False,44.0,400,2.203630678196885,8.397051703695517,84.2506938821449,22
E_ann_imitator,sparse,fault_noise_spike_sev1,noise_spike,12.0,42,110485,False,True,False,False,132.0,400,2.0272627652602124,5.304898701815503,92.84023410651821,66
E_ann_imitator,sparse,fault_noise_spike_sev1,noise_spike,12.0,43,8300,False,True,False,False,102.0,400,2.049763905417764,5.275464230191042,91.82014260628371,51
E_ann_imitator,sparse,fault_noise_spike_sev1,noise_spike,12.0,44,503793,False,True,False,False,118.0,400,2.427709530759048,6.20248256436552,80.85585598374043,59
E_ann_imitator,sparse,fault_noise_spike_sev1,noise_spike,12.0,45,352372,False,True,False,False,130.0,400,2.9481464755937075,5.630195653304306,67.99365354621123,65
E_ann_imitator,sparse,fault_noise_spike_sev1,noise_spike,12.0,46,454845,False,False,True,False,800.0,400,2.760357782705815,2.878558679122603,60.86916613362417,400
E_ann_imitator,sparse,fault_noise_spike_sev1,noise_spike,12.0,47,837206,False,True,False,False,194.0,400,3.3981875718755905,3.4535383591661457,69.47939451633154,97
E_ann_imitator,sparse,fault_noise_spike_sev1,noise_spike,12.0,48,834851,False,True,False,False,46.0,400,1.8653421631354086,8.046545566647143,86.12409947787648,23
E_ann_imitator,sparse,fault_noise_spike_sev1,noise_spike,12.0,49,457512,False,False,True,False,800.0,400,3.523553470313179,4.285330922596966,94.00870516661246,400
E_ann_imitator,sparse,fault_noise_spike_sev2,noise_spike,30.0,0,404653,False,True,False,False,170.0,400,2.5834325392197663,6.168978147362586,70.66507558672356,85
E_ann_imitator,sparse,fault_noise_spike_sev2,noise_spike,30.0,1,215753,False,True,False,False,106.0,400,2.98459378855008,10.116905370643769,89.9320262821117,53
E_ann_imitator,sparse,fault_noise_spike_sev2,noise_spike,30.0,2,944924,False,True,False,False,552.0,400,2.1636665707918104,4.475659788425413,78.03677738627647,276
E_ann_imitator,sparse,fault_noise_spike_sev2,noise_spike,30.0,3,12413,False,True,False,False,94.00000000000001,400,2.0092455865803647,14.10739288201227,92.69107303426661,47
E_ann_imitator,sparse,fault_noise_spike_sev2,noise_spike,30.0,4,839153,False,False,True,False,800.0,400,5.797152289755208,2.7511795833284567,73.94928688190079,400
E_ann_imitator,sparse,fault_noise_spike_sev2,noise_spike,30.0,5,26206,False,True,False,False,99.99999999999999,400,2.6370699722866924,10.842763839224057,58.496486580655116,50
E_ann_imitator,sparse,fault_noise_spike_sev2,noise_spike,30.0,6,85702,False,True,False,False,108.0,400,2.5854463250205355,8.334457691741973,91.54701178416829,54
E_ann_imitator,sparse,fault_noise_spike_sev2,noise_spike,30.0,7,720542,False,True,False,False,243.99999999999997,400,1.6313660631340758,9.71076352925516,87.77764759404506,122
E_ann_imitator,sparse,fault_noise_spike_sev2,noise_spike,30.0,8,43194,False,True,False,False,232.0,400,1.9589198990812975,8.223156139042985,55.84918005709195,116
E_ann_imitator,sparse,fault_noise_spike_sev2,noise_spike,30.0,9,76840,False,True,False,False,360.0,400,1.619303979351667,6.19625701432383,65.66812452049524,180
E_ann_imitator,sparse,fault_noise_spike_sev2,noise_spike,30.0,10,827195,False,True,False,False,130.0,400,2.315778989515269,7.849209151812976,90.9672105871356,65
E_ann_imitator,sparse,fault_noise_spike_sev2,noise_spike,30.0,11,891107,False,True,False,False,110.0,400,3.564079902726377,6.783503121895646,37.68379383841583,55
E_ann_imitator,sparse,fault_noise_spike_sev2,noise_spike,30.0,12,419585,False,True,False,False,472.0,400,1.838036708085094,4.10464400562895,74.26949741379201,236
E_ann_imitator,sparse,fault_noise_spike_sev2,noise_spike,30.0,13,197278,False,True,False,False,48.0,400,2.168870247103865,14.430369436560605,70.89741583049125,24
E_ann_imitator,sparse,fault_noise_spike_sev2,noise_spike,30.0,14,662269,False,True,False,False,100.00000000000001,400,1.6649001230808087,14.886991587971993,81.60339266285406,50
E_ann_imitator,sparse,fault_noise_spike_sev2,noise_spike,30.0,15,666954,False,True,False,False,21.999999999999996,400,2.9777144846386685,15.725502326475722,100.48842480557083,11
E_ann_imitator,sparse,fault_noise_spike_sev2,noise_spike,30.0,16,764983,False,False,True,False,800.0,400,2.9649501333613886,4.404715737142857,33.20113357810624,400
E_ann_imitator,sparse,fault_noise_spike_sev2,noise_spike,30.0,17,888532,False,True,False,False,101.99999999999999,400,1.905668124486382,11.733272927489988,57.89845395393359,51
E_ann_imitator,sparse,fault_noise_spike_sev2,noise_spike,30.0,18,155719,False,False,True,False,800.0,400,5.006362948377942,3.436133006611531,44.456969912928784,400
E_ann_imitator,sparse,fault_noise_spike_sev2,noise_spike,30.0,19,579943,False,True,False,False,43.99999999999999,400,2.255835469110684,8.646387636136838,75.4530834304966,22
E_ann_imitator,sparse,fault_noise_spike_sev2,noise_spike,30.0,20,727353,False,True,False,False,117.99999999999999,400,2.459551103985876,12.454001129577025,14.679499088514415,59
E_ann_imitator,sparse,fault_noise_spike_sev2,noise_spike,30.0,21,6151,False,True,False,False,98.00000000000001,400,2.062086005971752,10.431394291309356,89.311709717783,49
E_ann_imitator,sparse,fault_noise_spike_sev2,noise_spike,30.0,22,710788,False,False,True,False,800.0,400,5.567903639032137,4.3062927602730445,79.70848483501912,400
E_ann_imitator,sparse,fault_noise_spike_sev2,noise_spike,30.0,23,138531,False,True,False,False,67.99999999999999,400,2.4475556655387747,9.685206110195868,84.07955905104359,34
E_ann_imitator,sparse,fault_noise_spike_sev2,noise_spike,30.0,24,281206,False,True,False,False,282.0,400,2.427062408740277,4.5329789949860535,60.45706188869515,141
E_ann_imitator,sparse,fault_noise_spike_sev2,noise_spike,30.0,25,90320,False,True,False,False,72.0,400,2.9671676178240745,9.435607532427182,51.23053081448192,36
E_ann_imitator,sparse,fault_noise_spike_sev2,noise_spike,30.0,26,473688,False,True,False,False,120.00000000000003,400,2.7595405977221175,5.3157210262466155,26.419218322159633,60
E_ann_imitator,sparse,fault_noise_spike_sev2,noise_spike,30.0,27,950752,False,True,False,False,24.0,400,2.5573261121142523,18.1873903974081,97.25833925564065,12
E_ann_imitator,sparse,fault_noise_spike_sev2,noise_spike,30.0,28,974050,False,True,False,False,91.99999999999999,400,3.176062350070161,7.439601306735366,84.3646244450188,46
E_ann_imitator,sparse,fault_noise_spike_sev2,noise_spike,30.0,29,162968,False,True,False,False,330.0,400,2.285122348959393,3.4428531920657477,35.80053067371498,165
E_ann_imitator,sparse,fault_noise_spike_sev2,noise_spike,30.0,30,247501,False,True,False,False,70.00000000000001,400,2.602380897485637,4.640130463656643,84.3960808367645,35
E_ann_imitator,sparse,fault_noise_spike_sev2,noise_spike,30.0,31,611736,False,True,False,False,98.0,400,2.062566925376409,9.647650314286675,89.50555732791548,49
E_ann_imitator,sparse,fault_noise_spike_sev2,noise_spike,30.0,32,202663,False,True,False,False,43.99999999999999,400,2.6222908886795566,9.415623393466246,81.75850890022254,22
E_ann_imitator,sparse,fault_noise_spike_sev2,noise_spike,30.0,33,749349,False,True,False,False,54.0,400,2.5719443696906494,2.6597394937755725,68.098793690999,27
E_ann_imitator,sparse,fault_noise_spike_sev2,noise_spike,30.0,34,67944,False,True,False,False,97.99999999999999,400,1.6947654152751768,10.67833504066913,89.96932006613446,49
E_ann_imitator,sparse,fault_noise_spike_sev2,noise_spike,30.0,35,667972,False,True,False,False,90.00000000000001,400,2.8426401933376573,11.825358366063908,48.556826892155826,45
E_ann_imitator,sparse,fault_noise_spike_sev2,noise_spike,30.0,36,284085,False,True,False,False,82.00000000000001,400,1.7936745875615643,4.788214114630497,42.06620247808729,41
E_ann_imitator,sparse,fault_noise_spike_sev2,noise_spike,30.0,37,56648,False,True,False,False,98.0,400,2.6640863356897535,21.56336734542284,60.2824039524924,49
E_ann_imitator,sparse,fault_noise_spike_sev2,noise_spike,30.0,38,883846,False,True,False,False,87.99999999999999,400,2.2486445873693977,16.15642836476503,90.80952993818207,44
E_ann_imitator,sparse,fault_noise_spike_sev2,noise_spike,30.0,39,542999,False,True,False,False,100.0,400,2.222148311506282,14.743994678042409,91.50476333700547,50
E_ann_imitator,sparse,fault_noise_spike_sev2,noise_spike,30.0,40,876790,False,True,False,False,100.0,400,3.394811787952145,9.252425311022996,45.57288121798313,50
E_ann_imitator,sparse,fault_noise_spike_sev2,noise_spike,30.0,41,864562,False,True,False,False,44.0,400,1.5126289645948803,10.997967499611217,85.85760828104428,22
E_ann_imitator,sparse,fault_noise_spike_sev2,noise_spike,30.0,42,110485,False,True,False,False,130.00000000000003,400,2.386820739683777,9.56962557477584,91.73051721521774,65
E_ann_imitator,sparse,fault_noise_spike_sev2,noise_spike,30.0,43,8300,False,True,False,False,101.99999999999999,400,2.415215211439233,7.151925013291448,91.35407416535995,51
E_ann_imitator,sparse,fault_noise_spike_sev2,noise_spike,30.0,44,503793,False,False,True,False,800.0,400,2.8650485300974435,3.8862001789428486,40.76344717958994,400
E_ann_imitator,sparse,fault_noise_spike_sev2,noise_spike,30.0,45,352372,False,True,False,False,106.00000000000001,400,3.4579983111639008,6.604095456276968,36.1221773217726,53
E_ann_imitator,sparse,fault_noise_spike_sev2,noise_spike,30.0,46,454845,False,True,False,False,240.0,400,2.6308589398485176,10.085738831681688,92.3431242143721,120
E_ann_imitator,sparse,fault_noise_spike_sev2,noise_spike,30.0,47,837206,False,False,True,False,800.0,400,3.2970237611241173,3.487549419597777,41.315642691253906,400
E_ann_imitator,sparse,fault_noise_spike_sev2,noise_spike,30.0,48,834851,False,True,False,False,46.0,400,1.8653421631354086,8.046545566647143,86.12409947787648,23
E_ann_imitator,sparse,fault_noise_spike_sev2,noise_spike,30.0,49,457512,False,True,False,False,134.0,400,2.364921073719467,5.194992849831419,68.87202904782139,67
E_ann_imitator,sparse,fault_noise_spike_sev3,noise_spike,60.0,0,404653,False,True,False,False,63.99999999999999,400,2.514631960687128,7.49298263983739,56.939305113345156,32
E_ann_imitator,sparse,fault_noise_spike_sev3,noise_spike,60.0,1,215753,False,True,False,False,104.0,400,2.598055310923599,11.185789461024484,84.89995885033467,52
E_ann_imitator,sparse,fault_noise_spike_sev3,noise_spike,60.0,2,944924,False,True,False,False,378.0,400,2.0840300667181455,5.681778561122677,78.0945252136791,189
E_ann_imitator,sparse,fault_noise_spike_sev3,noise_spike,60.0,3,12413,False,True,False,False,94.0,400,2.0920038856834666,14.578726944826737,92.69223052338151,47
E_ann_imitator,sparse,fault_noise_spike_sev3,noise_spike,60.0,4,839153,False,False,True,False,800.0,400,4.832630701930822,3.299779076991147,76.85124495910229,400
E_ann_imitator,sparse,fault_noise_spike_sev3,noise_spike,60.0,5,26206,False,True,False,False,42.0,400,1.7812348794404604,21.2406417961485,78.97912648333123,21
E_ann_imitator,sparse,fault_noise_spike_sev3,noise_spike,60.0,6,85702,False,True,False,False,98.0,400,1.9866063884458998,10.617181488433904,71.1243418617954,49
E_ann_imitator,sparse,fault_noise_spike_sev3,noise_spike,60.0,7,720542,False,True,False,False,258.0,400,1.8478455016238824,9.47787112880835,128.42950659961778,129
E_ann_imitator,sparse,fault_noise_spike_sev3,noise_spike,60.0,8,43194,False,True,False,False,78.0,400,2.972668017529473,3.884576975490845,45.2712088441093,39
E_ann_imitator,sparse,fault_noise_spike_sev3,noise_spike,60.0,9,76840,False,True,False,False,124.0,400,2.6485307393790056,9.752700096410587,91.45698026774254,62
E_ann_imitator,sparse,fault_noise_spike_sev3,noise_spike,60.0,10,827195,False,True,False,False,126.00000000000001,400,2.241161943899773,11.619091401825617,91.76070367756186,63
E_ann_imitator,sparse,fault_noise_spike_sev3,noise_spike,60.0,11,891107,False,True,False,False,112.0,400,1.764189276068922,10.63860861691568,31.232842093852724,56
E_ann_imitator,sparse,fault_noise_spike_sev3,noise_spike,60.0,12,419585,False,True,False,False,280.0,400,2.8064154774822083,5.697125796052485,72.71450612192714,140
E_ann_imitator,sparse,fault_noise_spike_sev3,noise_spike,60.0,13,197278,False,True,False,False,47.99999999999999,400,2.283071304093925,18.76609981804526,70.91571343119536,24
E_ann_imitator,sparse,fault_noise_spike_sev3,noise_spike,60.0,14,662269,False,True,False,False,70.0,400,3.065377645306698,19.228927652795342,64.2965668157607,35
E_ann_imitator,sparse,fault_noise_spike_sev3,noise_spike,60.0,15,666954,False,True,False,False,21.999999999999996,400,2.9777144846386685,15.725502326475722,100.48842480557083,11
E_ann_imitator,sparse,fault_noise_spike_sev3,noise_spike,60.0,16,764983,False,True,False,False,109.99999999999999,400,2.296225500305469,12.714612213973828,93.09164477237438,55
E_ann_imitator,sparse,fault_noise_spike_sev3,noise_spike,60.0,17,888532,False,True,False,False,132.0,400,2.306942524591943,19.02375765142086,9.337733823914796,66
E_ann_imitator,sparse,fault_noise_spike_sev3,noise_spike,60.0,18,155719,False,False,True,False,800.0,400,3.3728698060023277,4.49722608837218,54.41810949465411,400
E_ann_imitator,sparse,fault_noise_spike_sev3,noise_spike,60.0,19,579943,False,True,False,False,44.0,400,2.3423708508386714,11.984216403877422,75.45710527735709,22
E_ann_imitator,sparse,fault_noise_spike_sev3,noise_spike,60.0,20,727353,False,True,False,False,126.00000000000001,400,2.077043276646633,18.285898774276838,9.565607871373365,63
E_ann_imitator,sparse,fault_noise_spike_sev3,noise_spike,60.0,21,6151,False,True,False,False,98.0,400,2.5956812857908123,12.80045057069048,89.13717785691138,49
E_ann_imitator,sparse,fault_noise_spike_sev3,noise_spike,60.0,22,710788,False,True,False,False,81.99999999999999,400,3.910321182188294,10.663833203367709,41.58248018959959,41
E_ann_imitator,sparse,fault_noise_spike_sev3,noise_spike,60.0,23,138531,False,True,False,False,68.0,400,2.6624228175739577,9.460025543990021,83.54474713433025,34
E_ann_imitator,sparse,fault_noise_spike_sev3,noise_spike,60.0,24,281206,False,True,False,False,130.0,400,2.684483936659346,14.715080537019377,11.675923616298258,65
E_ann_imitator,sparse,fault_noise_spike_sev3,noise_spike,60.0,25,90320,False,True,False,False,74.00000000000001,400,1.7365199621064396,5.943697900541044,48.05906949543841,37
E_ann_imitator,sparse,fault_noise_spike_sev3,noise_spike,60.0,26,473688,True,False,False,False,128.0,64,4.7004513826157295,8.916855688681167,3.344396577841798,64
E_ann_imitator,sparse,fault_noise_spike_sev3,noise_spike,60.0,27,950752,False,True,False,False,24.0,400,2.5573261121142523,18.1873903974081,97.25833925564065,12
E_ann_imitator,sparse,fault_noise_spike_sev3,noise_spike,60.0,28,974050,False,True,False,False,91.99999999999999,400,3.187526451388178,11.584365679665668,82.74293385390588,46
E_ann_imitator,sparse,fault_noise_spike_sev3,noise_spike,60.0,29,162968,False,True,False,False,114.0,400,1.818801193281675,6.511961766921005,32.250533089118996,57
E_ann_imitator,sparse,fault_noise_spike_sev3,noise_spike,60.0,30,247501,False,True,False,False,70.00000000000001,400,2.619148526692879,4.855256381561504,84.25534270399028,35
E_ann_imitator,sparse,fault_noise_spike_sev3,noise_spike,60.0,31,611736,False,True,False,False,98.0,400,1.672313200241337,12.920626742705371,87.88292433901925,49
E_ann_imitator,sparse,fault_noise_spike_sev3,noise_spike,60.0,32,202663,False,True,False,False,43.99999999999999,400,2.6222908886795566,9.415623393466246,81.75850890022254,22
E_ann_imitator,sparse,fault_noise_spike_sev3,noise_spike,60.0,33,749349,True,False,False,False,122.00000000000003,61,3.9118385799548574,12.697060571150441,3.076872842244381,61
E_ann_imitator,sparse,fault_noise_spike_sev3,noise_spike,60.0,34,67944,False,True,False,False,98.0,400,1.6281844437003605,13.991239082702512,88.18717609747125,49
E_ann_imitator,sparse,fault_noise_spike_sev3,noise_spike,60.0,35,667972,False,True,False,False,67.99999999999999,400,2.235453622643596,17.183138211851674,53.202781039032395,34
E_ann_imitator,sparse,fault_noise_spike_sev3,noise_spike,60.0,36,284085,False,True,False,False,82.0,400,1.942109808893085,3.2020823055851784,41.453620559478566,41
E_ann_imitator,sparse,fault_noise_spike_sev3,noise_spike,60.0,37,56648,False,True,False,False,70.00000000000001,400,2.1102703706980703,15.339123979668495,62.467886461777,35
E_ann_imitator,sparse,fault_noise_spike_sev3,noise_spike,60.0,38,883846,False,True,False,False,96.00000000000001,400,1.8183942137434423,18.740070806789017,65.1645267982799,48
E_ann_imitator,sparse,fault_noise_spike_sev3,noise_spike,60.0,39,542999,False,True,False,False,44.0,400,3.3603280408356397,11.112507969867552,78.95585360300679,22
E_ann_imitator,sparse,fault_noise_spike_sev3,noise_spike,60.0,40,876790,True,False,False,False,126.0,63,4.909345686927067,13.59679072275854,2.9490981816393065,63
E_ann_imitator,sparse,fault_noise_spike_sev3,noise_spike,60.0,41,864562,False,True,False,False,44.0,400,2.6300449497217304,9.97460739720463,92.97634604677496,22
E_ann_imitator,sparse,fault_noise_spike_sev3,noise_spike,60.0,42,110485,False,True,False,False,106.0,400,2.2335563532693685,10.23375770531084,44.60774040112416,53
E_ann_imitator,sparse,fault_noise_spike_sev3,noise_spike,60.0,43,8300,False,True,False,False,101.99999999999999,400,2.4254935007998655,9.30312499052314,89.0846212757053,51
E_ann_imitator,sparse,fault_noise_spike_sev3,noise_spike,60.0,44,503793,False,True,False,False,122.0,400,2.5744178193172695,8.544287960017973,81.85349494994142,61
E_ann_imitator,sparse,fault_noise_spike_sev3,noise_spike,60.0,45,352372,False,True,False,False,114.00000000000001,400,2.002709785759832,8.601130019084339,22.21583725899496,57
E_ann_imitator,sparse,fault_noise_spike_sev3,noise_spike,60.0,46,454845,False,True,False,False,163.99999999999997,400,1.5184568463536665,11.886282484566383,34.0330024166957,82
E_ann_imitator,sparse,fault_noise_spike_sev3,noise_spike,60.0,47,837206,False,True,False,False,51.99999999999999,400,2.8842140040380078,12.27408629383829,68.52324579085516,26
E_ann_imitator,sparse,fault_noise_spike_sev3,noise_spike,60.0,48,834851,False,True,False,False,46.0,400,1.8653421631354086,8.046545566647143,86.12409947787648,23
E_ann_imitator,sparse,fault_noise_spike_sev3,noise_spike,60.0,49,457512,False,True,False,False,121.99999999999999,400,3.064604134092446,12.886008957980707,9.288858803468704,61
E_ann_imitator,dense,clean,,,0,404653,False,False,True,False,800.0,400,2.7982892143476943,4.305207959615453,69.39555788906567,400
E_ann_imitator,dense,clean,,,1,215753,False,True,False,False,98.0,400,1.9810061373680636,5.818376057637061,93.19468858836406,49
E_ann_imitator,dense,clean,,,2,944924,False,True,False,False,16.0,400,2.674811332028729,17.50341958435492,103.959193041202,8
E_ann_imitator,dense,clean,,,3,12413,False,True,False,False,30.0,400,3.3664717150920485,7.266848961018441,90.25422077764232,15
E_ann_imitator,dense,clean,,,4,839153,False,True,False,False,292.0,400,2.1206685616687273,4.780431181925214,63.15897472076786,146
E_ann_imitator,dense,clean,,,5,26206,False,True,False,False,52.0,400,2.157564207339826,8.24803613136511,79.06587111444863,26
E_ann_imitator,dense,clean,,,6,85702,False,True,False,False,105.99999999999999,400,2.2229327104738044,4.716464105957849,91.97114917744892,53
E_ann_imitator,dense,clean,,,7,720542,False,True,False,False,168.0,400,3.447174241663578,4.436198937680225,81.90424174677847,84
E_ann_imitator,dense,clean,,,8,43194,False,True,False,False,106.0,400,2.7415574391840325,6.190078049862519,39.19422023214769,53
E_ann_imitator,dense,clean,,,9,76840,False,True,False,False,30.0,400,1.7335121797602204,12.971451070767618,89.10819861413005,15
E_ann_imitator,dense,clean,,,10,827195,False,True,False,False,80.00000000000001,400,4.041437654261487,7.931603002034893,75.79835034474847,40
E_ann_imitator,dense,clean,,,11,891107,False,True,False,False,46.0,400,2.2135147971472087,8.049265898674896,85.47403235390759,23
E_ann_imitator,dense,clean,,,12,419585,False,True,False,False,75.99999999999999,400,1.5630308492802343,6.485477166091212,84.1658268353125,38
E_ann_imitator,dense,clean,,,13,197278,False,True,False,False,110.0,400,2.145344441007848,6.11120605299082,91.51684698191121,55
E_ann_imitator,dense,clean,,,14,662269,False,True,False,False,80.0,400,3.6605956944154543,5.667715251630382,62.652926127956086,40
E_ann_imitator,dense,clean,,,15,666954,False,True,False,False,26.0,400,1.7369196058688527,12.266631045541532,99.23555690101891,13
E_ann_imitator,dense,clean,,,16,764983,False,True,False,False,28.0,400,3.3355654753895427,19.39194598193568,93.43533185614083,14
E_ann_imitator,dense,clean,,,17,888532,False,True,False,False,17.999999999999996,400,2.6427288268498366,15.759773326355441,100.81534651621986,9
E_ann_imitator,dense,clean,,,18,155719,False,True,False,False,42.0,400,2.06977179025985,11.394097626438977,79.55585026077617,21
E_ann_imitator,dense,clean,,,19,579943,False,True,False,False,296.0,400,1.6767350020503784,5.535881151312114,56.55424876142161,148
E_ann_imitator,dense,clean,,,20,727353,False,True,False,False,96.0,400,1.910645617723988,5.246793635721953,90.90762220259215,48
E_ann_imitator,dense,clean,,,21,6151,False,True,False,False,17.999999999999996,400,3.413087331045319,9.944486415580572,103.45793189123278,9
E_ann_imitator,dense,clean,,,22,710788,False,True,False,False,501.99999999999994,400,2.4268916917599404,6.401157267477172,65.49806418817201,251
E_ann_imitator,dense,clean,,,23,138531,False,True,False,False,166.0,400,2.532379138054637,9.510523626635022,84.58010928383553,83
E_ann_imitator,dense,clean,,,24,281206,False,True,False,False,66.0,400,2.9345976521804427,7.036862545289761,67.29525000145877,33
E_ann_imitator,dense,clean,,,25,90320,False,True,False,False,104.0,400,2.412521446816923,6.003809067975799,92.718271524109,52
E_ann_imitator,dense,clean,,,26,473688,False,True,False,False,106.0,400,3.398530508354497,4.882303709300178,90.58324095633999,53
E_ann_imitator,dense,clean,,,27,950752,False,True,False,False,26.0,400,3.509484019452558,10.138734705788945,95.53259470872551,13
E_ann_imitator,dense,clean,,,28,974050,False,True,False,False,32.0,400,2.6114961066341826,11.808588362897135,95.11319351222905,16
E_ann_imitator,dense,clean,,,29,162968,False,True,False,False,350.0,400,2.731610832504144,4.65597974187407,71.67352478698295,175
E_ann_imitator,dense,clean,,,30,247501,False,True,False,False,98.0,400,2.78774305865009,3.9710281367197404,89.7917579974971,49
E_ann_imitator,dense,clean,,,31,611736,False,True,False,False,103.99999999999999,400,1.7116126839549552,6.357862221452061,91.83234379907256,52
E_ann_imitator,dense,clean,,,32,202663,False,True,False,False,10.0,400,3.5867610545413937,13.183900658882118,109.0499240166946,5
E_ann_imitator,dense,clean,,,33,749349,False,True,False,False,152.00000000000003,400,3.1755516035968356,5.017702618492567,78.6330066749448,76
E_ann_imitator,dense,clean,,,34,67944,False,True,False,False,132.0,400,3.1184102652744694,5.396568921473571,79.70782809737806,66
E_ann_imitator,dense,clean,,,35,667972,False,True,False,False,95.99999999999999,400,2.1120249193785083,6.268868563865147,91.38542005711868,48
E_ann_imitator,dense,clean,,,36,284085,False,True,False,False,84.00000000000001,400,2.7733813983912703,12.143129243863042,39.67546244385814,42
E_ann_imitator,dense,clean,,,37,56648,False,True,False,False,66.00000000000001,400,3.065269123054934,7.525076502603967,60.793596160178254,33
E_ann_imitator,dense,clean,,,38,883846,False,True,False,False,43.99999999999999,400,3.3454196207839346,8.254633268989165,86.14065376455368,22
E_ann_imitator,dense,clean,,,39,542999,False,True,False,False,50.0,400,2.4660193007504803,8.973114224227416,75.9525609481597,25
E_ann_imitator,dense,clean,,,40,876790,False,True,False,False,107.99999999999997,400,2.6568838473886567,6.699919089625633,85.78816234805468,54
E_ann_imitator,dense,clean,,,41,864562,False,True,False,False,32.00000000000001,400,1.6009585340144685,10.47297204334913,91.942714789614,16
E_ann_imitator,dense,clean,,,42,110485,False,True,False,False,104.0,400,2.0614991099959648,4.581371316641181,91.59380544938232,52
E_ann_imitator,dense,clean,,,43,8300,False,True,False,False,56.0,400,2.379643662769551,14.452258284473558,85.46141142235754,28
E_ann_imitator,dense,clean,,,44,503793,False,True,False,False,74.0,400,2.8381811577336125,4.80149380027351,82.77056992868702,37
E_ann_imitator,dense,clean,,,45,352372,False,True,False,False,18.000000000000004,400,1.8387150948345508,19.205056330339218,101.25087804743346,9
E_ann_imitator,dense,clean,,,46,454845,False,True,False,False,75.99999999999999,400,2.9098890021328323,6.563779522165542,58.27745710030105,38
E_ann_imitator,dense,clean,,,47,837206,False,True,False,False,94.0,400,1.8424273113223597,9.874973851687837,90.72865789373344,47
E_ann_imitator,dense,clean,,,48,834851,False,True,False,False,48.0,400,2.9649890339084672,7.183991941519515,81.7406720276168,24
E_ann_imitator,dense,clean,,,49,457512,False,True,False,False,94.0,400,2.0063350262540074,4.789722346815439,90.77094362964449,47
E_ann_imitator,dense,fault_dropout,dropout,,0,404653,False,True,False,False,70.0,400,3.3661583004858526,3.959097407227303,49.18239141955588,35
E_ann_imitator,dense,fault_dropout,dropout,,1,215753,False,True,False,False,98.0,400,2.124553873217808,5.099766437502775,93.18809413816517,49
E_ann_imitator,dense,fault_dropout,dropout,,2,944924,False,True,False,False,16.0,400,2.674811332028729,17.50341958435492,103.959193041202,8
E_ann_imitator,dense,fault_dropout,dropout,,3,12413,False,True,False,False,30.0,400,3.3664717150920485,7.266848961018441,90.25422077764232,15
E_ann_imitator,dense,fault_dropout,dropout,,4,839153,False,True,False,False,116.0,400,2.865765757515989,3.216438868988333,55.18781245288452,58
E_ann_imitator,dense,fault_dropout,dropout,,5,26206,False,True,False,False,59.999999999999986,400,2.6950611979486876,6.241892462785287,96.61929845178624,30
E_ann_imitator,dense,fault_dropout,dropout,,6,85702,False,False,True,False,800.0,400,2.9842481456437717,4.11522701774227,38.04520995101675,400
E_ann_imitator,dense,fault_dropout,dropout,,7,720542,False,True,False,False,106.0,400,2.380526956973284,4.880340815636144,92.89717274998527,53
E_ann_imitator,dense,fault_dropout,dropout,,8,43194,False,True,False,False,108.0,400,2.462492475040641,5.290381656274293,30.542426412840282,54
E_ann_imitator,dense,fault_dropout,dropout,,9,76840,False,True,False,False,30.0,400,1.7335121797602204,12.971451070767618,89.10819861413005,15
E_ann_imitator,dense,fault_dropout,dropout,,10,827195,False,True,False,False,82.00000000000001,400,1.8370987426660095,6.452795974102678,75.35993607578521,41
E_ann_imitator,dense,fault_dropout,dropout,,11,891107,False,True,False,False,46.0,400,2.2135147971472087,8.049265898674896,85.47403235390759,23
E_ann_imitator,dense,fault_dropout,dropout,,12,419585,False,True,False,False,76.00000000000001,400,2.17133070532312,5.7686153297962575,86.82613713593908,38
E_ann_imitator,dense,fault_dropout,dropout,,13,197278,False,True,False,False,62.0,400,3.7691327354777666,7.434351864178641,76.66992437326255,31
E_ann_imitator,dense,fault_dropout,dropout,,14,662269,False,True,False,False,102.0,400,2.2147706574670742,3.6733695811393616,90.9283530348043,51
E_ann_imitator,dense,fault_dropout,dropout,,15,666954,False,True,False,False,26.0,400,1.7369196058688527,12.266631045541532,99.23555690101891,13
E_ann_imitator,dense,fault_dropout,dropout,,16,764983,False,True,False,False,28.0,400,3.3355654753895427,19.39194598193568,93.43533185614083,14
E_ann_imitator,dense,fault_dropout,dropout,,17,888532,False,True,False,False,17.999999999999996,400,2.6427288268498366,15.759773326355441,100.81534651621986,9
E_ann_imitator,dense,fault_dropout,dropout,,18,155719,False,True,False,False,42.0,400,2.06977179025985,11.394097626438977,79.55585026077617,21
E_ann_imitator,dense,fault_dropout,dropout,,19,579943,False,True,False,False,258.0,400,2.039048743888892,5.679769972107938,56.01314567742806,129
E_ann_imitator,dense,fault_dropout,dropout,,20,727353,False,True,False,False,84.0,400,1.7539959867899784,5.278001296089822,93.66739042882321,42
E_ann_imitator,dense,fault_dropout,dropout,,21,6151,False,True,False,False,17.999999999999996,400,3.413087331045319,9.944486415580572,103.45793189123278,9
E_ann_imitator,dense,fault_dropout,dropout,,22,710788,False,True,False,False,86.00000000000001,400,1.947615632437895,5.051578485824135,36.55850642277445,43
E_ann_imitator,dense,fault_dropout,dropout,,23,138531,False,True,False,False,70.0,400,1.7592382688472297,4.992137938321704,54.274550911193295,35
E_ann_imitator,dense,fault_dropout,dropout,,24,281206,False,True,False,False,101.99999999999999,400,1.6867963029385857,5.625425998229409,95.9700401526412,51
E_ann_imitator,dense,fault_dropout,dropout,,25,90320,False,True,False,False,80.0,400,3.2620662285495827,5.487847646535074,68.53589154871185,40
E_ann_imitator,dense,fault_dropout,dropout,,26,473688,False,True,False,False,104.0,400,1.6114573495984634,3.6328326595345817,83.66273353176685,52
E_ann_imitator,dense,fault_dropout,dropout,,27,950752,False,True,False,False,26.0,400,3.509484019452558,10.138734705788945,95.53259470872551,13
E_ann_imitator,dense,fault_dropout,dropout,,28,974050,False,True,False,False,32.0,400,2.6114961066341826,11.808588362897135,95.11319351222905,16
E_ann_imitator,dense,fault_dropout,dropout,,29,162968,False,True,False,False,84.0,400,1.8446715818856037,4.880616065025316,44.506178006109586,42
E_ann_imitator,dense,fault_dropout,dropout,,30,247501,False,True,False,False,87.99999999999999,400,2.013129958417001,4.591832360623564,90.69150515122624,44
E_ann_imitator,dense,fault_dropout,dropout,,31,611736,False,True,False,False,107.99999999999999,400,3.1163051487003837,4.819315752832272,86.87889787690114,54
E_ann_imitator,dense,fault_dropout,dropout,,32,202663,False,True,False,False,10.0,400,3.5867610545413937,13.183900658882118,109.0499240166946,5
E_ann_imitator,dense,fault_dropout,dropout,,33,749349,False,True,False,False,136.0,400,2.0667605404840748,4.749818863970047,78.22851693596344,68
E_ann_imitator,dense,fault_dropout,dropout,,34,67944,False,True,False,False,182.0,400,1.845862108121318,6.328449520870681,50.33352794504066,91
E_ann_imitator,dense,fault_dropout,dropout,,35,667972,False,True,False,False,51.99999999999999,400,2.2259129128148665,2.948414409516634,67.48794097490071,26
E_ann_imitator,dense,fault_dropout,dropout,,36,284085,False,True,False,False,86.0,400,1.9728484782020757,10.537218662429682,37.37347158454455,43
E_ann_imitator,dense,fault_dropout,dropout,,37,56648,False,True,False,False,98.0,400,1.9894157560141763,4.387114659445665,86.39753495911816,49
E_ann_imitator,dense,fault_dropout,dropout,,38,883846,False,True,False,False,43.99999999999999,400,3.154887680356432,7.159453129385906,86.89628126012776,22
E_ann_imitator,dense,fault_dropout,dropout,,39,542999,False,True,False,False,86.0,400,1.9200745767617897,6.393594791300007,97.60336873584988,43
E_ann_imitator,dense,fault_dropout,dropout,,40,876790,False,True,False,False,47.99999999999999,400,3.5196913070247184,7.557492317734048,73.05493221587616,24
E_ann_imitator,dense,fault_dropout,dropout,,41,864562,False,True,False,False,56.000000000000014,400,1.7355963817911335,8.48422152816424,66.60814059318614,28
E_ann_imitator,dense,fault_dropout,dropout,,42,110485,False,True,False,False,102.0,400,2.5185089663243496,3.919001645085225,92.09114103747508,51
E_ann_imitator,dense,fault_dropout,dropout,,43,8300,False,True,False,False,56.0,400,2.379643662769551,14.452258284473558,85.46141142235754,28
E_ann_imitator,dense,fault_dropout,dropout,,44,503793,False,True,False,False,76.00000000000001,400,2.018152361887416,4.569688809168245,88.9123560135486,38
E_ann_imitator,dense,fault_dropout,dropout,,45,352372,False,True,False,False,18.000000000000004,400,1.8387150948345508,19.205056330339218,101.25087804743346,9
E_ann_imitator,dense,fault_dropout,dropout,,46,454845,False,True,False,False,115.99999999999999,400,1.8549716633378242,4.481693460556341,19.237383429250738,58
E_ann_imitator,dense,fault_dropout,dropout,,47,837206,False,True,False,False,69.99999999999999,400,2.2174253094295717,7.005048813099415,67.68825609160318,35
E_ann_imitator,dense,fault_dropout,dropout,,48,834851,False,True,False,False,48.0,400,2.9649890339084672,7.183991941519515,81.7406720276168,24
E_ann_imitator,dense,fault_dropout,dropout,,49,457512,False,True,False,False,86.00000000000001,400,3.2151849886850017,4.7712749739144025,90.75512161453057,43
E_ann_imitator,dense,fault_bias,bias,,0,404653,False,True,False,False,42.00000000000001,400,2.1094720447185376,21.69827070667396,79.0937645969657,21
E_ann_imitator,dense,fault_bias,bias,,1,215753,False,True,False,False,100.0,400,2.015533677408013,5.113283366870798,92.03397242532787,50
E_ann_imitator,dense,fault_bias,bias,,2,944924,False,True,False,False,16.0,400,2.674811332028729,17.50341958435492,103.959193041202,8
E_ann_imitator,dense,fault_bias,bias,,3,12413,False,True,False,False,30.0,400,3.3664717150920485,7.266848961018441,90.25422077764232,15
E_ann_imitator,dense,fault_bias,bias,,4,839153,False,True,False,False,118.0,400,1.5955178855504757,4.411680396805088,23.73110453744133,59
E_ann_imitator,dense,fault_bias,bias,,5,26206,False,True,False,False,57.99999999999999,400,1.6240139366357005,8.28043231816947,96.58216626739247,29
E_ann_imitator,dense,fault_bias,bias,,6,85702,False,True,False,False,416.0,400,3.376456631398363,4.0373650833350725,30.460858561176483,208
E_ann_imitator,dense,fault_bias,bias,,7,720542,False,True,False,False,106.0,400,2.811842323612845,4.705270911566395,92.16306988098458,53
E_ann_imitator,dense,fault_bias,bias,,8,43194,False,True,False,False,608.0,400,1.9853586660055536,18.315748334924745,54.7515216729112,304
E_ann_imitator,dense,fault_bias,bias,,9,76840,False,True,False,False,30.0,400,1.7335121797602204,12.971451070767618,89.10819861413005,15
E_ann_imitator,dense,fault_bias,bias,,10,827195,False,True,False,False,68.0,400,1.5701577003791787,13.920828561838578,60.39200513447065,34
E_ann_imitator,dense,fault_bias,bias,,11,891107,False,True,False,False,46.0,400,2.2135147971472087,8.049265898674896,85.47403235390759,23
E_ann_imitator,dense,fault_bias,bias,,12,419585,False,True,False,False,76.0,400,1.6547196396592618,5.680453953279645,85.34164201290922,38
E_ann_imitator,dense,fault_bias,bias,,13,197278,False,True,False,False,74.0,400,2.751556715746696,15.1337714950149,50.11916831505796,37
E_ann_imitator,dense,fault_bias,bias,,14,662269,False,True,False,False,346.0,400,1.9753376732374368,22.08559770509552,33.618897824137534,173
E_ann_imitator,dense,fault_bias,bias,,15,666954,False,True,False,False,26.0,400,1.7369196058688527,12.266631045541532,99.23555690101891,13
E_ann_imitator,dense,fault_bias,bias,,16,764983,False,True,False,False,28.0,400,3.3355654753895427,19.39194598193568,93.43533185614083,14
E_ann_imitator,dense,fault_bias,bias,,17,888532,False,True,False,False,17.999999999999996,400,2.6427288268498366,15.759773326355441,100.81534651621986,9
E_ann_imitator,dense,fault_bias,bias,,18,155719,False,True,False,False,42.0,400,2.06977179025985,11.394097626438977,79.55585026077617,21
E_ann_imitator,dense,fault_bias,bias,,19,579943,False,True,False,False,72.0,400,2.430868335913748,5.567229857346904,47.312998995668785,36
E_ann_imitator,dense,fault_bias,bias,,20,727353,False,True,False,False,59.99999999999999,400,1.859332022457022,10.00952026977199,64.43352325624144,30
E_ann_imitator,dense,fault_bias,bias,,21,6151,False,True,False,False,17.999999999999996,400,3.413087331045319,9.944486415580572,103.45793189123278,9
E_ann_imitator,dense,fault_bias,bias,,22,710788,False,True,False,False,110.0,400,2.8206054915138155,4.629646972943992,31.57290706813402,55
E_ann_imitator,dense,fault_bias,bias,,23,138531,False,True,False,False,166.0,400,3.2977248819318974,6.32597423131326,70.5467973613228,83
E_ann_imitator,dense,fault_bias,bias,,24,281206,False,True,False,False,102.0,400,2.455645138910537,6.585694625877147,97.19785373502786,51
E_ann_imitator,dense,fault_bias,bias,,25,90320,False,True,False,False,81.99999999999999,400,2.217793080659942,5.813182092947587,55.40123312966134,41
E_ann_imitator,dense,fault_bias,bias,,26,473688,False,True,False,False,110.00000000000001,400,2.074172460527003,3.8606355520932922,84.46035709067615,55
E_ann_imitator,dense,fault_bias,bias,,27,950752,False,True,False,False,26.0,400,3.509484019452558,10.138734705788945,95.53259470872551,13
E_ann_imitator,dense,fault_bias,bias,,28,974050,False,True,False,False,32.0,400,2.6114961066341826,11.808588362897135,95.11319351222905,16
E_ann_imitator,dense,fault_bias,bias,,29,162968,False,True,False,False,126.0,400,2.422693115197453,9.079763405421156,88.39292467393543,63
E_ann_imitator,dense,fault_bias,bias,,30,247501,False,True,False,False,97.99999999999999,400,2.3515256087741836,3.9037656242188783,79.02884492056798,49
E_ann_imitator,dense,fault_bias,bias,,31,611736,False,True,False,False,304.0,400,2.333208915500694,5.619676566350639,26.6566267254104,152
E_ann_imitator,dense,fault_bias,bias,,32,202663,False,True,False,False,10.0,400,3.5867610545413937,13.183900658882118,109.0499240166946,5
E_ann_imitator,dense,fault_bias,bias,,33,749349,False,True,False,False,152.0,400,2.5347972673675616,5.8138167946688455,77.80501515104447,76
E_ann_imitator,dense,fault_bias,bias,,34,67944,False,True,False,False,74.00000000000001,400,3.123632303228607,6.541682658467816,95.74556084250852,37
E_ann_imitator,dense,fault_bias,bias,,35,667972,False,True,False,False,186.0,400,2.7365242483536156,4.472670519516975,51.87591684495153,93
E_ann_imitator,dense,fault_bias,bias,,36,284085,False,True,False,False,132.0,400,1.7032475480256204,11.134531645063841,17.37850438132176,66
E_ann_imitator,dense,fault_bias,bias,,37,56648,False,True,False,False,68.00000000000001,400,1.8608498325683014,5.996637861292658,63.22800327209799,34
E_ann_imitator,dense,fault_bias,bias,,38,883846,False,True,False,False,54.0,400,1.5866443277857605,7.089399645488296,101.60793271059659,27
E_ann_imitator,dense,fault_bias,bias,,39,542999,False,True,False,False,86.0,400,1.7704798248833202,6.630272775779039,99.05888469706707,43
E_ann_imitator,dense,fault_bias,bias,,40,876790,False,True,False,False,48.0,400,1.9193488605052462,6.057104730359811,75.46240210240391,24
E_ann_imitator,dense,fault_bias,bias,,41,864562,False,True,False,False,32.0,400,1.691525693658991,6.639224152692623,96.00259299351997,16
E_ann_imitator,dense,fault_bias,bias,,42,110485,False,True,False,False,105.99999999999999,400,1.7235773054445294,3.8567659091129562,92.82187638484719,53
E_ann_imitator,dense,fault_bias,bias,,43,8300,False,True,False,False,56.0,400,2.379643662769551,14.452258284473558,85.46141142235754,28
E_ann_imitator,dense,fault_bias,bias,,44,503793,False,True,False,False,76.0,400,2.5568376964143105,4.05956880634516,89.8882428567574,38
E_ann_imitator,dense,fault_bias,bias,,45,352372,False,True,False,False,18.000000000000004,400,1.8387150948345508,19.205056330339218,101.25087804743346,9
E_ann_imitator,dense,fault_bias,bias,,46,454845,False,True,False,False,112.00000000000001,400,1.9820038541673592,4.458553723851838,23.700498977248166,56
E_ann_imitator,dense,fault_bias,bias,,47,837206,False,True,False,False,92.00000000000003,400,2.2174253094295717,6.924474308866055,92.04444077429052,46
E_ann_imitator,dense,fault_bias,bias,,48,834851,False,True,False,False,48.0,400,2.9649890339084672,7.183991941519515,81.7406720276168,24
E_ann_imitator,dense,fault_bias,bias,,49,457512,False,True,False,False,75.99999999999999,400,3.6515693955001836,5.605492261546035,91.72257090386665,38
E_ann_imitator,dense,fault_stale,stale,,0,404653,False,True,False,False,72.0,400,2.23818034359122,3.3380552154434033,47.50817140887853,36
E_ann_imitator,dense,fault_stale,stale,,1,215753,False,True,False,False,98.0,400,2.1189986715288467,5.338027416380553,93.1320893891591,49
E_ann_imitator,dense,fault_stale,stale,,2,944924,False,True,False,False,16.0,400,2.674811332028729,17.50341958435492,103.959193041202,8
E_ann_imitator,dense,fault_stale,stale,,3,12413,False,True,False,False,30.0,400,3.3664717150920485,7.266848961018441,90.25422077764232,15
E_ann_imitator,dense,fault_stale,stale,,4,839153,False,True,False,False,306.0,400,1.9062748947522998,5.759253429879014,79.37855937836912,153
E_ann_imitator,dense,fault_stale,stale,,5,26206,False,True,False,False,111.99999999999999,400,3.0113239608583267,5.051222355529019,68.43926644182599,56
E_ann_imitator,dense,fault_stale,stale,,6,85702,False,True,False,False,132.0,400,2.924882482571291,5.39209658044708,93.40657410041348,66
E_ann_imitator,dense,fault_stale,stale,,7,720542,False,True,False,False,106.0,400,2.5715924371344796,6.750979077169327,93.22379614599086,53
E_ann_imitator,dense,fault_stale,stale,,8,43194,False,True,False,False,110.0,400,1.943007222873018,5.337196641493375,27.365749446643537,55
E_ann_imitator,dense,fault_stale,stale,,9,76840,False,True,False,False,30.0,400,1.7335121797602204,12.971451070767618,89.10819861413005,15
E_ann_imitator,dense,fault_stale,stale,,10,827195,False,True,False,False,80.0,400,2.4841051770081526,6.047584253343688,76.0738100516116,40
E_ann_imitator,dense,fault_stale,stale,,11,891107,False,True,False,False,46.0,400,2.2135147971472087,8.049265898674896,85.47403235390759,23
E_ann_imitator,dense,fault_stale,stale,,12,419585,False,True,False,False,75.99999999999999,400,2.068681469366847,5.779133103306303,86.30940351853512,38
E_ann_imitator,dense,fault_stale,stale,,13,197278,False,True,False,False,64.0,400,2.3169896911642085,8.228963346910962,76.40325384955574,32
E_ann_imitator,dense,fault_stale,stale,,14,662269,False,True,False,False,82.0,400,1.966282059077941,4.6860317911201355,61.70200534583894,41
E_ann_imitator,dense,fault_stale,stale,,15,666954,False,True,False,False,26.0,400,1.7369196058688527,12.266631045541532,99.23555690101891,13
E_ann_imitator,dense,fault_stale,stale,,16,764983,False,True,False,False,28.0,400,3.3355654753895427,19.39194598193568,93.43533185614083,14
E_ann_imitator,dense,fault_stale,stale,,17,888532,False,True,False,False,17.999999999999996,400,2.6427288268498366,15.759773326355441,100.81534651621986,9
E_ann_imitator,dense,fault_stale,stale,,18,155719,False,True,False,False,42.0,400,2.06977179025985,11.394097626438977,79.55585026077617,21
E_ann_imitator,dense,fault_stale,stale,,19,579943,False,True,False,False,110.0,400,1.5856962177736829,7.491791690809118,49.82759597599739,55
E_ann_imitator,dense,fault_stale,stale,,20,727353,False,True,False,False,94.0,400,1.5514954164613957,5.284308716971667,92.51337001518189,47
E_ann_imitator,dense,fault_stale,stale,,21,6151,False,True,False,False,17.999999999999996,400,3.413087331045319,9.944486415580572,103.45793189123278,9
E_ann_imitator,dense,fault_stale,stale,,22,710788,False,True,False,False,112.0,400,1.6143247564008358,5.771790036586482,43.94516763443347,56
E_ann_imitator,dense,fault_stale,stale,,23,138531,False,True,False,False,88.0,400,3.026941249959999,5.0862091546151555,42.05651840416301,44
E_ann_imitator,dense,fault_stale,stale,,24,281206,False,True,False,False,87.99999999999999,400,2.1811782468546848,5.354904996623012,95.63475917940796,44
E_ann_imitator,dense,fault_stale,stale,,25,90320,False,True,False,False,502.0,400,1.746041039883546,4.863067459000843,82.10028064368866,251
E_ann_imitator,dense,fault_stale,stale,,26,473688,False,True,False,False,108.00000000000001,400,2.413365157604567,3.9002807086235545,89.52734397148701,54
E_ann_imitator,dense,fault_stale,stale,,27,950752,False,True,False,False,26.0,400,3.509484019452558,10.138734705788945,95.53259470872551,13
E_ann_imitator,dense,fault_stale,stale,,28,974050,False,True,False,False,32.0,400,2.6114961066341826,11.808588362897135,95.11319351222905,16
E_ann_imitator,dense,fault_stale,stale,,29,162968,False,True,False,False,353.99999999999994,400,1.7463568562204135,5.261256833660729,68.80792511183519,177
E_ann_imitator,dense,fault_stale,stale,,30,247501,False,True,False,False,97.99999999999999,400,2.3800000753231356,5.000100363068087,87.98031617374069,49
E_ann_imitator,dense,fault_stale,stale,,31,611736,False,True,False,False,79.99999999999999,400,1.9298313428762035,8.420786723324289,80.48192669296711,40
E_ann_imitator,dense,fault_stale,stale,,32,202663,False,True,False,False,10.0,400,3.5867610545413937,13.183900658882118,109.0499240166946,5
E_ann_imitator,dense,fault_stale,stale,,33,749349,False,True,False,False,260.0,400,3.065579625878976,5.00393429682291,40.664693916422,130
E_ann_imitator,dense,fault_stale,stale,,34,67944,False,True,False,False,94.0,400,2.4220878554243384,7.058857602775454,90.5423430591532,47
E_ann_imitator,dense,fault_stale,stale,,35,667972,False,True,False,False,61.99999999999999,400,2.511006975496951,8.809645472240234,63.56006514129053,31
E_ann_imitator,dense,fault_stale,stale,,36,284085,False,True,False,False,84.0,400,2.4661302900872557,10.622624323851568,39.639340777579775,42
E_ann_imitator,dense,fault_stale,stale,,37,56648,False,True,False,False,72.00000000000001,400,2.3139773757817816,5.155424946538989,67.25664274638237,36
E_ann_imitator,dense,fault_stale,stale,,38,883846,False,True,False,False,58.0,400,2.0907016190685113,7.55571133385942,96.5947665576704,29
E_ann_imitator,dense,fault_stale,stale,,39,542999,False,True,False,False,50.0,400,2.6466613591712758,13.803401208865392,71.70638127396714,25
E_ann_imitator,dense,fault_stale,stale,,40,876790,False,True,False,False,48.0,400,2.5952591411664305,8.491200019662804,74.5006701208016,24
E_ann_imitator,dense,fault_stale,stale,,41,864562,False,True,False,False,29.999999999999996,400,3.971366765129634,5.511995914244081,96.06274718069388,15
E_ann_imitator,dense,fault_stale,stale,,42,110485,False,True,False,False,104.0,400,1.581761155342588,3.985667902079111,92.98613857271567,52
E_ann_imitator,dense,fault_stale,stale,,43,8300,False,True,False,False,56.0,400,2.379643662769551,14.452258284473558,85.46141142235754,28
E_ann_imitator,dense,fault_stale,stale,,44,503793,False,True,False,False,73.99999999999999,400,3.433699380308812,5.591461258597403,82.98915106892376,37
E_ann_imitator,dense,fault_stale,stale,,45,352372,False,True,False,False,18.000000000000004,400,1.8387150948345508,19.205056330339218,101.25087804743346,9
E_ann_imitator,dense,fault_stale,stale,,46,454845,False,True,False,False,112.0,400,2.053396121845589,4.657614320649456,23.851995225763087,56
E_ann_imitator,dense,fault_stale,stale,,47,837206,False,True,False,False,52.0,400,2.2174253094295717,10.489068536745956,74.28195696557938,26
E_ann_imitator,dense,fault_stale,stale,,48,834851,False,True,False,False,48.0,400,2.9649890339084672,7.183991941519515,81.7406720276168,24
E_ann_imitator,dense,fault_stale,stale,,49,457512,False,True,False,False,88.0,400,2.329545572495305,5.095862451387185,91.76717721551843,44
E_ann_imitator,dense,fault_noise_spike_sev1,noise_spike,12.0,0,404653,False,False,True,False,800.0,400,3.4040099752776216,4.31083267350785,50.92756984677617,400
E_ann_imitator,dense,fault_noise_spike_sev1,noise_spike,12.0,1,215753,False,True,False,False,104.0,400,1.9071381463290167,7.323951707813927,90.7221768032603,52
E_ann_imitator,dense,fault_noise_spike_sev1,noise_spike,12.0,2,944924,False,True,False,False,16.0,400,2.674811332028729,17.50341958435492,103.959193041202,8
E_ann_imitator,dense,fault_noise_spike_sev1,noise_spike,12.0,3,12413,False,True,False,False,30.0,400,3.3664717150920485,7.266848961018441,90.25422077764232,15
E_ann_imitator,dense,fault_noise_spike_sev1,noise_spike,12.0,4,839153,False,True,False,False,132.0,400,2.076647408199836,4.440268795182216,66.67524304907587,66
E_ann_imitator,dense,fault_noise_spike_sev1,noise_spike,12.0,5,26206,False,True,False,False,646.0,400,2.2073187752896515,5.789029933463812,61.77226376276253,323
E_ann_imitator,dense,fault_noise_spike_sev1,noise_spike,12.0,6,85702,False,True,False,False,103.99999999999999,400,2.22931213786059,7.005909598840394,92.01740018728609,52
E_ann_imitator,dense,fault_noise_spike_sev1,noise_spike,12.0,7,720542,False,True,False,False,106.0,400,2.724523602950348,7.740434600669123,92.28194932129233,53
E_ann_imitator,dense,fault_noise_spike_sev1,noise_spike,12.0,8,43194,False,True,False,False,95.99999999999999,400,2.8075112720563835,7.557480056470548,44.17666548615475,48
E_ann_imitator,dense,fault_noise_spike_sev1,noise_spike,12.0,9,76840,False,True,False,False,30.0,400,1.7335121797602204,12.971451070767618,89.10819861413005,15
E_ann_imitator,dense,fault_noise_spike_sev1,noise_spike,12.0,10,827195,False,True,False,False,80.00000000000001,400,2.913457495586151,7.74039086363905,75.81552032269647,40
E_ann_imitator,dense,fault_noise_spike_sev1,noise_spike,12.0,11,891107,False,True,False,False,46.0,400,2.2135147971472087,8.049265898674896,85.47403235390759,23
E_ann_imitator,dense,fault_noise_spike_sev1,noise_spike,12.0,12,419585,False,True,False,False,76.0,400,1.6722497704438097,9.040841996724433,82.44144607029989,38
E_ann_imitator,dense,fault_noise_spike_sev1,noise_spike,12.0,13,197278,False,True,False,False,76.0,400,2.0562324615865823,10.98810280578942,74.03902047502189,38
E_ann_imitator,dense,fault_noise_spike_sev1,noise_spike,12.0,14,662269,False,True,False,False,107.99999999999999,400,3.257970014654618,11.058878014107442,89.29573583930151,54
E_ann_imitator,dense,fault_noise_spike_sev1,noise_spike,12.0,15,666954,False,True,False,False,26.0,400,1.7369196058688527,12.266631045541532,99.23555690101891,13
E_ann_imitator,dense,fault_noise_spike_sev1,noise_spike,12.0,16,764983,False,True,False,False,28.0,400,3.3355654753895427,19.39194598193568,93.43533185614083,14
E_ann_imitator,dense,fault_noise_spike_sev1,noise_spike,12.0,17,888532,False,True,False,False,17.999999999999996,400,2.6427288268498366,15.759773326355441,100.81534651621986,9
E_ann_imitator,dense,fault_noise_spike_sev1,noise_spike,12.0,18,155719,False,True,False,False,42.0,400,2.06977179025985,11.394097626438977,79.55585026077617,21
E_ann_imitator,dense,fault_noise_spike_sev1,noise_spike,12.0,19,579943,False,True,False,False,64.0,400,3.2944679341127654,8.696935688428821,63.874699561892875,32
E_ann_imitator,dense,fault_noise_spike_sev1,noise_spike,12.0,20,727353,False,True,False,False,99.99999999999999,400,2.5212972969877643,10.174992712341826,91.67851337958277,50
E_ann_imitator,dense,fault_noise_spike_sev1,noise_spike,12.0,21,6151,False,True,False,False,17.999999999999996,400,3.413087331045319,9.944486415580572,103.45793189123278,9
E_ann_imitator,dense,fault_noise_spike_sev1,noise_spike,12.0,22,710788,False,True,False,False,110.0,400,2.0453253674644887,7.733555876796642,41.185161532468975,55
E_ann_imitator,dense,fault_noise_spike_sev1,noise_spike,12.0,23,138531,False,True,False,False,170.0,400,2.4464553862303617,11.937825035476518,83.87068333614972,85
E_ann_imitator,dense,fault_noise_spike_sev1,noise_spike,12.0,24,281206,False,True,False,False,91.99999999999999,400,3.025870510760896,10.425691126951662,91.86604850923636,46
E_ann_imitator,dense,fault_noise_spike_sev1,noise_spike,12.0,25,90320,False,True,False,False,102.0,400,2.629138608527451,7.2516721339018515,93.27110183378242,51
E_ann_imitator,dense,fault_noise_spike_sev1,noise_spike,12.0,26,473688,False,True,False,False,106.0,400,2.6387085909616173,8.033177804217239,90.90733581698137,53
E_ann_imitator,dense,fault_noise_spike_sev1,noise_spike,12.0,27,950752,False,True,False,False,26.0,400,3.509484019452558,10.138734705788945,95.53259470872551,13
E_ann_imitator,dense,fault_noise_spike_sev1,noise_spike,12.0,28,974050,False,True,False,False,32.0,400,2.6114961066341826,11.808588362897135,95.11319351222905,16
E_ann_imitator,dense,fault_noise_spike_sev1,noise_spike,12.0,29,162968,False,True,False,False,44.0,400,2.886683880056095,9.330025678355538,77.97608160121867,22
E_ann_imitator,dense,fault_noise_spike_sev1,noise_spike,12.0,30,247501,False,True,False,False,99.99999999999999,400,1.6248395602719579,5.550434146383668,89.51613651401964,50
E_ann_imitator,dense,fault_noise_spike_sev1,noise_spike,12.0,31,611736,False,True,False,False,103.99999999999999,400,2.0008124968117857,10.073656643888429,91.77815149802107,52
E_ann_imitator,dense,fault_noise_spike_sev1,noise_spike,12.0,32,202663,False,True,False,False,10.0,400,3.5867610545413937,13.183900658882118,109.0499240166946,5
E_ann_imitator,dense,fault_noise_spike_sev1,noise_spike,12.0,33,749349,False,True,False,False,138.0,400,2.5757110762994135,6.386706671373266,77.21618368339347,69
E_ann_imitator,dense,fault_noise_spike_sev1,noise_spike,12.0,34,67944,False,True,False,False,132.00000000000003,400,4.658080567968907,6.662676044114161,79.29964896725603,66
E_ann_imitator,dense,fault_noise_spike_sev1,noise_spike,12.0,35,667972,False,True,False,False,96.0,400,2.6980722451104158,10.46179824143149,91.61670243629928,48
E_ann_imitator,dense,fault_noise_spike_sev1,noise_spike,12.0,36,284085,False,True,False,False,86.00000000000001,400,1.9344252200551741,11.616394525824658,37.33463650567206,43
E_ann_imitator,dense,fault_noise_spike_sev1,noise_spike,12.0,37,56648,False,True,False,False,116.00000000000001,400,2.177441831826865,11.525750776536054,19.919860533362574,58
E_ann_imitator,dense,fault_noise_spike_sev1,noise_spike,12.0,38,883846,False,True,False,False,43.99999999999999,400,3.2575884302515816,8.799880590651798,86.45294182173105,22
E_ann_imitator,dense,fault_noise_spike_sev1,noise_spike,12.0,39,542999,False,True,False,False,50.0,400,2.51408617357637,9.468448738143454,76.11022195366952,25
E_ann_imitator,dense,fault_noise_spike_sev1,noise_spike,12.0,40,876790,False,True,False,False,108.0,400,2.2911043948827645,9.249999511767665,85.94107990004674,54
E_ann_imitator,dense,fault_noise_spike_sev1,noise_spike,12.0,41,864562,False,True,False,False,32.00000000000001,400,1.637857763986919,9.925612758167492,91.72006916257395,16
E_ann_imitator,dense,fault_noise_spike_sev1,noise_spike,12.0,42,110485,False,True,False,False,107.99999999999999,400,1.6240112944104839,9.006069511083417,91.66306174683653,54
E_ann_imitator,dense,fault_noise_spike_sev1,noise_spike,12.0,43,8300,False,True,False,False,56.0,400,2.379643662769551,14.452258284473558,85.46141142235754,28
E_ann_imitator,dense,fault_noise_spike_sev1,noise_spike,12.0,44,503793,False,True,False,False,74.0,400,3.107039345254375,5.148556386488773,82.84155150146701,37
E_ann_imitator,dense,fault_noise_spike_sev1,noise_spike,12.0,45,352372,False,True,False,False,18.000000000000004,400,1.8387150948345508,19.205056330339218,101.25087804743346,9
E_ann_imitator,dense,fault_noise_spike_sev1,noise_spike,12.0,46,454845,False,True,False,False,124.0,400,2.9098890021328323,8.613550622562519,90.48542236002866,62
E_ann_imitator,dense,fault_noise_spike_sev1,noise_spike,12.0,47,837206,False,True,False,False,52.0,400,2.0728250978770966,11.872720670347237,73.832859206812,26
E_ann_imitator,dense,fault_noise_spike_sev1,noise_spike,12.0,48,834851,False,True,False,False,48.0,400,2.9649890339084672,7.183991941519515,81.7406720276168,24
E_ann_imitator,dense,fault_noise_spike_sev1,noise_spike,12.0,49,457512,False,True,False,False,70.0,400,2.6487692954963555,8.32143982109088,79.89063697002761,35
E_ann_imitator,dense,fault_noise_spike_sev2,noise_spike,30.0,0,404653,False,True,False,False,138.0,400,2.717259150581164,10.764540558578089,91.4630304063041,69
E_ann_imitator,dense,fault_noise_spike_sev2,noise_spike,30.0,1,215753,False,True,False,False,114.0,400,2.950102073836487,10.056280087297608,89.28880805743788,57
E_ann_imitator,dense,fault_noise_spike_sev2,noise_spike,30.0,2,944924,False,True,False,False,16.0,400,2.674811332028729,17.50341958435492,103.959193041202,8
E_ann_imitator,dense,fault_noise_spike_sev2,noise_spike,30.0,3,12413,False,True,False,False,30.0,400,3.3664717150920485,7.266848961018441,90.25422077764232,15
E_ann_imitator,dense,fault_noise_spike_sev2,noise_spike,30.0,4,839153,False,True,False,False,286.0,400,1.827596612693057,5.015261141892997,62.155601294094375,143
E_ann_imitator,dense,fault_noise_spike_sev2,noise_spike,30.0,5,26206,False,True,False,False,102.0,400,2.243050125030943,11.683850321167224,51.162201348717716,51
E_ann_imitator,dense,fault_noise_spike_sev2,noise_spike,30.0,6,85702,False,True,False,False,91.99999999999999,400,2.5301911351514645,8.288075562453832,77.68367660593621,46
E_ann_imitator,dense,fault_noise_spike_sev2,noise_spike,30.0,7,720542,False,True,False,False,110.0,400,2.27957476826696,8.996261110406369,90.66504763367988,55
E_ann_imitator,dense,fault_noise_spike_sev2,noise_spike,30.0,8,43194,True,False,False,False,124.00000000000003,62,3.968354482163465,13.764789976990558,2.730967403814791,62
E_ann_imitator,dense,fault_noise_spike_sev2,noise_spike,30.0,9,76840,False,True,False,False,30.0,400,1.7335121797602204,12.971451070767618,89.10819861413005,15
E_ann_imitator,dense,fault_noise_spike_sev2,noise_spike,30.0,10,827195,False,True,False,False,80.00000000000001,400,3.806713493787502,7.210659450942968,75.05667880769366,40
E_ann_imitator,dense,fault_noise_spike_sev2,noise_spike,30.0,11,891107,False,True,False,False,46.0,400,2.2135147971472087,8.049265898674896,85.47403235390759,23
E_ann_imitator,dense,fault_noise_spike_sev2,noise_spike,30.0,12,419585,False,True,False,False,94.0,400,2.888415908300019,9.68998288493531,76.80704381156986,47
E_ann_imitator,dense,fault_noise_spike_sev2,noise_spike,30.0,13,197278,False,True,False,False,100.0,400,2.845356001043599,13.62502334467757,66.32634771294231,50
E_ann_imitator,dense,fault_noise_spike_sev2,noise_spike,30.0,14,662269,False,True,False,False,101.99999999999999,400,2.1600960722882854,8.92313058290769,77.8049920028586,51
E_ann_imitator,dense,fault_noise_spike_sev2,noise_spike,30.0,15,666954,False,True,False,False,26.0,400,1.7369196058688527,12.266631045541532,99.23555690101891,13
E_ann_imitator,dense,fault_noise_spike_sev2,noise_spike,30.0,16,764983,False,True,False,False,28.0,400,3.3355654753895427,19.39194598193568,93.43533185614083,14
E_ann_imitator,dense,fault_noise_spike_sev2,noise_spike,30.0,17,888532,False,True,False,False,17.999999999999996,400,2.6427288268498366,15.759773326355441,100.81534651621986,9
E_ann_imitator,dense,fault_noise_spike_sev2,noise_spike,30.0,18,155719,False,True,False,False,42.0,400,2.06977179025985,11.394097626438977,79.55585026077617,21
E_ann_imitator,dense,fault_noise_spike_sev2,noise_spike,30.0,19,579943,False,True,False,False,64.0,400,3.3319030386093087,11.857546715940128,60.28211201465568,32
E_ann_imitator,dense,fault_noise_spike_sev2,noise_spike,30.0,20,727353,False,True,False,False,102.0,400,3.6330380927730945,15.4563675230294,90.94046718995321,51
E_ann_imitator,dense,fault_noise_spike_sev2,noise_spike,30.0,21,6151,False,True,False,False,17.999999999999996,400,3.413087331045319,9.944486415580572,103.45793189123278,9
E_ann_imitator,dense,fault_noise_spike_sev2,noise_spike,30.0,22,710788,False,True,False,False,72.0,400,2.37097311784548,9.257718166558114,58.82540851918557,36
E_ann_imitator,dense,fault_noise_spike_sev2,noise_spike,30.0,23,138531,False,True,False,False,111.99999999999999,400,2.1021063111828324,12.688132075380436,28.46392603804827,56
E_ann_imitator,dense,fault_noise_spike_sev2,noise_spike,30.0,24,281206,False,True,False,False,236.0,400,3.199671037852643,9.080925138492308,46.70006364626062,118
E_ann_imitator,dense,fault_noise_spike_sev2,noise_spike,30.0,25,90320,False,True,False,False,126.0,400,1.8032915159329665,10.946494722513092,91.86309983622225,63
E_ann_imitator,dense,fault_noise_spike_sev2,noise_spike,30.0,26,473688,False,True,False,False,104.0,400,3.118311524625138,8.740476967066469,87.20418562550816,52
E_ann_imitator,dense,fault_noise_spike_sev2,noise_spike,30.0,27,950752,False,True,False,False,26.0,400,3.509484019452558,10.138734705788945,95.53259470872551,13
E_ann_imitator,dense,fault_noise_spike_sev2,noise_spike,30.0,28,974050,False,True,False,False,32.0,400,2.6114961066341826,11.808588362897135,95.11319351222905,16
E_ann_imitator,dense,fault_noise_spike_sev2,noise_spike,30.0,29,162968,False,True,False,False,82.0,400,1.8394609951774328,13.044921668534995,82.57021924981449,41
E_ann_imitator,dense,fault_noise_spike_sev2,noise_spike,30.0,30,247501,False,True,False,False,97.99999999999999,400,2.314747029222566,6.177442232247532,90.1101357992545,49
E_ann_imitator,dense,fault_noise_spike_sev2,noise_spike,30.0,31,611736,False,True,False,False,103.99999999999999,400,1.9248559317730467,12.153323961342863,91.61240446307936,52
E_ann_imitator,dense,fault_noise_spike_sev2,noise_spike,30.0,32,202663,False,True,False,False,10.0,400,3.5867610545413937,13.183900658882118,109.0499240166946,5
E_ann_imitator,dense,fault_noise_spike_sev2,noise_spike,30.0,33,749349,False,True,False,False,158.0,400,3.035304383758116,8.363686801731323,76.76388370641688,79
E_ann_imitator,dense,fault_noise_spike_sev2,noise_spike,30.0,34,67944,False,True,False,False,138.0,400,2.5047076714199217,9.354031939726923,79.24494432400333,69
E_ann_imitator,dense,fault_noise_spike_sev2,noise_spike,30.0,35,667972,False,True,False,False,98.0,400,2.485712642597289,17.7826307962926,91.37810121662504,49
E_ann_imitator,dense,fault_noise_spike_sev2,noise_spike,30.0,36,284085,False,True,False,False,86.0,400,1.7061452927005443,11.475564172616297,37.47686021156476,43
E_ann_imitator,dense,fault_noise_spike_sev2,noise_spike,30.0,37,56648,False,True,False,False,92.0,400,2.738562225504224,12.766050352690595,32.94448780398972,46
E_ann_imitator,dense,fault_noise_spike_sev2,noise_spike,30.0,38,883846,False,True,False,False,43.99999999999999,400,3.086721026011729,13.024947204050516,86.71633939866068,22
E_ann_imitator,dense,fault_noise_spike_sev2,noise_spike,30.0,39,542999,False,True,False,False,50.0,400,2.582005429161306,9.708702049348403,75.36040377847436,25
E_ann_imitator,dense,fault_noise_spike_sev2,noise_spike,30.0,40,876790,False,True,False,False,106.0,400,2.0130114198101605,11.584949368889948,86.33688753577177,53
E_ann_imitator,dense,fault_noise_spike_sev2,noise_spike,30.0,41,864562,False,True,False,False,32.0,400,2.063244550856657,12.893728691546151,90.71527462645547,16
E_ann_imitator,dense,fault_noise_spike_sev2,noise_spike,30.0,42,110485,False,True,False,False,106.0,400,2.40550937582667,10.720389925323165,85.7867897722982,53
E_ann_imitator,dense,fault_noise_spike_sev2,noise_spike,30.0,43,8300,False,True,False,False,56.0,400,2.379643662769551,14.452258284473558,85.46141142235754,28
E_ann_imitator,dense,fault_noise_spike_sev2,noise_spike,30.0,44,503793,False,True,False,False,74.0,400,3.433699380308812,6.540681819726773,83.2376110704931,37
E_ann_imitator,dense,fault_noise_spike_sev2,noise_spike,30.0,45,352372,False,True,False,False,18.000000000000004,400,1.8387150948345508,19.205056330339218,101.25087804743346,9
E_ann_imitator,dense,fault_noise_spike_sev2,noise_spike,30.0,46,454845,False,True,False,False,100.0,400,2.7443303025800896,10.213974120188139,81.71236440883793,50
E_ann_imitator,dense,fault_noise_spike_sev2,noise_spike,30.0,47,837206,False,True,False,False,112.00000000000001,400,1.758441335137035,15.528396215285877,26.143248466987075,56
E_ann_imitator,dense,fault_noise_spike_sev2,noise_spike,30.0,48,834851,False,True,False,False,48.0,400,2.9649890339084672,7.183991941519515,81.7406720276168,24
E_ann_imitator,dense,fault_noise_spike_sev2,noise_spike,30.0,49,457512,False,True,False,False,70.0,400,3.022683710137499,11.452144491615464,77.29497589441867,35
E_ann_imitator,dense,fault_noise_spike_sev3,noise_spike,60.0,0,404653,False,True,False,False,40.0,400,2.990395525649657,12.507062022968084,84.07698415675235,20
E_ann_imitator,dense,fault_noise_spike_sev3,noise_spike,60.0,1,215753,False,True,False,False,112.0,400,2.905365679386094,11.14901974016644,84.653658666212,56
E_ann_imitator,dense,fault_noise_spike_sev3,noise_spike,60.0,2,944924,False,True,False,False,16.0,400,2.674811332028729,17.50341958435492,103.959193041202,8
E_ann_imitator,dense,fault_noise_spike_sev3,noise_spike,60.0,3,12413,False,True,False,False,30.0,400,3.3664717150920485,7.266848961018441,90.25422077764232,15
E_ann_imitator,dense,fault_noise_spike_sev3,noise_spike,60.0,4,839153,False,True,False,False,95.99999999999996,400,3.2289517809014177,10.928292661341303,29.54772137412035,48
E_ann_imitator,dense,fault_noise_spike_sev3,noise_spike,60.0,5,26206,False,True,False,False,78.0,400,3.2995483320387904,12.230718695319268,47.878452415144636,39
E_ann_imitator,dense,fault_noise_spike_sev3,noise_spike,60.0,6,85702,False,True,False,False,99.99999999999999,400,2.150079524757933,11.512140616016387,74.65814659523494,50
E_ann_imitator,dense,fault_noise_spike_sev3,noise_spike,60.0,7,720542,False,True,False,False,116.0,400,1.7781602031515407,9.283826954123201,90.58626346640943,58
E_ann_imitator,dense,fault_noise_spike_sev3,noise_spike,60.0,8,43194,True,False,False,False,122.0,61,3.897131692179262,12.527811765094539,3.9552810949020567,61
E_ann_imitator,dense,fault_noise_spike_sev3,noise_spike,60.0,9,76840,False,True,False,False,30.0,400,1.7335121797602204,12.971451070767618,89.10819861413005,15
E_ann_imitator,dense,fault_noise_spike_sev3,noise_spike,60.0,10,827195,False,True,False,False,104.00000000000001,400,1.7720854448068697,10.060033679796312,80.33997366791772,52
E_ann_imitator,dense,fault_noise_spike_sev3,noise_spike,60.0,11,891107,False,True,False,False,46.0,400,2.2135147971472087,8.049265898674896,85.47403235390759,23
E_ann_imitator,dense,fault_noise_spike_sev3,noise_spike,60.0,12,419585,False,True,False,False,186.0,400,2.888415908300019,12.18447913126069,63.998232408623586,93
E_ann_imitator,dense,fault_noise_spike_sev3,noise_spike,60.0,13,197278,False,True,False,False,54.0,400,2.5868478354834434,10.720340525416786,70.18368183602334,27
E_ann_imitator,dense,fault_noise_spike_sev3,noise_spike,60.0,14,662269,False,True,False,False,100.00000000000003,400,1.7877983951533747,11.774480187503626,78.72364911763292,50
E_ann_imitator,dense,fault_noise_spike_sev3,noise_spike,60.0,15,666954,False,True,False,False,26.0,400,1.7369196058688527,12.266631045541532,99.23555690101891,13
E_ann_imitator,dense,fault_noise_spike_sev3,noise_spike,60.0,16,764983,False,True,False,False,28.0,400,3.3355654753895427,19.39194598193568,93.43533185614083,14
E_ann_imitator,dense,fault_noise_spike_sev3,noise_spike,60.0,17,888532,False,True,False,False,17.999999999999996,400,2.6427288268498366,15.759773326355441,100.81534651621986,9
E_ann_imitator,dense,fault_noise_spike_sev3,noise_spike,60.0,18,155719,False,True,False,False,42.0,400,2.06977179025985,11.394097626438977,79.55585026077617,21
E_ann_imitator,dense,fault_noise_spike_sev3,noise_spike,60.0,19,579943,False,True,False,False,106.0,400,1.9041690031330383,11.17527148669171,94.52907513551074,53
E_ann_imitator,dense,fault_noise_spike_sev3,noise_spike,60.0,20,727353,False,True,False,False,36.0,400,1.683663928411588,14.207007153021364,83.38911346084603,18
E_ann_imitator,dense,fault_noise_spike_sev3,noise_spike,60.0,21,6151,False,True,False,False,17.999999999999996,400,3.413087331045319,9.944486415580572,103.45793189123278,9
E_ann_imitator,dense,fault_noise_spike_sev3,noise_spike,60.0,22,710788,False,True,False,False,72.0,400,1.9578077724756657,10.465393308326863,58.908663057707024,36
E_ann_imitator,dense,fault_noise_spike_sev3,noise_spike,60.0,23,138531,False,True,False,False,102.0,400,3.4328328389811817,14.58261138341163,64.72875531532777,51
E_ann_imitator,dense,fault_noise_spike_sev3,noise_spike,60.0,24,281206,False,True,False,False,104.00000000000001,400,1.8000690514660331,17.89299053171716,54.99076627387218,52
E_ann_imitator,dense,fault_noise_spike_sev3,noise_spike,60.0,25,90320,False,True,False,False,83.99999999999999,400,1.6684640804510338,12.208387431022185,70.8701160505098,42
E_ann_imitator,dense,fault_noise_spike_sev3,noise_spike,60.0,26,473688,False,True,False,False,102.0,400,2.93301324352981,9.607591417884414,82.60821318604299,51
E_ann_imitator,dense,fault_noise_spike_sev3,noise_spike,60.0,27,950752,False,True,False,False,26.0,400,3.509484019452558,10.138734705788945,95.53259470872551,13
E_ann_imitator,dense,fault_noise_spike_sev3,noise_spike,60.0,28,974050,False,True,False,False,32.0,400,2.6114961066341826,11.808588362897135,95.11319351222905,16
E_ann_imitator,dense,fault_noise_spike_sev3,noise_spike,60.0,29,162968,False,True,False,False,68.0,400,2.918385093385337,18.46530759768844,68.4187401751832,34
E_ann_imitator,dense,fault_noise_spike_sev3,noise_spike,60.0,30,247501,False,True,False,False,97.99999999999999,400,2.6708310072306425,7.103952315694586,90.01942886900106,49
E_ann_imitator,dense,fault_noise_spike_sev3,noise_spike,60.0,31,611736,False,True,False,False,103.99999999999999,400,2.336313747731662,15.416345893225822,91.15259778477473,52
E_ann_imitator,dense,fault_noise_spike_sev3,noise_spike,60.0,32,202663,False,True,False,False,10.0,400,3.5867610545413937,13.183900658882118,109.0499240166946,5
E_ann_imitator,dense,fault_noise_spike_sev3,noise_spike,60.0,33,749349,False,True,False,False,58.0,400,2.617461324711513,13.963244147262744,65.10532188518057,29
E_ann_imitator,dense,fault_noise_spike_sev3,noise_spike,60.0,34,67944,False,True,False,False,86.0,400,2.5212898795503436,14.38672762682964,81.13889496619687,43
E_ann_imitator,dense,fault_noise_spike_sev3,noise_spike,60.0,35,667972,False,True,False,False,61.99999999999999,400,2.5300497315016757,16.673854734206365,67.27568263645911,31
E_ann_imitator,dense,fault_noise_spike_sev3,noise_spike,60.0,36,284085,True,False,False,False,122.0,61,3.185419202180074,14.29189838716644,2.4816769024059346,61
E_ann_imitator,dense,fault_noise_spike_sev3,noise_spike,60.0,37,56648,False,True,False,False,50.000000000000014,400,2.3474069189929616,8.79465180968984,69.17924686183686,25
E_ann_imitator,dense,fault_noise_spike_sev3,noise_spike,60.0,38,883846,False,True,False,False,43.99999999999999,400,3.1306656685004293,13.330604175180683,88.20383686073174,22
E_ann_imitator,dense,fault_noise_spike_sev3,noise_spike,60.0,39,542999,False,True,False,False,76.0,400,3.3955094255003666,16.350423214264172,46.04019932961834,38
E_ann_imitator,dense,fault_noise_spike_sev3,noise_spike,60.0,40,876790,False,True,False,False,78.0,400,3.0704928642482177,13.421732514943855,73.40878151583244,39
E_ann_imitator,dense,fault_noise_spike_sev3,noise_spike,60.0,41,864562,False,True,False,False,29.999999999999993,400,3.28746649394121,16.64247081599794,93.60354011537714,15
E_ann_imitator,dense,fault_noise_spike_sev3,noise_spike,60.0,42,110485,False,True,False,False,102.0,400,2.008592215229744,11.189365997557985,72.42132867828589,51
E_ann_imitator,dense,fault_noise_spike_sev3,noise_spike,60.0,43,8300,False,True,False,False,56.0,400,2.379643662769551,14.452258284473558,85.46141142235754,28
E_ann_imitator,dense,fault_noise_spike_sev3,noise_spike,60.0,44,503793,False,True,False,False,74.0,400,3.127413424255992,6.023063442315516,82.65198049761993,37
E_ann_imitator,dense,fault_noise_spike_sev3,noise_spike,60.0,45,352372,False,True,False,False,18.000000000000004,400,1.8387150948345508,19.205056330339218,101.25087804743346,9
E_ann_imitator,dense,fault_noise_spike_sev3,noise_spike,60.0,46,454845,False,True,False,False,76.0,400,2.327101859962031,10.036033566297196,58.91568540219538,38
E_ann_imitator,dense,fault_noise_spike_sev3,noise_spike,60.0,47,837206,False,True,False,False,102.0,400,2.2174253094295717,15.187669242635131,27.738357426696243,51
E_ann_imitator,dense,fault_noise_spike_sev3,noise_spike,60.0,48,834851,False,True,False,False,48.0,400,2.9649890339084672,7.183991941519515,81.7406720276168,24
E_ann_imitator,dense,fault_noise_spike_sev3,noise_spike,60.0,49,457512,False,True,False,False,70.0,400,3.9573505789475654,13.183595292887174,80.39495742593213,35
D_nsga2_flc_fault_aware,sparse,clean,,,0,404653,False,True,False,False,604.0,400,2.7286486528726925,2.2502929251637283,74.20858020495652,302
D_nsga2_flc_fault_aware,sparse,clean,,,1,215753,False,True,False,False,104.0,400,2.572143594999531,5.126962951065909,90.99219461232825,52
D_nsga2_flc_fault_aware,sparse,clean,,,2,944924,False,True,False,False,98.0,400,2.0883742247233292,5.144096377005416,90.36870703811556,49
D_nsga2_flc_fault_aware,sparse,clean,,,3,12413,False,True,False,False,76.0,400,3.6408396718709413,4.859783817330772,46.17622556759288,38
D_nsga2_flc_fault_aware,sparse,clean,,,4,839153,False,True,False,False,140.0,400,3.295890129798075,3.4643869847017963,64.26796523084275,70
D_nsga2_flc_fault_aware,sparse,clean,,,5,26206,False,True,False,False,105.99999999999997,400,1.8278345500531619,4.527460853658595,68.00592987821958,53
D_nsga2_flc_fault_aware,sparse,clean,,,6,85702,False,True,False,False,310.0,400,2.381795121685543,3.1388328674490835,39.91342373381545,155
D_nsga2_flc_fault_aware,sparse,clean,,,7,720542,False,True,False,False,105.99999999999994,400,1.5461979810765738,3.086945396324346,46.50664499932887,53
D_nsga2_flc_fault_aware,sparse,clean,,,8,43194,False,False,True,False,800.0,400,5.218169016737027,2.9743559486051128,22.449093352263194,400
D_nsga2_flc_fault_aware,sparse,clean,,,9,76840,False,True,False,False,364.0,400,2.0680765867997266,3.3845642502389675,70.30402528182474,182
D_nsga2_flc_fault_aware,sparse,clean,,,10,827195,False,True,False,False,108.0,400,3.3620346070870912,3.530168613624432,35.539141351696195,54
D_nsga2_flc_fault_aware,sparse,clean,,,11,891107,False,True,False,False,118.0,400,2.8745228476240996,2.6256855681894815,53.63557755043717,59
D_nsga2_flc_fault_aware,sparse,clean,,,12,419585,False,False,True,False,800.0,400,2.7524236657639944,2.4444243715585476,99.87343321809063,400
D_nsga2_flc_fault_aware,sparse,clean,,,13,197278,False,True,False,False,48.00000000000001,400,2.635857053195095,4.626725530758155,71.03457312709148,24
D_nsga2_flc_fault_aware,sparse,clean,,,14,662269,False,True,False,False,98.0,400,1.7257417154745045,4.079036964093038,91.37847858783007,49
D_nsga2_flc_fault_aware,sparse,clean,,,15,666954,False,True,False,False,23.999999999999996,400,1.575035892260809,15.274338079851603,97.80679372905855,12
D_nsga2_flc_fault_aware,sparse,clean,,,16,764983,False,True,False,False,270.00000000000006,400,1.75959135517602,4.480587461158889,11.178780979673885,135
D_nsga2_flc_fault_aware,sparse,clean,,,17,888532,False,True,False,False,186.0,400,1.8722191592482462,3.541424470006801,97.63357494436072,93
D_nsga2_flc_fault_aware,sparse,clean,,,18,155719,False,True,False,False,304.0,400,1.6881899399062175,2.3789409300465714,43.465744879072744,152
D_nsga2_flc_fault_aware,sparse,clean,,,19,579943,False,True,False,False,116.0,400,2.84424612623849,5.230797637178762,58.70050958297311,58
D_nsga2_flc_fault_aware,sparse,clean,,,20,727353,False,True,False,False,118.0,400,2.2921944498388616,3.5498285497105417,14.801439179826687,59
D_nsga2_flc_fault_aware,sparse,clean,,,21,6151,False,True,False,False,92.0,400,1.7700701259570293,4.40379366418776,90.96734939864348,46
D_nsga2_flc_fault_aware,sparse,clean,,,22,710788,False,True,False,False,298.0,400,2.3404117136964584,3.1242465853148116,27.219367801658848,149
D_nsga2_flc_fault_aware,sparse,clean,,,23,138531,False,True,False,False,68.0,400,2.5221224519820664,4.85037293191937,80.92583356085093,34
D_nsga2_flc_fault_aware,sparse,clean,,,24,281206,False,True,False,False,48.0,400,1.6132606238117317,6.71659442503141,71.92990893606351,24
D_nsga2_flc_fault_aware,sparse,clean,,,25,90320,False,False,True,False,800.0,400,5.902035249237594,2.6169788373218457,91.13593845813665,400
D_nsga2_flc_fault_aware,sparse,clean,,,26,473688,False,True,False,False,290.0,400,1.9968834242823768,2.0533874610854403,68.54696944468324,145
D_nsga2_flc_fault_aware,sparse,clean,,,27,950752,False,True,False,False,25.999999999999996,400,1.8943989204031295,13.003766065145015,94.27406503793047,13
D_nsga2_flc_fault_aware,sparse,clean,,,28,974050,False,True,False,False,96.0,400,2.3720816304187924,4.972292194076254,91.31831095765394,48
D_nsga2_flc_fault_aware,sparse,clean,,,29,162968,False,True,False,False,126.00000000000003,400,3.771715383647491,1.6888135607362462,22.218437250021136,63
D_nsga2_flc_fault_aware,sparse,clean,,,30,247501,False,True,False,False,70.0,400,2.283279248559397,6.146382165529343,82.306670178526,35
D_nsga2_flc_fault_aware,sparse,clean,,,31,611736,False,True,False,False,100.0,400,1.6920644156457412,4.910081370015413,91.81447983752923,50
D_nsga2_flc_fault_aware,sparse,clean,,,32,202663,False,True,False,False,98.0,400,2.056770934018358,8.678323905381665,91.00469667514808,49
D_nsga2_flc_fault_aware,sparse,clean,,,33,749349,False,True,False,False,54.0,400,2.377790286882816,4.043209121998649,66.02842392823166,27
D_nsga2_flc_fault_aware,sparse,clean,,,34,67944,False,True,False,False,99.99999999999997,400,1.8897529475297048,5.381044697489911,87.9475923404228,50
D_nsga2_flc_fault_aware,sparse,clean,,,35,667972,False,True,False,False,125.99999999999999,400,1.9701319822894747,4.056355983137824,90.62257836402429,63
D_nsga2_flc_fault_aware,sparse,clean,,,36,284085,False,True,False,False,82.00000000000001,400,2.3707977592470026,4.599087796768184,38.26485754460811,41
D_nsga2_flc_fault_aware,sparse,clean,,,37,56648,False,True,False,False,110.0,400,2.869937105373737,2.932670165189063,90.73608593076881,55
D_nsga2_flc_fault_aware,sparse,clean,,,38,883846,False,True,False,False,94.00000000000003,400,1.94773679907115,4.777108977748285,51.131079727765716,47
D_nsga2_flc_fault_aware,sparse,clean,,,39,542999,False,True,False,False,46.0,400,2.412010875616306,7.608123307306522,78.91921281505931,23
D_nsga2_flc_fault_aware,sparse,clean,,,40,876790,True,False,False,False,135.99999999999997,68,3.8267419504067766,2.478009485757583,3.9761796101894413,68
D_nsga2_flc_fault_aware,sparse,clean,,,41,864562,False,True,False,False,44.00000000000001,400,2.0421574321991933,6.027835802783682,84.20272728224138,22
D_nsga2_flc_fault_aware,sparse,clean,,,42,110485,False,True,False,False,133.99999999999997,400,2.496969641681495,5.021937402240198,89.29420724820804,67
D_nsga2_flc_fault_aware,sparse,clean,,,43,8300,False,True,False,False,110.0,400,2.327832143852892,5.092177538890988,90.61654773824564,55
D_nsga2_flc_fault_aware,sparse,clean,,,44,503793,False,True,False,False,98.00000000000003,400,3.266814202685078,3.7889589849170724,54.97426484799226,49
D_nsga2_flc_fault_aware,sparse,clean,,,45,352372,False,True,False,False,342.0,400,1.8144262139354548,3.331297859286669,66.34169092723643,171
D_nsga2_flc_fault_aware,sparse,clean,,,46,454845,False,True,False,False,289.99999999999994,400,2.740829064628356,2.917411635799773,42.97204678441683,145
D_nsga2_flc_fault_aware,sparse,clean,,,47,837206,False,True,False,False,177.99999999999997,400,2.5925939877812216,2.179805829038831,88.44038884757047,89
D_nsga2_flc_fault_aware,sparse,clean,,,48,834851,False,True,False,False,94.0,400,2.186803297311712,4.916477969569486,90.9924277821157,47
D_nsga2_flc_fault_aware,sparse,clean,,,49,457512,False,True,False,False,36.000000000000014,400,2.397683003937762,8.037951116394318,85.0456694288205,18
D_nsga2_flc_fault_aware,sparse,fault_dropout,dropout,,0,404653,False,True,False,False,118.0,400,1.8775054155924822,0.9020327703261831,14.148886676674216,59
D_nsga2_flc_fault_aware,sparse,fault_dropout,dropout,,1,215753,False,True,False,False,108.0,400,1.7968369625392875,3.1216354196702523,91.84524393880535,54
D_nsga2_flc_fault_aware,sparse,fault_dropout,dropout,,2,944924,False,True,False,False,82.0,400,1.5543939298418277,3.973779093964436,91.98481673435029,41
D_nsga2_flc_fault_aware,sparse,fault_dropout,dropout,,3,12413,False,True,False,False,56.0,400,1.5526229311601991,4.128367699864193,68.56293925411582,28
D_nsga2_flc_fault_aware,sparse,fault_dropout,dropout,,4,839153,False,True,False,False,109.99999999999997,400,2.1934592904088737,1.5759877032623166,31.573971562711055,55
D_nsga2_flc_fault_aware,sparse,fault_dropout,dropout,,5,26206,False,True,False,False,83.99999999999999,400,2.763385760868856,1.8139640155641725,68.3307346125218,42
D_nsga2_flc_fault_aware,sparse,fault_dropout,dropout,,6,85702,False,True,False,False,96.0,400,1.6707343686326739,1.6157605268999802,73.0089309188302,48
D_nsga2_flc_fault_aware,sparse,fault_dropout,dropout,,7,720542,False,True,False,False,105.99999999999994,400,1.9993795345836842,1.7946258817692449,32.450132051980844,53
D_nsga2_flc_fault_aware,sparse,fault_dropout,dropout,,8,43194,False,True,False,False,110.0,400,3.2186505491906887,2.246370828754766,41.538443978908056,55
D_nsga2_flc_fault_aware,sparse,fault_dropout,dropout,,9,76840,False,True,False,False,130.0,400,2.20020073538665,2.92642146927132,91.75910201252569,65
D_nsga2_flc_fault_aware,sparse,fault_dropout,dropout,,10,827195,False,True,False,False,112.0,400,1.6239445983769172,2.5285696154152943,26.013959777820137,56
D_nsga2_flc_fault_aware,sparse,fault_dropout,dropout,,11,891107,False,True,False,False,112.0,400,2.0413086469236386,2.1205192964841997,43.33208548845717,56
D_nsga2_flc_fault_aware,sparse,fault_dropout,dropout,,12,419585,False,True,False,False,110.0,400,2.5765969204792984,0.8135053011859725,58.29201099457612,55
D_nsga2_flc_fault_aware,sparse,fault_dropout,dropout,,13,197278,False,True,False,False,48.00000000000001,400,2.220066098668501,3.9822124407314057,70.99106837141555,24
D_nsga2_flc_fault_aware,sparse,fault_dropout,dropout,,14,662269,False,True,False,False,70.0,400,1.9139332270548177,1.691322762647823,72.15895449125144,35
D_nsga2_flc_fault_aware,sparse,fault_dropout,dropout,,15,666954,False,True,False,False,23.999999999999996,400,1.575035892260809,15.274338079851603,97.80679372905855,12
D_nsga2_flc_fault_aware,sparse,fault_dropout,dropout,,16,764983,False,True,False,False,46.0,400,2.088245460400602,5.450516419969066,73.19958371348513,23
D_nsga2_flc_fault_aware,sparse,fault_dropout,dropout,,17,888532,False,True,False,False,100.00000000000001,400,3.0770374409279846,3.39031958243472,53.388806365434746,50
D_nsga2_flc_fault_aware,sparse,fault_dropout,dropout,,18,155719,False,True,False,False,123.99999999999999,400,2.72821136421505,1.384191816229146,9.545712724662264,62
D_nsga2_flc_fault_aware,sparse,fault_dropout,dropout,,19,579943,False,True,False,False,100.0,400,2.211443270030186,4.328127809694056,67.67480500874436,50
D_nsga2_flc_fault_aware,sparse,fault_dropout,dropout,,20,727353,False,True,False,False,104.0,400,2.060387850494202,1.4416125393372676,74.70900949995668,52
D_nsga2_flc_fault_aware,sparse,fault_dropout,dropout,,21,6151,False,True,False,False,74.0,400,2.31982468285661,3.1544532221590105,81.11331674801372,37
D_nsga2_flc_fault_aware,sparse,fault_dropout,dropout,,22,710788,False,True,False,False,82.0,400,3.2191084774830037,2.2010069400584493,37.91096014272478,41
D_nsga2_flc_fault_aware,sparse,fault_dropout,dropout,,23,138531,False,True,False,False,67.99999999999999,400,2.653134671112206,4.9076582214015865,86.28610703236815,34
D_nsga2_flc_fault_aware,sparse,fault_dropout,dropout,,24,281206,False,True,False,False,46.000000000000014,400,3.5031875224481173,1.882358847625144,73.82458939686258,23
D_nsga2_flc_fault_aware,sparse,fault_dropout,dropout,,25,90320,False,True,False,False,90.0,400,1.7499415292026386,1.3919869785941594,64.56818349570851,45
D_nsga2_flc_fault_aware,sparse,fault_dropout,dropout,,26,473688,False,True,False,False,127.99999999999999,400,2.354055544827268,1.3207876428475154,8.396583856394598,64
D_nsga2_flc_fault_aware,sparse,fault_dropout,dropout,,27,950752,False,True,False,False,25.999999999999996,400,1.8943989204031295,13.003766065145015,94.27406503793047,13
D_nsga2_flc_fault_aware,sparse,fault_dropout,dropout,,28,974050,False,True,False,False,91.99999999999997,400,3.3527743659912628,2.7527829812246,84.66597898535534,46
D_nsga2_flc_fault_aware,sparse,fault_dropout,dropout,,29,162968,True,False,False,False,120.0,60,9.053545695759196,0.9181191977907611,3.2417560701800165,60
D_nsga2_flc_fault_aware,sparse,fault_dropout,dropout,,30,247501,False,True,False,False,70.0,400,2.283279248559397,6.146356045317275,82.30666061837465,35
D_nsga2_flc_fault_aware,sparse,fault_dropout,dropout,,31,611736,False,True,False,False,80.0,400,3.362457479580598,2.5577492071732495,77.89553740382532,40
D_nsga2_flc_fault_aware,sparse,fault_dropout,dropout,,32,202663,False,True,False,False,98.0,400,2.331475472746342,3.744988748770629,91.59917990139907,49
D_nsga2_flc_fault_aware,sparse,fault_dropout,dropout,,33,749349,False,True,False,False,54.0,400,2.7541536623348906,0.7382130836884421,66.09599056695748,27
D_nsga2_flc_fault_aware,sparse,fault_dropout,dropout,,34,67944,False,True,False,False,94.0,400,2.8429640437510755,1.9133539819338687,35.154031054900734,47
D_nsga2_flc_fault_aware,sparse,fault_dropout,dropout,,35,667972,False,True,False,False,90.0,400,1.7491656088498313,1.1349764821378927,56.317916803455724,45
D_nsga2_flc_fault_aware,sparse,fault_dropout,dropout,,36,284085,False,True,False,False,126.0,400,1.8483720121454623,1.1663576806901976,7.418386892697106,63
D_nsga2_flc_fault_aware,sparse,fault_dropout,dropout,,37,56648,False,True,False,False,116.00000000000001,400,2.002626803043424,1.567078485420636,91.320104175291,58
D_nsga2_flc_fault_aware,sparse,fault_dropout,dropout,,38,883846,False,True,False,False,92.00000000000001,400,1.592680564224059,3.9151230423178034,54.34284545165494,46
D_nsga2_flc_fault_aware,sparse,fault_dropout,dropout,,39,542999,False,True,False,False,46.0,400,2.3667276832894615,7.156757419740329,76.20726021019897,23
D_nsga2_flc_fault_aware,sparse,fault_dropout,dropout,,40,876790,False,True,False,False,101.99999999999999,400,2.278836601872809,2.0300400274899206,42.675291470502025,51
D_nsga2_flc_fault_aware,sparse,fault_dropout,dropout,,41,864562,False,True,False,False,42.0,400,1.6821250565349992,1.769019340624791,79.80234818033153,21
D_nsga2_flc_fault_aware,sparse,fault_dropout,dropout,,42,110485,False,True,False,False,105.99999999999999,400,1.7939669891798309,1.8544513649996852,51.546587189015355,53
D_nsga2_flc_fault_aware,sparse,fault_dropout,dropout,,43,8300,False,True,False,False,100.0,400,1.835314866896757,4.849965544551059,51.08780998924017,50
D_nsga2_flc_fault_aware,sparse,fault_dropout,dropout,,44,503793,False,True,False,False,98.00000000000001,400,3.1978668985523484,2.8653391980276073,55.255618234985754,49
D_nsga2_flc_fault_aware,sparse,fault_dropout,dropout,,45,352372,False,True,False,False,112.0,400,2.3322790192529945,2.318792409061935,28.714648804795132,56
D_nsga2_flc_fault_aware,sparse,fault_dropout,dropout,,46,454845,False,True,False,False,114.0,400,2.503680399122596,1.3493621993333014,16.89831771303608,57
D_nsga2_flc_fault_aware,sparse,fault_dropout,dropout,,47,837206,False,True,False,False,96.00000000000001,400,1.6007913103377478,1.2450731568304994,27.132680005909954,48
D_nsga2_flc_fault_aware,sparse,fault_dropout,dropout,,48,834851,False,True,False,False,96.0,400,2.037908535923464,4.391657221731703,90.39582668812689,48
D_nsga2_flc_fault_aware,sparse,fault_dropout,dropout,,49,457512,False,True,False,False,36.000000000000014,400,2.397683003937762,8.037951116394318,85.0456694288205,18
D_nsga2_flc_fault_aware,sparse,fault_bias,bias,,0,404653,False,True,False,False,132.0,400,2.7308819944292977,14.35478683328346,65.80704759658643,66
D_nsga2_flc_fault_aware,sparse,fault_bias,bias,,1,215753,False,True,False,False,108.0,400,1.9004588287682767,3.4445898604990615,88.12688855331415,54
D_nsga2_flc_fault_aware,sparse,fault_bias,bias,,2,944924,False,True,False,False,95.99999999999999,400,2.037330825549861,4.390830925490721,76.81225184292623,48
D_nsga2_flc_fault_aware,sparse,fault_bias,bias,,3,12413,False,True,False,False,56.0,400,1.6292508585084926,4.219715610102968,68.9785731919024,28
D_nsga2_flc_fault_aware,sparse,fault_bias,bias,,4,839153,True,False,False,False,127.99999999999999,64,6.863222987924045,3.712849904069494,3.239298669135638,64
D_nsga2_flc_fault_aware,sparse,fault_bias,bias,,5,26206,False,True,False,False,51.999999999999986,400,4.4611507661486485,2.7294065286538847,75.99714883135142,26
D_nsga2_flc_fault_aware,sparse,fault_bias,bias,,6,85702,False,True,False,False,114.0,400,2.157457072431822,1.553357394593907,91.64472574348748,57
D_nsga2_flc_fault_aware,sparse,fault_bias,bias,,7,720542,False,True,False,False,107.99999999999994,400,2.3542489858262567,1.9574629769352487,27.562920959427213,54
D_nsga2_flc_fault_aware,sparse,fault_bias,bias,,8,43194,False,True,False,False,258.0,400,1.8214680758585242,3.9563510580314607,42.5100763519647,129
D_nsga2_flc_fault_aware,sparse,fault_bias,bias,,9,76840,False,True,False,False,86.0,400,3.125546481508882,4.469049478412006,48.97164347465909,43
D_nsga2_flc_fault_aware,sparse,fault_bias,bias,,10,827195,False,True,False,False,114.0,400,2.658933075579561,4.364484106850115,64.62931506910587,57
D_nsga2_flc_fault_aware,sparse,fault_bias,bias,,11,891107,False,True,False,False,118.0,400,3.068275250654791,2.687212834572421,53.56133866076754,59
D_nsga2_flc_fault_aware,sparse,fault_bias,bias,,12,419585,False,True,False,False,84.0,400,3.4497713415043587,0.9439980637789519,37.81556870552816,42
D_nsga2_flc_fault_aware,sparse,fault_bias,bias,,13,197278,False,True,False,False,48.00000000000001,400,2.1392329723249346,5.9471920750549225,71.01747910477745,24
D_nsga2_flc_fault_aware,sparse,fault_bias,bias,,14,662269,False,True,False,False,299.99999999999994,400,1.9874904809724605,7.044829178629222,61.615483386261886,150
D_nsga2_flc_fault_aware,sparse,fault_bias,bias,,15,666954,False,True,False,False,23.999999999999996,400,1.575035892260809,15.274338079851603,97.80679372905855,12
D_nsga2_flc_fault_aware,sparse,fault_bias,bias,,16,764983,False,True,False,False,112.0,400,1.7930359136774114,4.259631352669318,62.62628515482601,56
D_nsga2_flc_fault_aware,sparse,fault_bias,bias,,17,888532,False,True,False,False,124.0,400,1.843138557773512,3.5712357367858387,91.92742333286294,62
D_nsga2_flc_fault_aware,sparse,fault_bias,bias,,18,155719,False,True,False,False,86.0,400,1.8939080100360615,1.8602424850307056,35.46472651850376,43
D_nsga2_flc_fault_aware,sparse,fault_bias,bias,,19,579943,False,True,False,False,44.0,400,2.2766519496188726,7.861739262530955,75.31632204865247,22
D_nsga2_flc_fault_aware,sparse,fault_bias,bias,,20,727353,False,True,False,False,114.0,400,1.852142332423093,4.481253643935815,42.55926173745622,57
D_nsga2_flc_fault_aware,sparse,fault_bias,bias,,21,6151,False,True,False,False,73.99999999999999,400,1.951924293647322,3.290185499749931,79.9133119621953,37
D_nsga2_flc_fault_aware,sparse,fault_bias,bias,,22,710788,False,True,False,False,82.0,400,2.8510961322652717,2.7339177046436145,38.04333763228278,41
D_nsga2_flc_fault_aware,sparse,fault_bias,bias,,23,138531,False,True,False,False,68.00000000000001,400,2.8818263164411864,4.436396644095521,78.89585761677927,34
D_nsga2_flc_fault_aware,sparse,fault_bias,bias,,24,281206,False,True,False,False,46.0,400,2.692553028616454,3.8587975555926826,76.06172100676136,23
D_nsga2_flc_fault_aware,sparse,fault_bias,bias,,25,90320,False,True,False,False,110.0,400,2.1627512974085086,2.1240401073252038,68.73882124770915,55
D_nsga2_flc_fault_aware,sparse,fault_bias,bias,,26,473688,False,True,False,False,124.0,400,3.409618817869049,2.098691059735175,15.054459627119666,62
D_nsga2_flc_fault_aware,sparse,fault_bias,bias,,27,950752,False,True,False,False,25.999999999999996,400,1.8943989204031295,13.003766065145015,94.27406503793047,13
D_nsga2_flc_fault_aware,sparse,fault_bias,bias,,28,974050,False,True,False,False,93.99999999999999,400,2.5661522649698,2.7158841151912427,91.28610602127827,47
D_nsga2_flc_fault_aware,sparse,fault_bias,bias,,29,162968,False,True,False,False,247.99999999999997,400,2.2971312678744047,7.412317397943968,92.97582769760287,124
D_nsga2_flc_fault_aware,sparse,fault_bias,bias,,30,247501,False,True,False,False,70.0,400,2.4357324912246527,4.233257508022413,80.30186386948982,35
D_nsga2_flc_fault_aware,sparse,fault_bias,bias,,31,611736,False,True,False,False,95.99999999999999,400,1.836521330730389,2.385273761373659,91.90473700284562,48
D_nsga2_flc_fault_aware,sparse,fault_bias,bias,,32,202663,False,True,False,False,94.0,400,3.043588565569292,4.104635560929822,91.01200981584114,47
D_nsga2_flc_fault_aware,sparse,fault_bias,bias,,33,749349,False,True,False,False,54.0,400,2.149587724428636,2.198638029606445,68.53788012077595,27
D_nsga2_flc_fault_aware,sparse,fault_bias,bias,,34,67944,False,True,False,False,87.99999999999999,400,2.652904636166959,4.063912985087728,91.49079676728505,44
D_nsga2_flc_fault_aware,sparse,fault_bias,bias,,35,667972,False,True,False,False,86.0,400,1.7233264067050638,2.9194461732797055,67.50522124523445,43
D_nsga2_flc_fault_aware,sparse,fault_bias,bias,,36,284085,False,True,False,False,190.00000000000003,400,2.1426530273085436,5.637497128766703,76.40122214107066,95
D_nsga2_flc_fault_aware,sparse,fault_bias,bias,,37,56648,False,True,False,False,104.0,400,3.263517923500907,2.6438765606841814,91.48888302570964,52
D_nsga2_flc_fault_aware,sparse,fault_bias,bias,,38,883846,False,True,False,False,74.00000000000001,400,2.5823584959482924,4.170083674632323,92.54773288916441,37
D_nsga2_flc_fault_aware,sparse,fault_bias,bias,,39,542999,False,True,False,False,90.0,400,2.8406629184111964,4.746844822543276,91.41330498257429,45
D_nsga2_flc_fault_aware,sparse,fault_bias,bias,,40,876790,False,True,False,False,148.0,400,2.709009619107791,2.5638609154756895,11.476971307767327,74
D_nsga2_flc_fault_aware,sparse,fault_bias,bias,,41,864562,False,True,False,False,44.0,400,2.1924048636273032,5.9428822120852995,93.03911713444478,22
D_nsga2_flc_fault_aware,sparse,fault_bias,bias,,42,110485,False,True,False,False,133.99999999999997,400,1.9125888093096821,2.067245464340664,91.73810397388154,67
D_nsga2_flc_fault_aware,sparse,fault_bias,bias,,43,8300,False,True,False,False,108.0,400,2.454044637026373,4.976598961785815,91.6591310779718,54
D_nsga2_flc_fault_aware,sparse,fault_bias,bias,,44,503793,False,True,False,False,80.0,400,2.0971393363462494,2.930556720397037,61.68260255732067,40
D_nsga2_flc_fault_aware,sparse,fault_bias,bias,,45,352372,False,True,False,False,117.99999999999999,400,1.80754555483282,4.818431656494699,46.892451980786,59
D_nsga2_flc_fault_aware,sparse,fault_bias,bias,,46,454845,True,False,False,False,124.0,62,6.278107413777416,1.6216639908188537,3.5248197788357114,62
D_nsga2_flc_fault_aware,sparse,fault_bias,bias,,47,837206,False,True,False,False,141.99999999999994,400,1.8562592410888885,1.8232668101522689,74.23395310494254,71
D_nsga2_flc_fault_aware,sparse,fault_bias,bias,,48,834851,False,True,False,False,94.0,400,2.828711892440143,4.845145803502522,79.5605630182086,47
D_nsga2_flc_fault_aware,sparse,fault_bias,bias,,49,457512,False,True,False,False,36.000000000000014,400,2.397683003937762,8.037951116394318,85.0456694288205,18
D_nsga2_flc_fault_aware,sparse,fault_stale,stale,,0,404653,False,True,False,False,196.0,400,2.668317548470684,2.1991363774462283,69.81301398330463,98
D_nsga2_flc_fault_aware,sparse,fault_stale,stale,,1,215753,False,True,False,False,108.0,400,2.866690996063746,3.250483501968434,90.16647788410187,54
D_nsga2_flc_fault_aware,sparse,fault_stale,stale,,2,944924,False,True,False,False,97.99999999999999,400,1.987059121469593,5.479318411698378,90.65429944243853,49
D_nsga2_flc_fault_aware,sparse,fault_stale,stale,,3,12413,False,True,False,False,56.0,400,1.5958087103010818,3.595716842270157,67.67226441494917,28
D_nsga2_flc_fault_aware,sparse,fault_stale,stale,,4,839153,False,True,False,False,87.99999999999999,400,1.8749428239354073,3.077530113653422,34.47945800436017,44
D_nsga2_flc_fault_aware,sparse,fault_stale,stale,,5,26206,False,True,False,False,52.0,400,3.12553973142838,8.150261990685117,77.44862026129084,26
D_nsga2_flc_fault_aware,sparse,fault_stale,stale,,6,85702,False,True,False,False,96.0,400,2.2698717898250957,1.7934472538263642,73.00369957732471,48
D_nsga2_flc_fault_aware,sparse,fault_stale,stale,,7,720542,False,True,False,False,109.99999999999991,400,2.0860814386796624,2.3464340174961267,25.63234484624907,55
D_nsga2_flc_fault_aware,sparse,fault_stale,stale,,8,43194,False,True,False,False,76.0,400,2.027036628980358,2.2629686231575206,42.9701969909354,38
D_nsga2_flc_fault_aware,sparse,fault_stale,stale,,9,76840,False,True,False,False,344.0,400,2.2640875664157702,2.495609217223705,40.67720535614715,172
D_nsga2_flc_fault_aware,sparse,fault_stale,stale,,10,827195,False,True,False,False,110.0,400,2.125717634180455,3.3833866747370007,31.282496440626897,55
D_nsga2_flc_fault_aware,sparse,fault_stale,stale,,11,891107,False,True,False,False,118.0,400,1.8975130886902947,2.478544175074999,54.48958486189517,59
D_nsga2_flc_fault_aware,sparse,fault_stale,stale,,12,419585,False,True,False,False,238.0,400,1.5177981695184135,2.246527091072719,71.01764157979332,119
D_nsga2_flc_fault_aware,sparse,fault_stale,stale,,13,197278,False,True,False,False,118.00000000000003,400,1.6188275126188174,3.982379187601652,27.76903923001396,59
D_nsga2_flc_fault_aware,sparse,fault_stale,stale,,14,662269,False,True,False,False,98.0,400,2.4708241782580456,2.809937580440217,90.915344733067,49
D_nsga2_flc_fault_aware,sparse,fault_stale,stale,,15,666954,False,True,False,False,23.999999999999996,400,1.575035892260809,15.274338079851603,97.80679372905855,12
D_nsga2_flc_fault_aware,sparse,fault_stale,stale,,16,764983,False,True,False,False,46.0,400,2.102320006715113,5.906867260915886,73.22465003534516,23
D_nsga2_flc_fault_aware,sparse,fault_stale,stale,,17,888532,False,True,False,False,78.00000000000001,400,1.7772185471803892,8.80739908821977,46.6599212396389,39
D_nsga2_flc_fault_aware,sparse,fault_stale,stale,,18,155719,False,True,False,False,88.0,400,1.849795507523649,1.8491657737603127,33.38020515373839,44
D_nsga2_flc_fault_aware,sparse,fault_stale,stale,,19,579943,False,True,False,False,44.0,400,2.302317879590199,8.239452516988221,75.34446374924056,22
D_nsga2_flc_fault_aware,sparse,fault_stale,stale,,20,727353,False,True,False,False,84.0,400,3.5535485646993275,2.6053779162518773,46.00775653355017,42
D_nsga2_flc_fault_aware,sparse,fault_stale,stale,,21,6151,False,True,False,False,97.99999999999999,400,1.826130508217818,4.876350032556173,90.8710825305419,49
D_nsga2_flc_fault_aware,sparse,fault_stale,stale,,22,710788,False,True,False,False,80.0,400,3.4201523427776275,3.2580193717667165,41.140280601146756,40
D_nsga2_flc_fault_aware,sparse,fault_stale,stale,,23,138531,False,True,False,False,68.0,400,2.6312783653247176,4.760535052995376,80.7365550258327,34
D_nsga2_flc_fault_aware,sparse,fault_stale,stale,,24,281206,False,True,False,False,94.0,400,3.2893635457643566,3.6522534149517916,92.40314872140515,47
D_nsga2_flc_fault_aware,sparse,fault_stale,stale,,25,90320,False,False,True,False,800.0,400,3.764080343278015,2.34706168771736,89.57457766672412,400
D_nsga2_flc_fault_aware,sparse,fault_stale,stale,,26,473688,False,True,False,False,131.99999999999997,400,1.720171144493017,2.082568230059518,37.493242846066444,66
D_nsga2_flc_fault_aware,sparse,fault_stale,stale,,27,950752,False,True,False,False,25.999999999999996,400,1.8943989204031295,13.003766065145015,94.27406503793047,13
D_nsga2_flc_fault_aware,sparse,fault_stale,stale,,28,974050,False,True,False,False,92.0,400,3.1695509498298495,4.133161253227974,80.14971695973193,46
D_nsga2_flc_fault_aware,sparse,fault_stale,stale,,29,162968,False,True,False,False,130.00000000000003,400,2.7342216662927084,1.7282243236268873,23.345877052689506,65
D_nsga2_flc_fault_aware,sparse,fault_stale,stale,,30,247501,False,True,False,False,70.0,400,2.4357324912246527,4.233266320216341,80.30186133623634,35
D_nsga2_flc_fault_aware,sparse,fault_stale,stale,,31,611736,False,True,False,False,96.0,400,2.18875514463845,2.998043358947104,82.22402410399873,48
D_nsga2_flc_fault_aware,sparse,fault_stale,stale,,32,202663,False,True,False,False,96.0,400,1.6238330927459235,3.9628833717924343,92.4287674381979,48
D_nsga2_flc_fault_aware,sparse,fault_stale,stale,,33,749349,False,True,False,False,54.0,400,2.0670083791921843,7.604704489378299,67.26611861523963,27
D_nsga2_flc_fault_aware,sparse,fault_stale,stale,,34,67944,False,True,False,False,94.0,400,2.672600842818199,4.671842315115202,80.49917435217246,47
D_nsga2_flc_fault_aware,sparse,fault_stale,stale,,35,667972,False,True,False,False,86.0,400,2.5738423062509024,2.333792988099951,66.17785417544536,43
D_nsga2_flc_fault_aware,sparse,fault_stale,stale,,36,284085,False,True,False,False,116.00000000000001,400,1.5754779423193994,3.3221134429088206,20.52527985375386,58
D_nsga2_flc_fault_aware,sparse,fault_stale,stale,,37,56648,False,True,False,False,104.00000000000001,400,3.2360091559726616,2.6915422865269667,91.02729004618575,52
D_nsga2_flc_fault_aware,sparse,fault_stale,stale,,38,883846,False,True,False,False,100.0,400,1.9765519725442326,4.089381576415246,80.58167670696248,50
D_nsga2_flc_fault_aware,sparse,fault_stale,stale,,39,542999,False,True,False,False,98.0,400,2.8245332237817924,5.02146869661404,90.9839504232917,49
D_nsga2_flc_fault_aware,sparse,fault_stale,stale,,40,876790,False,True,False,False,148.0,400,3.2363480154120543,4.402454489662236,8.884938063243132,74
D_nsga2_flc_fault_aware,sparse,fault_stale,stale,,41,864562,False,True,False,False,41.99999999999999,400,1.7433443826148123,1.7671666724643766,79.83701274840539,21
D_nsga2_flc_fault_aware,sparse,fault_stale,stale,,42,110485,False,True,False,False,136.0,400,3.0190687505114706,2.9523830969320777,79.32089030123868,68
D_nsga2_flc_fault_aware,sparse,fault_stale,stale,,43,8300,False,True,False,False,98.0,400,1.5897865514539915,6.395259976307297,72.42275031869022,49
D_nsga2_flc_fault_aware,sparse,fault_stale,stale,,44,503793,False,True,False,False,100.0,400,1.652819183432938,4.700966484649885,55.18032750841811,50
D_nsga2_flc_fault_aware,sparse,fault_stale,stale,,45,352372,False,True,False,False,316.0,400,2.344934656467589,3.5471618131347653,43.63194180617929,158
D_nsga2_flc_fault_aware,sparse,fault_stale,stale,,46,454845,False,True,False,False,113.99999999999999,400,2.6673833425449502,1.5650214361623516,16.847338782785005,57
D_nsga2_flc_fault_aware,sparse,fault_stale,stale,,47,837206,False,True,False,False,172.0,400,2.394916102901088,3.064995838633503,90.57475399351766,86
D_nsga2_flc_fault_aware,sparse,fault_stale,stale,,48,834851,False,True,False,False,94.0,400,1.8375226723282794,4.988939565182118,91.36138363924796,47
D_nsga2_flc_fault_aware,sparse,fault_stale,stale,,49,457512,False,True,False,False,36.000000000000014,400,2.397683003937762,8.037951116394318,85.0456694288205,18
D_nsga2_flc_fault_aware,sparse,fault_noise_spike_sev1,noise_spike,12.0,0,404653,False,True,False,False,202.0,400,3.3703686952250616,2.469662769555285,69.88368730274809,101
D_nsga2_flc_fault_aware,sparse,fault_noise_spike_sev1,noise_spike,12.0,1,215753,False,True,False,False,106.0,400,1.866397281842068,5.726717502624518,91.73073769425609,53
D_nsga2_flc_fault_aware,sparse,fault_noise_spike_sev1,noise_spike,12.0,2,944924,False,True,False,False,94.0,400,1.8820393962123603,6.410503071423046,91.56600870813926,47
D_nsga2_flc_fault_aware,sparse,fault_noise_spike_sev1,noise_spike,12.0,3,12413,False,True,False,False,56.0,400,1.6569458230495768,4.299936480467564,69.2656431103879,28
D_nsga2_flc_fault_aware,sparse,fault_noise_spike_sev1,noise_spike,12.0,4,839153,False,True,False,False,113.99999999999999,400,2.095942673474666,3.7158866336713863,39.99864477088188,57
D_nsga2_flc_fault_aware,sparse,fault_noise_spike_sev1,noise_spike,12.0,5,26206,False,True,False,False,102.0,400,2.112220883138901,4.5037580864083475,63.778284140744084,51
D_nsga2_flc_fault_aware,sparse,fault_noise_spike_sev1,noise_spike,12.0,6,85702,False,True,False,False,96.0,400,1.7646257059605055,1.696207302200387,72.9453472575176,48
D_nsga2_flc_fault_aware,sparse,fault_noise_spike_sev1,noise_spike,12.0,7,720542,True,False,False,False,131.99999999999994,66,3.956163275319909,3.8230835375889334,3.3514524071095937,66
D_nsga2_flc_fault_aware,sparse,fault_noise_spike_sev1,noise_spike,12.0,8,43194,False,False,True,False,800.0,400,5.153372138913946,2.936146758027594,28.586333068947084,400
D_nsga2_flc_fault_aware,sparse,fault_noise_spike_sev1,noise_spike,12.0,9,76840,False,True,False,False,130.0,400,2.064985427285145,3.231179744387442,91.41371374303719,65
D_nsga2_flc_fault_aware,sparse,fault_noise_spike_sev1,noise_spike,12.0,10,827195,False,True,False,False,110.0,400,1.8241551101434788,4.824201033969157,30.76732169298725,55
D_nsga2_flc_fault_aware,sparse,fault_noise_spike_sev1,noise_spike,12.0,11,891107,False,True,False,False,122.0,400,2.3367223049607455,2.294096243885304,54.25839256529375,61
D_nsga2_flc_fault_aware,sparse,fault_noise_spike_sev1,noise_spike,12.0,12,419585,False,True,False,False,230.0,400,3.438310972600373,2.356278743258784,78.36341930579398,115
D_nsga2_flc_fault_aware,sparse,fault_noise_spike_sev1,noise_spike,12.0,13,197278,False,True,False,False,158.0,400,2.762668587744554,3.673651453740611,81.9679895740476,79
D_nsga2_flc_fault_aware,sparse,fault_noise_spike_sev1,noise_spike,12.0,14,662269,False,True,False,False,99.99999999999999,400,2.242277648418834,4.05948117916625,89.23336819009793,50
D_nsga2_flc_fault_aware,sparse,fault_noise_spike_sev1,noise_spike,12.0,15,666954,False,True,False,False,23.999999999999996,400,1.575035892260809,15.274338079851603,97.80679372905855,12
D_nsga2_flc_fault_aware,sparse,fault_noise_spike_sev1,noise_spike,12.0,16,764983,False,True,False,False,132.0,400,2.307658368430956,4.367703849335758,90.58686250613444,66
D_nsga2_flc_fault_aware,sparse,fault_noise_spike_sev1,noise_spike,12.0,17,888532,False,True,False,False,104.0,400,2.1614238063933984,4.836004310772396,62.720099209769835,52
D_nsga2_flc_fault_aware,sparse,fault_noise_spike_sev1,noise_spike,12.0,18,155719,False,True,False,False,128.0,400,2.0190961237355607,3.6873904251053755,33.86182256781414,64
D_nsga2_flc_fault_aware,sparse,fault_noise_spike_sev1,noise_spike,12.0,19,579943,False,True,False,False,120.00000000000004,400,2.162256022328169,5.6818156530549455,59.41132749004166,60
D_nsga2_flc_fault_aware,sparse,fault_noise_spike_sev1,noise_spike,12.0,20,727353,False,True,False,False,110.00000000000001,400,2.4785170400037435,4.971582580446476,23.551908204368438,55
D_nsga2_flc_fault_aware,sparse,fault_noise_spike_sev1,noise_spike,12.0,21,6151,False,True,False,False,92.0,400,2.314635099440838,4.590079214825087,90.73775055754103,46
D_nsga2_flc_fault_aware,sparse,fault_noise_spike_sev1,noise_spike,12.0,22,710788,False,True,False,False,520.0,400,2.0495738704851356,3.2771049040486804,23.993756343609746,260
D_nsga2_flc_fault_aware,sparse,fault_noise_spike_sev1,noise_spike,12.0,23,138531,False,True,False,False,68.00000000000001,400,2.1239547723100958,6.805689320960632,83.44884363285739,34
D_nsga2_flc_fault_aware,sparse,fault_noise_spike_sev1,noise_spike,12.0,24,281206,False,True,False,False,48.00000000000001,400,1.7194570589410227,11.18673446055307,71.54771467402779,24
D_nsga2_flc_fault_aware,sparse,fault_noise_spike_sev1,noise_spike,12.0,25,90320,False,False,True,False,800.0,400,4.038954645139418,2.2774460085277424,90.66470147459357,400
D_nsga2_flc_fault_aware,sparse,fault_noise_spike_sev1,noise_spike,12.0,26,473688,False,True,False,False,125.99999999999996,400,2.2328988799570033,2.5805095253069634,31.673584428073205,63
D_nsga2_flc_fault_aware,sparse,fault_noise_spike_sev1,noise_spike,12.0,27,950752,False,True,False,False,25.999999999999996,400,1.8943989204031295,13.003766065145015,94.27406503793047,13
D_nsga2_flc_fault_aware,sparse,fault_noise_spike_sev1,noise_spike,12.0,28,974050,False,True,False,False,93.99999999999997,400,1.8324126849972153,4.638234550912137,84.94568455957524,47
D_nsga2_flc_fault_aware,sparse,fault_noise_spike_sev1,noise_spike,12.0,29,162968,False,True,False,False,134.0,400,1.5962772457511138,2.897622864656856,19.85295033371245,67
D_nsga2_flc_fault_aware,sparse,fault_noise_spike_sev1,noise_spike,12.0,30,247501,False,True,False,False,70.0,400,2.283279248559397,6.14684284754589,82.30683879045743,35
D_nsga2_flc_fault_aware,sparse,fault_noise_spike_sev1,noise_spike,12.0,31,611736,False,True,False,False,80.0,400,2.7609691242935,4.190652397916885,78.75507215549861,40
D_nsga2_flc_fault_aware,sparse,fault_noise_spike_sev1,noise_spike,12.0,32,202663,False,True,False,False,96.0,400,3.134311042676285,6.238098067562414,90.73652074610177,48
D_nsga2_flc_fault_aware,sparse,fault_noise_spike_sev1,noise_spike,12.0,33,749349,False,True,False,False,54.0,400,2.4121547622023596,4.270915144251465,65.95595360234448,27
D_nsga2_flc_fault_aware,sparse,fault_noise_spike_sev1,noise_spike,12.0,34,67944,False,True,False,False,100.0,400,2.067508375101031,4.873534076755838,90.66537808945117,50
D_nsga2_flc_fault_aware,sparse,fault_noise_spike_sev1,noise_spike,12.0,35,667972,False,True,False,False,90.0,400,2.602351256460738,3.217746726936546,57.71968240163084,45
D_nsga2_flc_fault_aware,sparse,fault_noise_spike_sev1,noise_spike,12.0,36,284085,False,True,False,False,122.0,400,2.9882841899176342,4.501438003554428,8.857852672270106,61
D_nsga2_flc_fault_aware,sparse,fault_noise_spike_sev1,noise_spike,12.0,37,56648,False,True,False,False,116.0,400,2.8027452775246804,3.8099770486261244,91.34012542795662,58
D_nsga2_flc_fault_aware,sparse,fault_noise_spike_sev1,noise_spike,12.0,38,883846,False,True,False,False,72.0,400,2.5819756190070757,7.163427687195717,74.26113376584098,36
D_nsga2_flc_fault_aware,sparse,fault_noise_spike_sev1,noise_spike,12.0,39,542999,False,True,False,False,46.0,400,2.4327087401533576,8.458913419202952,78.66965452450172,23
D_nsga2_flc_fault_aware,sparse,fault_noise_spike_sev1,noise_spike,12.0,40,876790,True,False,False,False,138.0,69,2.335649140230606,2.892750275294316,3.931503075499988,69
D_nsga2_flc_fault_aware,sparse,fault_noise_spike_sev1,noise_spike,12.0,41,864562,False,True,False,False,44.000000000000014,400,2.4569427613062063,5.810119303158377,84.60748233574223,22
D_nsga2_flc_fault_aware,sparse,fault_noise_spike_sev1,noise_spike,12.0,42,110485,False,True,False,False,136.0,400,2.283723028222603,2.639199170080733,90.97119027088928,68
D_nsga2_flc_fault_aware,sparse,fault_noise_spike_sev1,noise_spike,12.0,43,8300,False,True,False,False,110.0,400,2.4605452420680014,6.133660627169896,91.63815911715768,55
D_nsga2_flc_fault_aware,sparse,fault_noise_spike_sev1,noise_spike,12.0,44,503793,False,True,False,False,98.0,400,3.2193065683817284,3.8499607659938495,58.59856210774985,49
D_nsga2_flc_fault_aware,sparse,fault_noise_spike_sev1,noise_spike,12.0,45,352372,False,True,False,False,168.0,400,1.8639899188976046,2.6511598594917265,91.95985271945358,84
D_nsga2_flc_fault_aware,sparse,fault_noise_spike_sev1,noise_spike,12.0,46,454845,False,True,False,False,107.99999999999999,400,1.8422302419028795,3.3794773115559873,37.970360737561265,54
D_nsga2_flc_fault_aware,sparse,fault_noise_spike_sev1,noise_spike,12.0,47,837206,False,True,False,False,136.00000000000003,400,2.405110891881713,2.434724813981807,73.1804019893539,68
D_nsga2_flc_fault_aware,sparse,fault_noise_spike_sev1,noise_spike,12.0,48,834851,False,True,False,False,94.0,400,3.403552714930559,5.115859071113406,88.06867352267126,47
D_nsga2_flc_fault_aware,sparse,fault_noise_spike_sev1,noise_spike,12.0,49,457512,False,True,False,False,36.000000000000014,400,2.397683003937762,8.037951116394318,85.0456694288205,18
D_nsga2_flc_fault_aware,sparse,fault_noise_spike_sev2,noise_spike,30.0,0,404653,False,True,False,False,40.0,400,2.9595308964048574,4.787524532267828,86.16145901020897,20
D_nsga2_flc_fault_aware,sparse,fault_noise_spike_sev2,noise_spike,30.0,1,215753,False,True,False,False,108.0,400,1.7734905170062232,6.901072479238018,91.73014480921682,54
D_nsga2_flc_fault_aware,sparse,fault_noise_spike_sev2,noise_spike,30.0,2,944924,False,True,False,False,97.99999999999997,400,1.5865547839591068,6.372253647127172,90.54044680912163,49
D_nsga2_flc_fault_aware,sparse,fault_noise_spike_sev2,noise_spike,30.0,3,12413,False,True,False,False,56.0,400,2.3848576995956106,6.407356513696511,64.8653399729251,28
D_nsga2_flc_fault_aware,sparse,fault_noise_spike_sev2,noise_spike,30.0,4,839153,False,True,False,False,118.00000000000001,400,1.9188286518963582,4.261062439272168,12.31085262829656,59
D_nsga2_flc_fault_aware,sparse,fault_noise_spike_sev2,noise_spike,30.0,5,26206,False,True,False,False,42.0,400,1.7694889407849947,7.040591737342982,78.61181136240594,21
D_nsga2_flc_fault_aware,sparse,fault_noise_spike_sev2,noise_spike,30.0,6,85702,False,True,False,False,96.0,400,3.0241018363593035,2.4504321202030233,71.7762007787794,48
D_nsga2_flc_fault_aware,sparse,fault_noise_spike_sev2,noise_spike,30.0,7,720542,True,False,False,False,125.99999999999994,63,7.878339209906461,5.8494813756830935,3.768204862738785,63
D_nsga2_flc_fault_aware,sparse,fault_noise_spike_sev2,noise_spike,30.0,8,43194,False,True,False,False,112.0,400,2.7873614237657525,6.544798862607098,25.426567560205722,56
D_nsga2_flc_fault_aware,sparse,fault_noise_spike_sev2,noise_spike,30.0,9,76840,False,True,False,False,128.0,400,2.076400801979112,5.683596256697243,91.80153453040589,64
D_nsga2_flc_fault_aware,sparse,fault_noise_spike_sev2,noise_spike,30.0,10,827195,False,True,False,False,108.0,400,2.914507134545691,4.98046153062439,34.32016422230542,54
D_nsga2_flc_fault_aware,sparse,fault_noise_spike_sev2,noise_spike,30.0,11,891107,False,True,False,False,112.0,400,1.5169527275840802,5.785829247418966,32.62755391467104,56
D_nsga2_flc_fault_aware,sparse,fault_noise_spike_sev2,noise_spike,30.0,12,419585,False,True,False,False,142.0,400,2.0391566466548676,3.500536429937879,91.61504347346133,71
D_nsga2_flc_fault_aware,sparse,fault_noise_spike_sev2,noise_spike,30.0,13,197278,False,True,False,False,48.00000000000001,400,2.6548593862988232,6.160904617260607,71.04083801602313,24
D_nsga2_flc_fault_aware,sparse,fault_noise_spike_sev2,noise_spike,30.0,14,662269,False,True,False,False,70.0,400,2.7570664949792065,11.2236531331749,65.32947867269388,35
D_nsga2_flc_fault_aware,sparse,fault_noise_spike_sev2,noise_spike,30.0,15,666954,False,True,False,False,23.999999999999996,400,1.575035892260809,15.274338079851603,97.80679372905855,12
D_nsga2_flc_fault_aware,sparse,fault_noise_spike_sev2,noise_spike,30.0,16,764983,False,True,False,False,105.99999999999999,400,2.312495623065437,6.197843497548272,61.85532446200736,53
D_nsga2_flc_fault_aware,sparse,fault_noise_spike_sev2,noise_spike,30.0,17,888532,False,True,False,False,100.0,400,2.597373553744965,6.268530438596024,51.53053362227625,50
D_nsga2_flc_fault_aware,sparse,fault_noise_spike_sev2,noise_spike,30.0,18,155719,False,True,False,False,120.00000000000001,400,3.4497178458859037,5.6469829501951985,15.002605654073617,60
D_nsga2_flc_fault_aware,sparse,fault_noise_spike_sev2,noise_spike,30.0,19,579943,False,True,False,False,44.0,400,2.427555414489369,9.567861101794676,75.46706044665379,22
D_nsga2_flc_fault_aware,sparse,fault_noise_spike_sev2,noise_spike,30.0,20,727353,False,True,False,False,107.99999999999999,400,2.18563437794891,5.84722830354363,29.457939736748752,54
D_nsga2_flc_fault_aware,sparse,fault_noise_spike_sev2,noise_spike,30.0,21,6151,False,True,False,False,98.0,400,2.1557657789124165,6.473832498853417,91.12659633577188,49
D_nsga2_flc_fault_aware,sparse,fault_noise_spike_sev2,noise_spike,30.0,22,710788,False,True,False,False,116.0,400,1.959453843892171,3.976235848765963,55.055983957534934,58
D_nsga2_flc_fault_aware,sparse,fault_noise_spike_sev2,noise_spike,30.0,23,138531,False,True,False,False,68.0,400,2.14851137712789,7.0399644029464055,83.47503337967372,34
D_nsga2_flc_fault_aware,sparse,fault_noise_spike_sev2,noise_spike,30.0,24,281206,False,True,False,False,48.00000000000001,400,1.76617171626046,9.245830425041035,71.47411228220844,24
D_nsga2_flc_fault_aware,sparse,fault_noise_spike_sev2,noise_spike,30.0,25,90320,False,True,False,False,71.99999999999999,400,2.0139824177240593,9.323679992909529,48.48810790428439,36
D_nsga2_flc_fault_aware,sparse,fault_noise_spike_sev2,noise_spike,30.0,26,473688,False,True,False,False,123.99999999999999,400,3.118589468638747,3.539071873199741,24.154423773614734,62
D_nsga2_flc_fault_aware,sparse,fault_noise_spike_sev2,noise_spike,30.0,27,950752,False,True,False,False,25.999999999999996,400,1.8943989204031295,13.003766065145015,94.27406503793047,13
D_nsga2_flc_fault_aware,sparse,fault_noise_spike_sev2,noise_spike,30.0,28,974050,False,True,False,False,92.0,400,3.195550878652214,4.729684470747203,82.6268257343608,46
D_nsga2_flc_fault_aware,sparse,fault_noise_spike_sev2,noise_spike,30.0,29,162968,False,True,False,False,129.99999999999997,400,2.779432589450182,3.0969095550613313,16.19070265800513,65
D_nsga2_flc_fault_aware,sparse,fault_noise_spike_sev2,noise_spike,30.0,30,247501,False,True,False,False,70.0,400,2.4357324912246527,4.270684935717699,80.32089067995298,35
D_nsga2_flc_fault_aware,sparse,fault_noise_spike_sev2,noise_spike,30.0,31,611736,False,True,False,False,80.0,400,2.829929929092325,4.622274402577649,78.46209278262057,40
D_nsga2_flc_fault_aware,sparse,fault_noise_spike_sev2,noise_spike,30.0,32,202663,False,True,False,False,96.0,400,3.0311067729203227,7.699358697310434,90.98951017965209,48
D_nsga2_flc_fault_aware,sparse,fault_noise_spike_sev2,noise_spike,30.0,33,749349,False,True,False,False,54.0,400,2.4872850286076416,3.7748182133873143,65.91411859201722,27
D_nsga2_flc_fault_aware,sparse,fault_noise_spike_sev2,noise_spike,30.0,34,67944,False,True,False,False,97.99999999999999,400,1.6864931266943541,5.788282063233071,87.49688869835455,49
D_nsga2_flc_fault_aware,sparse,fault_noise_spike_sev2,noise_spike,30.0,35,667972,False,True,False,False,110.0,400,2.114328515197489,4.351001260028635,27.44297422250487,55
D_nsga2_flc_fault_aware,sparse,fault_noise_spike_sev2,noise_spike,30.0,36,284085,False,True,False,False,80.00000000000001,400,2.2581526142453847,2.8733719756148437,44.37890857456683,40
D_nsga2_flc_fault_aware,sparse,fault_noise_spike_sev2,noise_spike,30.0,37,56648,False,True,False,False,64.00000000000001,400,2.0938831845665025,6.683135440062838,65.33688591261563,32
D_nsga2_flc_fault_aware,sparse,fault_noise_spike_sev2,noise_spike,30.0,38,883846,False,True,False,False,96.0,400,1.7047424812769396,6.368215205158935,63.773706331803574,48
D_nsga2_flc_fault_aware,sparse,fault_noise_spike_sev2,noise_spike,30.0,39,542999,False,True,False,False,46.0,400,2.0066045676373783,8.400216123540186,77.89173673679078,23
D_nsga2_flc_fault_aware,sparse,fault_noise_spike_sev2,noise_spike,30.0,40,876790,False,True,False,False,97.99999999999999,400,3.2056122525156194,6.530292485791631,56.773339796813495,49
D_nsga2_flc_fault_aware,sparse,fault_noise_spike_sev2,noise_spike,30.0,41,864562,False,True,False,False,44.0,400,2.2791274971720146,6.794407114814946,84.38892928256054,22
D_nsga2_flc_fault_aware,sparse,fault_noise_spike_sev2,noise_spike,30.0,42,110485,False,True,False,False,113.99999999999999,400,1.9994498960467608,2.6270381802689,67.58745951432923,57
D_nsga2_flc_fault_aware,sparse,fault_noise_spike_sev2,noise_spike,30.0,43,8300,False,True,False,False,102.0,400,1.6756882672607447,6.277558883405535,81.82522711217995,51
D_nsga2_flc_fault_aware,sparse,fault_noise_spike_sev2,noise_spike,30.0,44,503793,False,True,False,False,98.0,400,3.156636367062538,5.050788642607673,56.92542222162929,49
D_nsga2_flc_fault_aware,sparse,fault_noise_spike_sev2,noise_spike,30.0,45,352372,False,True,False,False,113.99999999999999,400,1.7059895773072689,3.2964673061664524,42.163847115088565,57
D_nsga2_flc_fault_aware,sparse,fault_noise_spike_sev2,noise_spike,30.0,46,454845,False,True,False,False,135.99999999999997,400,2.150102497127338,6.639602986772884,9.228001254783203,68
D_nsga2_flc_fault_aware,sparse,fault_noise_spike_sev2,noise_spike,30.0,47,837206,False,True,False,False,112.0,400,2.706539625760338,3.165301553060845,40.570210294215265,56
D_nsga2_flc_fault_aware,sparse,fault_noise_spike_sev2,noise_spike,30.0,48,834851,False,True,False,False,94.0,400,2.5457336909454438,5.856679577014202,82.13739410444967,47
D_nsga2_flc_fault_aware,sparse,fault_noise_spike_sev2,noise_spike,30.0,49,457512,False,True,False,False,36.000000000000014,400,2.397683003937762,8.037951116394318,85.0456694288205,18
D_nsga2_flc_fault_aware,sparse,fault_noise_spike_sev3,noise_spike,60.0,0,404653,False,True,False,False,278.0,400,1.7400531558778793,5.343224086497278,64.16505699772618,139
D_nsga2_flc_fault_aware,sparse,fault_noise_spike_sev3,noise_spike,60.0,1,215753,False,True,False,False,106.0,400,2.094417179177574,10.952413057531855,91.64915146006764,53
D_nsga2_flc_fault_aware,sparse,fault_noise_spike_sev3,noise_spike,60.0,2,944924,False,True,False,False,96.0,400,2.702826071153839,6.7756065614050955,87.1043677267506,48
D_nsga2_flc_fault_aware,sparse,fault_noise_spike_sev3,noise_spike,60.0,3,12413,False,True,False,False,56.0,400,2.105448888671214,7.060887085307773,65.23152807448763,28
D_nsga2_flc_fault_aware,sparse,fault_noise_spike_sev3,noise_spike,60.0,4,839153,False,True,False,False,84.0,400,2.454815950099188,5.092474154065379,35.58719868567193,42
D_nsga2_flc_fault_aware,sparse,fault_noise_spike_sev3,noise_spike,60.0,5,26206,False,True,False,False,38.00000000000001,400,2.068675694994091,8.804747712910176,81.74276462958449,19
D_nsga2_flc_fault_aware,sparse,fault_noise_spike_sev3,noise_spike,60.0,6,85702,False,True,False,False,96.0,400,3.6874747179888634,2.5431174169996345,71.24426631295943,48
D_nsga2_flc_fault_aware,sparse,fault_noise_spike_sev3,noise_spike,60.0,7,720542,True,False,False,False,123.99999999999994,62,11.07835370640901,5.864194830654655,2.774928442996933,62
D_nsga2_flc_fault_aware,sparse,fault_noise_spike_sev3,noise_spike,60.0,8,43194,False,True,False,False,78.0,400,1.8381226286012664,3.0475125330479007,41.48014060102557,39
D_nsga2_flc_fault_aware,sparse,fault_noise_spike_sev3,noise_spike,60.0,9,76840,False,True,False,False,128.0,400,2.5573900559259974,4.880348407025199,91.45518986238818,64
D_nsga2_flc_fault_aware,sparse,fault_noise_spike_sev3,noise_spike,60.0,10,827195,False,True,False,False,94.0,400,2.3612247052785897,9.43413197090114,49.11227714759861,47
D_nsga2_flc_fault_aware,sparse,fault_noise_spike_sev3,noise_spike,60.0,11,891107,False,True,False,False,102.0,400,2.993351591086336,7.316259004757678,22.381350210550917,51
D_nsga2_flc_fault_aware,sparse,fault_noise_spike_sev3,noise_spike,60.0,12,419585,False,True,False,False,92.0,400,2.2973500982423913,9.519555972083737,28.155768050089158,46
D_nsga2_flc_fault_aware,sparse,fault_noise_spike_sev3,noise_spike,60.0,13,197278,False,True,False,False,48.0,400,2.481998156423568,5.2759454031922015,71.02340246497651,24
D_nsga2_flc_fault_aware,sparse,fault_noise_spike_sev3,noise_spike,60.0,14,662269,False,True,False,False,200.0,400,1.7820933786486977,7.965763700996194,91.17805425791126,100
D_nsga2_flc_fault_aware,sparse,fault_noise_spike_sev3,noise_spike,60.0,15,666954,False,True,False,False,23.999999999999996,400,1.575035892260809,15.274338079851603,97.80679372905855,12
D_nsga2_flc_fault_aware,sparse,fault_noise_spike_sev3,noise_spike,60.0,16,764983,False,True,False,False,106.0,400,2.9239759011399102,6.48650208187569,55.228517621694344,53
D_nsga2_flc_fault_aware,sparse,fault_noise_spike_sev3,noise_spike,60.0,17,888532,False,True,False,False,73.99999999999999,400,2.951444367587888,7.456989777977792,51.78299378420139,37
D_nsga2_flc_fault_aware,sparse,fault_noise_spike_sev3,noise_spike,60.0,18,155719,False,True,False,False,82.0,400,2.5073342095484,8.688696017484046,42.55288300161315,41
D_nsga2_flc_fault_aware,sparse,fault_noise_spike_sev3,noise_spike,60.0,19,579943,False,True,False,False,43.99999999999999,400,2.1544720038462692,9.461147365426536,75.38411888127658,22
D_nsga2_flc_fault_aware,sparse,fault_noise_spike_sev3,noise_spike,60.0,20,727353,False,True,False,False,124.00000000000001,400,3.049927004147191,6.709692648097823,8.532627463551272,62
D_nsga2_flc_fault_aware,sparse,fault_noise_spike_sev3,noise_spike,60.0,21,6151,False,True,False,False,74.00000000000001,400,2.1293804716572753,4.206193727467543,80.73296845810052,37
D_nsga2_flc_fault_aware,sparse,fault_noise_spike_sev3,noise_spike,60.0,22,710788,False,True,False,False,101.99999999999999,400,1.9288061614741328,7.599963852993951,21.62819848176801,51
D_nsga2_flc_fault_aware,sparse,fault_noise_spike_sev3,noise_spike,60.0,23,138531,False,True,False,False,68.0,400,2.395261037442042,6.0817839594390515,82.03093028607236,34
D_nsga2_flc_fault_aware,sparse,fault_noise_spike_sev3,noise_spike,60.0,24,281206,False,True,False,False,48.00000000000002,400,1.8799328024710693,9.524684771272623,71.44349224499553,24
D_nsga2_flc_fault_aware,sparse,fault_noise_spike_sev3,noise_spike,60.0,25,90320,False,True,False,False,74.0,400,2.1033593542258617,8.183355593603762,46.1915226292965,37
D_nsga2_flc_fault_aware,sparse,fault_noise_spike_sev3,noise_spike,60.0,26,473688,False,True,False,False,124.0,400,1.970388938466645,4.792109172667903,23.231503798564606,62
D_nsga2_flc_fault_aware,sparse,fault_noise_spike_sev3,noise_spike,60.0,27,950752,False,True,False,False,25.999999999999996,400,1.8943989204031295,13.003766065145015,94.27406503793047,13
D_nsga2_flc_fault_aware,sparse,fault_noise_spike_sev3,noise_spike,60.0,28,974050,False,True,False,False,92.0,400,2.833509628067865,5.670516660191646,79.02881935279419,46
D_nsga2_flc_fault_aware,sparse,fault_noise_spike_sev3,noise_spike,60.0,29,162968,False,True,False,False,126.0,400,3.0812449600034526,7.689034818346901,10.337540767775605,63
D_nsga2_flc_fault_aware,sparse,fault_noise_spike_sev3,noise_spike,60.0,30,247501,False,True,False,False,70.0,400,2.4357324912246527,4.2338145877102775,80.30170373148896,35
D_nsga2_flc_fault_aware,sparse,fault_noise_spike_sev3,noise_spike,60.0,31,611736,False,True,False,False,80.0,400,2.7778408198552347,4.600283369871333,78.94031454094247,40
D_nsga2_flc_fault_aware,sparse,fault_noise_spike_sev3,noise_spike,60.0,32,202663,False,True,False,False,96.0,400,2.9296377216568033,7.4570167235504385,91.04121560542906,48
D_nsga2_flc_fault_aware,sparse,fault_noise_spike_sev3,noise_spike,60.0,33,749349,True,False,False,False,119.99999999999999,60,3.052906014332174,3.967621755969568,2.990080646520768,60
D_nsga2_flc_fault_aware,sparse,fault_noise_spike_sev3,noise_spike,60.0,34,67944,False,True,False,False,95.99999999999997,400,1.906489132051694,6.706455106238804,83.31884537457317,48
D_nsga2_flc_fault_aware,sparse,fault_noise_spike_sev3,noise_spike,60.0,35,667972,False,True,False,False,116.00000000000001,400,1.5800945865671872,6.098715368362293,16.11946683756863,58
D_nsga2_flc_fault_aware,sparse,fault_noise_spike_sev3,noise_spike,60.0,36,284085,False,True,False,False,126.00000000000003,400,2.534383011247885,6.948650265995628,6.692622128546771,63
D_nsga2_flc_fault_aware,sparse,fault_noise_spike_sev3,noise_spike,60.0,37,56648,False,True,False,False,64.0,400,1.857694753848575,6.678280206687685,65.22034711948402,32
D_nsga2_flc_fault_aware,sparse,fault_noise_spike_sev3,noise_spike,60.0,38,883846,False,True,False,False,94.00000000000003,400,2.5228897857442405,7.685916156851044,72.04217377348249,47
D_nsga2_flc_fault_aware,sparse,fault_noise_spike_sev3,noise_spike,60.0,39,542999,False,True,False,False,46.0,400,2.1791229215893506,8.420434939314772,77.20034351642397,23
D_nsga2_flc_fault_aware,sparse,fault_noise_spike_sev3,noise_spike,60.0,40,876790,True,False,False,False,128.0,64,4.787615927684678,8.891144668216947,3.662712484415357,64
D_nsga2_flc_fault_aware,sparse,fault_noise_spike_sev3,noise_spike,60.0,41,864562,False,True,False,False,42.0,400,3.416183123695131,9.625885887214569,88.67830683553859,21
D_nsga2_flc_fault_aware,sparse,fault_noise_spike_sev3,noise_spike,60.0,42,110485,False,True,False,False,105.99999999999999,400,2.1341508040907233,3.8753487064837855,56.004426621124466,53
D_nsga2_flc_fault_aware,sparse,fault_noise_spike_sev3,noise_spike,60.0,43,8300,False,True,False,False,96.0,400,2.107973918118758,7.492134598107053,69.29434734750048,48
D_nsga2_flc_fault_aware,sparse,fault_noise_spike_sev3,noise_spike,60.0,44,503793,False,True,False,False,98.0,400,3.104519058974394,5.819155389782349,55.93609745649618,49
D_nsga2_flc_fault_aware,sparse,fault_noise_spike_sev3,noise_spike,60.0,45,352372,False,True,False,False,111.99999999999999,400,1.899600503137556,5.207804788259428,32.84376234652001,56
D_nsga2_flc_fault_aware,sparse,fault_noise_spike_sev3,noise_spike,60.0,46,454845,True,False,False,False,122.0,61,8.698229581578989,5.769328006505713,3.7114671959598633,61
D_nsga2_flc_fault_aware,sparse,fault_noise_spike_sev3,noise_spike,60.0,47,837206,True,False,False,False,120.0,60,7.309265383176293,4.307620030970717,3.6281628022202455,60
D_nsga2_flc_fault_aware,sparse,fault_noise_spike_sev3,noise_spike,60.0,48,834851,False,True,False,False,94.0,400,2.850123089263259,5.315564238037947,79.78262537950627,47
D_nsga2_flc_fault_aware,sparse,fault_noise_spike_sev3,noise_spike,60.0,49,457512,False,True,False,False,36.000000000000014,400,2.397683003937762,8.037951116394318,85.0456694288205,18
D_nsga2_flc_fault_aware,dense,clean,,,0,404653,False,True,False,False,41.99999999999999,400,2.624615405202836,3.3139449698654575,83.74327916559888,21
D_nsga2_flc_fault_aware,dense,clean,,,1,215753,False,True,False,False,310.0,400,1.7429838541115326,4.023868969001777,37.788587567388205,155
D_nsga2_flc_fault_aware,dense,clean,,,2,944924,False,True,False,False,16.000000000000004,400,2.6504066136338085,25.77,103.73052564900532,8
D_nsga2_flc_fault_aware,dense,clean,,,3,12413,False,True,False,False,32.0,400,2.217259890617849,8.696112259524876,87.360648410066,16
D_nsga2_flc_fault_aware,dense,clean,,,4,839153,False,True,False,False,76.0,400,2.501236338721671,8.918210013883353,71.91059510763755,38
D_nsga2_flc_fault_aware,dense,clean,,,5,26206,False,True,False,False,52.0,400,1.67802222310822,5.223439020669347,82.01110138842097,26
D_nsga2_flc_fault_aware,dense,clean,,,6,85702,False,True,False,False,112.0,400,1.8898499712604886,4.590691911946689,92.28140372709318,56
D_nsga2_flc_fault_aware,dense,clean,,,7,720542,False,True,False,False,73.99999999999999,400,2.1358195097415718,6.702602645265429,57.64967980643655,37
D_nsga2_flc_fault_aware,dense,clean,,,8,43194,False,True,False,False,68.0,400,2.0594867966638137,4.537485594273515,61.0441687556861,34
D_nsga2_flc_fault_aware,dense,clean,,,9,76840,False,True,False,False,30.000000000000004,400,2.634650997188518,15.71956431151908,89.06833528595746,15
D_nsga2_flc_fault_aware,dense,clean,,,10,827195,False,True,False,False,115.99999999999999,400,1.834389120182243,4.2549982367676025,90.98295835090113,58
D_nsga2_flc_fault_aware,dense,clean,,,11,891107,False,True,False,False,45.99999999999999,400,1.9966520186831196,9.839652509488916,85.73404595618472,23
D_nsga2_flc_fault_aware,dense,clean,,,12,419585,False,True,False,False,98.0,400,1.62545627929855,6.328908655323942,91.38258651684922,49
D_nsga2_flc_fault_aware,dense,clean,,,13,197278,False,True,False,False,54.0,400,2.754187779095566,6.779130686662523,67.7750181173677,27
D_nsga2_flc_fault_aware,dense,clean,,,14,662269,False,True,False,False,82.0,400,1.8037776990650531,4.4788561477879165,59.274172116083875,41
D_nsga2_flc_fault_aware,dense,clean,,,15,666954,False,True,False,False,26.0,400,1.7492527984328652,18.582255305929934,98.89718347276201,13
D_nsga2_flc_fault_aware,dense,clean,,,16,764983,False,True,False,False,29.999999999999996,400,2.0170530068498147,10.334644479863085,90.64828797662113,15
D_nsga2_flc_fault_aware,dense,clean,,,17,888532,False,True,False,False,124.00000000000001,400,2.461090023675992,4.135373844090546,77.50022160579243,62
D_nsga2_flc_fault_aware,dense,clean,,,18,155719,False,True,False,False,110.00000000000001,400,2.986251803280598,5.8259502863262655,90.6575473590951,55
D_nsga2_flc_fault_aware,dense,clean,,,19,579943,False,True,False,False,89.99999999999999,400,3.108673570108952,4.459708148789724,39.288199730266676,45
D_nsga2_flc_fault_aware,dense,clean,,,20,727353,False,True,False,False,100.00000000000001,400,1.6141123360671166,5.653464225154279,91.5443473066314,50
D_nsga2_flc_fault_aware,dense,clean,,,21,6151,False,True,False,False,97.99999999999999,400,2.0687742959118705,6.166346898003385,91.96526530148464,49
D_nsga2_flc_fault_aware,dense,clean,,,22,710788,False,True,False,False,284.0,400,2.2300667077163117,3.9116635003894955,49.62647259274908,142
D_nsga2_flc_fault_aware,dense,clean,,,23,138531,False,True,False,False,98.0,400,2.059625673530971,5.064874505347327,37.74873723609253,49
D_nsga2_flc_fault_aware,dense,clean,,,24,281206,False,True,False,False,268.0,400,1.7609253986660962,4.242414858344364,58.17982125785124,134
D_nsga2_flc_fault_aware,dense,clean,,,25,90320,False,True,False,False,80.0,400,1.7745611929051865,5.424305857751657,66.0551656088179,40
D_nsga2_flc_fault_aware,dense,clean,,,26,473688,False,True,False,False,118.0,400,1.668611782494956,3.136553213107464,91.92019883332114,59
D_nsga2_flc_fault_aware,dense,clean,,,27,950752,False,True,False,False,28.0,400,2.337949923717232,15.314010909219292,93.11692315384146,14
D_nsga2_flc_fault_aware,dense,clean,,,28,974050,False,True,False,False,32.0,400,2.513216076529983,14.83742674618403,95.56007522411598,16
D_nsga2_flc_fault_aware,dense,clean,,,29,162968,False,True,False,False,102.0,400,2.1054736302005472,5.261817312861236,27.02470940044584,51
D_nsga2_flc_fault_aware,dense,clean,,,30,247501,False,True,False,False,78.0,400,1.7163086072759224,3.737709105229003,82.4478578465474,39
D_nsga2_flc_fault_aware,dense,clean,,,31,611736,False,True,False,False,102.0,400,2.2670831625521974,5.417092634954207,91.3178102741815,51
D_nsga2_flc_fault_aware,dense,clean,,,32,202663,False,True,False,False,12.0,400,1.758626514718466,19.36,107.13630205392622,6
D_nsga2_flc_fault_aware,dense,clean,,,33,749349,False,True,False,False,207.99999999999997,400,1.701695437765636,4.977616690890983,92.54038150757917,104
D_nsga2_flc_fault_aware,dense,clean,,,34,67944,False,True,False,False,100.0,400,2.015744178012941,4.314169937147953,58.375328059428085,50
D_nsga2_flc_fault_aware,dense,clean,,,35,667972,False,True,False,False,214.0,400,1.669950489840763,4.8548345485884425,94.59431393251589,107
D_nsga2_flc_fault_aware,dense,clean,,,36,284085,False,True,False,False,86.00000000000001,400,1.780161515544651,8.22563036780726,78.34213316505398,43
D_nsga2_flc_fault_aware,dense,clean,,,37,56648,False,True,False,False,64.0,400,4.734477890673254,4.0747198506989415,63.66292241246592,32
D_nsga2_flc_fault_aware,dense,clean,,,38,883846,False,True,False,False,46.0,400,1.840318657852433,6.305083040572682,85.02675778115996,23
D_nsga2_flc_fault_aware,dense,clean,,,39,542999,False,True,False,False,76.0,400,3.0660621925223746,6.885922338358862,45.83330897714358,38
D_nsga2_flc_fault_aware,dense,clean,,,40,876790,False,True,False,False,48.0,400,2.600917015774499,4.202371472684648,77.43398441132761,24
D_nsga2_flc_fault_aware,dense,clean,,,41,864562,False,True,False,False,32.0,400,1.8829037697556716,8.527918662573416,92.46555053493914,16
D_nsga2_flc_fault_aware,dense,clean,,,42,110485,False,True,False,False,114.0,400,1.653874955279886,3.134573011649119,91.43972324095112,57
D_nsga2_flc_fault_aware,dense,clean,,,43,8300,False,True,False,False,78.0,400,2.409578948326254,17.216430684365157,77.19959334042025,39
D_nsga2_flc_fault_aware,dense,clean,,,44,503793,False,True,False,False,38.0,400,2.932276355820482,4.076354551986278,82.28992165290164,19
D_nsga2_flc_fault_aware,dense,clean,,,45,352372,False,True,False,False,38.00000000000001,400,2.6805105819113577,9.433051747601708,84.8745866895713,19
D_nsga2_flc_fault_aware,dense,clean,,,46,454845,False,True,False,False,138.0,400,1.8423153671799084,6.278230314709592,7.144335779946509,69
D_nsga2_flc_fault_aware,dense,clean,,,47,837206,False,True,False,False,54.0,400,1.5390334551438345,13.953088320059111,70.03977275544763,27
D_nsga2_flc_fault_aware,dense,clean,,,48,834851,False,True,False,False,48.000000000000014,400,3.195975362224903,7.047352608768025,79.60283708527258,24
D_nsga2_flc_fault_aware,dense,clean,,,49,457512,False,True,False,False,70.0,400,3.3684304370454985,4.889238786262108,80.56631510142051,35
D_nsga2_flc_fault_aware,dense,fault_dropout,dropout,,0,404653,False,True,False,False,70.0,400,3.1003750821256326,2.262607422958367,49.376961468276704,35
D_nsga2_flc_fault_aware,dense,fault_dropout,dropout,,1,215753,False,True,False,False,104.0,400,1.780200772019058,5.335958176678607,54.472314767500706,52
D_nsga2_flc_fault_aware,dense,fault_dropout,dropout,,2,944924,False,True,False,False,16.000000000000004,400,2.6504066136338085,25.77,103.73052564900532,8
D_nsga2_flc_fault_aware,dense,fault_dropout,dropout,,3,12413,False,True,False,False,32.0,400,2.217259890617849,8.696112259524876,87.360648410066,16
D_nsga2_flc_fault_aware,dense,fault_dropout,dropout,,4,839153,False,True,False,False,56.0,400,3.2987221024628686,5.698250745726135,69.62473863694639,28
D_nsga2_flc_fault_aware,dense,fault_dropout,dropout,,5,26206,False,True,False,False,72.0,400,1.7629893253214992,3.7529518948354115,91.95381356755276,36
D_nsga2_flc_fault_aware,dense,fault_dropout,dropout,,6,85702,False,True,False,False,92.0,400,3.1190293946109695,3.926306440630458,74.86758415963848,46
D_nsga2_flc_fault_aware,dense,fault_dropout,dropout,,7,720542,False,True,False,False,73.99999999999999,400,2.1358195097415718,6.702602645265429,57.64967980643655,37
D_nsga2_flc_fault_aware,dense,fault_dropout,dropout,,8,43194,False,True,False,False,68.0,400,1.9741651576206658,4.491864426620628,60.953241673925675,34
D_nsga2_flc_fault_aware,dense,fault_dropout,dropout,,9,76840,False,True,False,False,30.000000000000004,400,2.634650997188518,15.71956431151908,89.06833528595746,15
D_nsga2_flc_fault_aware,dense,fault_dropout,dropout,,10,827195,False,True,False,False,65.99999999999999,400,3.2024807156266446,4.808411215045415,60.526566462880226,33
D_nsga2_flc_fault_aware,dense,fault_dropout,dropout,,11,891107,False,True,False,False,45.99999999999999,400,1.9966520186831196,9.839652509488916,85.73404595618472,23
D_nsga2_flc_fault_aware,dense,fault_dropout,dropout,,12,419585,False,True,False,False,94.0,400,2.1962581077459267,3.7091648268766777,81.81354000577791,47
D_nsga2_flc_fault_aware,dense,fault_dropout,dropout,,13,197278,False,True,False,False,54.0,400,2.6930175277703645,5.9557176467836745,68.11380353627497,27
D_nsga2_flc_fault_aware,dense,fault_dropout,dropout,,14,662269,False,True,False,False,98.0,400,1.6986888665180109,2.577166153228926,41.21020885239373,49
D_nsga2_flc_fault_aware,dense,fault_dropout,dropout,,15,666954,False,True,False,False,26.0,400,1.7492527984328652,18.582255305929934,98.89718347276201,13
D_nsga2_flc_fault_aware,dense,fault_dropout,dropout,,16,764983,False,True,False,False,29.999999999999993,400,2.0170530068498147,10.330045430586177,90.64797473468842,15
D_nsga2_flc_fault_aware,dense,fault_dropout,dropout,,17,888532,False,True,False,False,78.0,400,1.9575751438219668,4.156712495719775,48.428619170024504,39
D_nsga2_flc_fault_aware,dense,fault_dropout,dropout,,18,155719,False,True,False,False,96.00000000000001,400,2.7611644890626157,3.203119648435454,58.74413953573941,48
D_nsga2_flc_fault_aware,dense,fault_dropout,dropout,,19,579943,False,True,False,False,100.0,400,2.177327030276973,2.928602757641124,28.898502426245628,50
D_nsga2_flc_fault_aware,dense,fault_dropout,dropout,,20,727353,False,True,False,False,103.99999999999999,400,1.9980798923033078,2.2234593688918034,89.93843739992984,52
D_nsga2_flc_fault_aware,dense,fault_dropout,dropout,,21,6151,False,True,False,False,95.99999999999997,400,2.1068182544724694,4.4695417791385985,89.91799033091343,48
D_nsga2_flc_fault_aware,dense,fault_dropout,dropout,,22,710788,False,True,False,False,88.00000000000001,400,1.9547049323530479,3.852883647731231,34.425298596428874,44
D_nsga2_flc_fault_aware,dense,fault_dropout,dropout,,23,138531,False,True,False,False,120.0,400,1.588782233552189,3.642977816482794,47.76009784465857,60
D_nsga2_flc_fault_aware,dense,fault_dropout,dropout,,24,281206,False,True,False,False,102.00000000000001,400,2.3681715592004373,2.4375502958979847,66.85338526623057,51
D_nsga2_flc_fault_aware,dense,fault_dropout,dropout,,25,90320,False,True,False,False,98.0,400,2.4191009178720257,3.6710709559045647,57.457154119963626,49
D_nsga2_flc_fault_aware,dense,fault_dropout,dropout,,26,473688,False,True,False,False,62.0,400,2.1381655648156266,2.862207344240917,63.495463751026946,31
D_nsga2_flc_fault_aware,dense,fault_dropout,dropout,,27,950752,False,True,False,False,28.0,400,2.337949923717232,15.314010909219292,93.11692315384146,14
D_nsga2_flc_fault_aware,dense,fault_dropout,dropout,,28,974050,False,True,False,False,32.0,400,2.513216076529983,14.83742674618403,95.56007522411598,16
D_nsga2_flc_fault_aware,dense,fault_dropout,dropout,,29,162968,False,True,False,False,123.99999999999999,400,1.680407502435483,2.2703212173655447,6.852805239552157,62
D_nsga2_flc_fault_aware,dense,fault_dropout,dropout,,30,247501,False,True,False,False,76.0,400,3.906908006882531,3.808461658550385,81.87294581472267,38
D_nsga2_flc_fault_aware,dense,fault_dropout,dropout,,31,611736,False,True,False,False,98.0,400,2.5411737729084596,3.828242539655247,53.32490292862191,49
D_nsga2_flc_fault_aware,dense,fault_dropout,dropout,,32,202663,False,True,False,False,12.0,400,1.758626514718466,19.36,107.13630205392622,6
D_nsga2_flc_fault_aware,dense,fault_dropout,dropout,,33,749349,False,True,False,False,123.99999999999999,400,2.0331306728795435,4.121537741080781,30.60290080866865,62
D_nsga2_flc_fault_aware,dense,fault_dropout,dropout,,34,67944,False,True,False,False,95.99999999999997,400,1.7417078147813432,1.9482193861110462,33.00476104071731,48
D_nsga2_flc_fault_aware,dense,fault_dropout,dropout,,35,667972,False,True,False,False,62.00000000000001,400,2.2495620922745156,2.8300685834247816,62.727624577988564,31
D_nsga2_flc_fault_aware,dense,fault_dropout,dropout,,36,284085,False,True,False,False,98.0,400,2.033151956315444,4.922135947881172,80.15854285141349,49
D_nsga2_flc_fault_aware,dense,fault_dropout,dropout,,37,56648,False,True,False,False,106.0,400,1.9164948779527564,1.894850690524668,78.37224634805737,53
D_nsga2_flc_fault_aware,dense,fault_dropout,dropout,,38,883846,False,True,False,False,44.0,400,3.300621116552615,6.275407574027084,87.8698782445844,22
D_nsga2_flc_fault_aware,dense,fault_dropout,dropout,,39,542999,False,True,False,False,105.99999999999999,400,1.585872529884836,2.620381074517755,52.87058658499469,53
D_nsga2_flc_fault_aware,dense,fault_dropout,dropout,,40,876790,False,True,False,False,48.0,400,3.358317905124296,3.0182584356951367,72.67893907723204,24
D_nsga2_flc_fault_aware,dense,fault_dropout,dropout,,41,864562,False,True,False,False,53.99999999999998,400,1.9988122086366384,3.5687837938598497,73.00525119925864,27
D_nsga2_flc_fault_aware,dense,fault_dropout,dropout,,42,110485,False,True,False,False,114.0,400,2.6879126572540777,2.5300199046946292,91.393211193384,57
D_nsga2_flc_fault_aware,dense,fault_dropout,dropout,,43,8300,False,True,False,False,102.0,400,2.357004984329493,13.729159011227729,60.92784458414297,51
D_nsga2_flc_fault_aware,dense,fault_dropout,dropout,,44,503793,False,True,False,False,38.0,400,2.932276355820482,4.076354551986278,82.28992165290164,19
D_nsga2_flc_fault_aware,dense,fault_dropout,dropout,,45,352372,False,True,False,False,38.00000000000001,400,2.6805105819113577,9.433051747601708,84.8745866895713,19
D_nsga2_flc_fault_aware,dense,fault_dropout,dropout,,46,454845,False,True,False,False,110.0,400,2.1141151293580265,4.022647905786339,26.281069026360214,55
D_nsga2_flc_fault_aware,dense,fault_dropout,dropout,,47,837206,False,True,False,False,102.0,400,1.9123967848011938,4.9404686760553815,25.253654186569552,51
D_nsga2_flc_fault_aware,dense,fault_dropout,dropout,,48,834851,False,True,False,False,48.000000000000014,400,3.195975362224903,7.047352608768025,79.60283708527258,24
D_nsga2_flc_fault_aware,dense,fault_dropout,dropout,,49,457512,False,True,False,False,70.0,400,3.412730302439577,4.6875745974805305,80.47338318843649,35
D_nsga2_flc_fault_aware,dense,fault_bias,bias,,0,404653,True,False,False,False,135.99999999999997,68,3.4749192181674022,13.901110250311623,2.905251528118324,68
D_nsga2_flc_fault_aware,dense,fault_bias,bias,,1,215753,False,True,False,False,102.0,400,3.3736364640499867,5.7917499369301435,49.24251833895152,51
D_nsga2_flc_fault_aware,dense,fault_bias,bias,,2,944924,False,True,False,False,16.000000000000004,400,2.6504066136338085,25.77,103.73052564900532,8
D_nsga2_flc_fault_aware,dense,fault_bias,bias,,3,12413,False,True,False,False,32.0,400,2.217259890617849,8.696112259524876,87.360648410066,16
D_nsga2_flc_fault_aware,dense,fault_bias,bias,,4,839153,False,True,False,False,58.0,400,2.020250164756218,7.038733403562287,69.30342726449454,29
D_nsga2_flc_fault_aware,dense,fault_bias,bias,,5,26206,False,True,False,False,60.00000000000001,400,1.9006059881108106,8.335978024554791,95.0686534778283,30
D_nsga2_flc_fault_aware,dense,fault_bias,bias,,6,85702,False,True,False,False,108.0,400,2.1142868449424603,3.970493554488399,91.10266890566929,54
D_nsga2_flc_fault_aware,dense,fault_bias,bias,,7,720542,False,True,False,False,73.99999999999999,400,2.1358195097415718,6.702602645265429,57.64967980643655,37
D_nsga2_flc_fault_aware,dense,fault_bias,bias,,8,43194,False,True,False,False,108.0,400,1.932033341326531,6.734518750520798,77.56982179875011,54
D_nsga2_flc_fault_aware,dense,fault_bias,bias,,9,76840,False,True,False,False,30.000000000000004,400,2.634650997188518,15.71956431151908,89.06833528595746,15
D_nsga2_flc_fault_aware,dense,fault_bias,bias,,10,827195,False,True,False,False,102.0,400,1.6573925609074056,8.65403747426454,61.532458216767495,51
D_nsga2_flc_fault_aware,dense,fault_bias,bias,,11,891107,False,True,False,False,45.99999999999999,400,1.9966520186831196,9.839652509488916,85.73404595618472,23
D_nsga2_flc_fault_aware,dense,fault_bias,bias,,12,419585,False,True,False,False,94.0,400,2.2912610995722655,4.418715744285994,76.63581366796014,47
D_nsga2_flc_fault_aware,dense,fault_bias,bias,,13,197278,False,True,False,False,72.0,400,2.0182699977301803,4.584025944079593,48.91082268789219,36
D_nsga2_flc_fault_aware,dense,fault_bias,bias,,14,662269,False,True,False,False,216.0,400,2.0425815986958593,8.860878041171613,92.22039329958203,108
D_nsga2_flc_fault_aware,dense,fault_bias,bias,,15,666954,False,True,False,False,26.0,400,1.7492527984328652,18.582255305929934,98.89718347276201,13
D_nsga2_flc_fault_aware,dense,fault_bias,bias,,16,764983,False,True,False,False,82.0,400,2.0170530068498147,9.841796922898828,68.48998621068033,41
D_nsga2_flc_fault_aware,dense,fault_bias,bias,,17,888532,False,True,False,False,118.0,400,3.1720304666159795,2.78272260016536,78.67199423003558,59
D_nsga2_flc_fault_aware,dense,fault_bias,bias,,18,155719,False,True,False,False,96.00000000000001,400,2.986251803280598,3.936337822965544,64.90591053545529,48
D_nsga2_flc_fault_aware,dense,fault_bias,bias,,19,579943,False,True,False,False,71.99999999999999,400,1.9101903225169863,3.063500435208346,46.870324302423896,36
D_nsga2_flc_fault_aware,dense,fault_bias,bias,,20,727353,False,True,False,False,54.0,400,3.6761407868552185,7.444139462083181,67.8667410288189,27
D_nsga2_flc_fault_aware,dense,fault_bias,bias,,21,6151,False,True,False,False,71.99999999999999,400,1.7243320192843243,6.80391765656468,72.91030504623744,36
D_nsga2_flc_fault_aware,dense,fault_bias,bias,,22,710788,False,True,False,False,86.0,400,1.6637549366626372,4.984421169348017,35.377215617909336,43
D_nsga2_flc_fault_aware,dense,fault_bias,bias,,23,138531,False,True,False,False,70.0,400,1.9878687440254068,7.36171242902068,49.805573725270634,35
D_nsga2_flc_fault_aware,dense,fault_bias,bias,,24,281206,False,True,False,False,66.00000000000001,400,3.9325793247666505,3.856430791391759,63.60736555038661,33
D_nsga2_flc_fault_aware,dense,fault_bias,bias,,25,90320,False,True,False,False,97.99999999999999,400,2.2390413063245598,5.282112178286289,65.12702324243187,49
D_nsga2_flc_fault_aware,dense,fault_bias,bias,,26,473688,False,True,False,False,104.0,400,2.349562407900641,2.973998152540123,71.28554269827475,52
D_nsga2_flc_fault_aware,dense,fault_bias,bias,,27,950752,False,True,False,False,28.0,400,2.337949923717232,15.314010909219292,93.11692315384146,14
D_nsga2_flc_fault_aware,dense,fault_bias,bias,,28,974050,False,True,False,False,32.0,400,2.513216076529983,14.83742674618403,95.56007522411598,16
D_nsga2_flc_fault_aware,dense,fault_bias,bias,,29,162968,False,True,False,False,138.0,400,2.9219405988635843,6.162653667953327,92.83572757001986,69
D_nsga2_flc_fault_aware,dense,fault_bias,bias,,30,247501,False,True,False,False,76.0,400,3.3831352781198323,4.9283017733482435,80.95978593353244,38
D_nsga2_flc_fault_aware,dense,fault_bias,bias,,31,611736,False,True,False,False,98.0,400,3.5452064636524048,4.304741290491738,90.64898826483487,49
D_nsga2_flc_fault_aware,dense,fault_bias,bias,,32,202663,False,True,False,False,12.0,400,1.758626514718466,19.36,107.13630205392622,6
D_nsga2_flc_fault_aware,dense,fault_bias,bias,,33,749349,False,True,False,False,161.99999999999997,400,1.8269290460422316,3.765484679708128,94.33367770925844,81
D_nsga2_flc_fault_aware,dense,fault_bias,bias,,34,67944,False,True,False,False,77.99999999999999,400,3.223702198379118,4.515732291182678,61.92778187910637,39
D_nsga2_flc_fault_aware,dense,fault_bias,bias,,35,667972,False,True,False,False,96.0,400,2.07978978591668,3.6970781566577116,92.35580500680877,48
D_nsga2_flc_fault_aware,dense,fault_bias,bias,,36,284085,False,True,False,False,258.0,400,1.9725994868252925,7.9954480620927955,93.54632101307347,129
D_nsga2_flc_fault_aware,dense,fault_bias,bias,,37,56648,False,True,False,False,110.0,400,2.0501182555648416,2.201931171442588,91.96630729980936,55
D_nsga2_flc_fault_aware,dense,fault_bias,bias,,38,883846,False,True,False,False,60.0,400,1.9768796789849405,8.626994273280177,95.99257567978223,30
D_nsga2_flc_fault_aware,dense,fault_bias,bias,,39,542999,False,True,False,False,70.0,400,2.304543940925373,4.195025117348667,56.091586142287944,35
D_nsga2_flc_fault_aware,dense,fault_bias,bias,,40,876790,False,True,False,False,48.0,400,2.8151976514344876,3.964760569155923,73.4379726579329,24
D_nsga2_flc_fault_aware,dense,fault_bias,bias,,41,864562,False,True,False,False,92.0,400,2.604088369812566,3.048113428595908,90.79706924199398,46
D_nsga2_flc_fault_aware,dense,fault_bias,bias,,42,110485,False,True,False,False,112.0,400,1.836382450521305,2.654489383820821,92.13777140257544,56
D_nsga2_flc_fault_aware,dense,fault_bias,bias,,43,8300,False,True,False,False,90.0,400,2.2783005692803178,14.632406252199926,91.7472641205025,45
D_nsga2_flc_fault_aware,dense,fault_bias,bias,,44,503793,False,True,False,False,38.0,400,2.932276355820482,4.076354551986278,82.28992165290164,19
D_nsga2_flc_fault_aware,dense,fault_bias,bias,,45,352372,False,True,False,False,38.00000000000001,400,2.6805105819113577,9.433051747601708,84.8745866895713,19
D_nsga2_flc_fault_aware,dense,fault_bias,bias,,46,454845,True,False,False,False,126.0,63,5.506123690827115,4.397595347965891,3.4998316853081954,63
D_nsga2_flc_fault_aware,dense,fault_bias,bias,,47,837206,False,True,False,False,90.0,400,1.8421894913188812,6.676954078260846,93.11774986224354,45
D_nsga2_flc_fault_aware,dense,fault_bias,bias,,48,834851,False,True,False,False,48.000000000000014,400,3.195975362224903,7.047352608768025,79.60283708527258,24
D_nsga2_flc_fault_aware,dense,fault_bias,bias,,49,457512,False,True,False,False,82.0,400,2.3795342600686924,4.890683940696615,91.98048223855801,41
D_nsga2_flc_fault_aware,dense,fault_stale,stale,,0,404653,False,True,False,False,70.0,400,3.503784455006229,4.177516511599704,49.404706954068985,35
D_nsga2_flc_fault_aware,dense,fault_stale,stale,,1,215753,False,True,False,False,102.0,400,3.440945864863902,5.643634415583025,49.79731480543239,51
D_nsga2_flc_fault_aware,dense,fault_stale,stale,,2,944924,False,True,False,False,16.000000000000004,400,2.6504066136338085,25.77,103.73052564900532,8
D_nsga2_flc_fault_aware,dense,fault_stale,stale,,3,12413,False,True,False,False,32.0,400,2.217259890617849,8.696112259524876,87.360648410066,16
D_nsga2_flc_fault_aware,dense,fault_stale,stale,,4,839153,False,True,False,False,42.0,400,3.263282867707516,4.884504127718024,81.81199033069717,21
D_nsga2_flc_fault_aware,dense,fault_stale,stale,,5,26206,False,True,False,False,107.99999999999999,400,2.623976465079214,5.386919469924806,34.91386568162594,54
D_nsga2_flc_fault_aware,dense,fault_stale,stale,,6,85702,False,True,False,False,92.0,400,3.6545860522699996,3.941344956641461,74.28495644224505,46
D_nsga2_flc_fault_aware,dense,fault_stale,stale,,7,720542,False,True,False,False,73.99999999999999,400,2.1358195097415718,6.702602645265429,57.64967980643655,37
D_nsga2_flc_fault_aware,dense,fault_stale,stale,,8,43194,False,True,False,False,66.0,400,2.17401313881349,4.548730121383567,61.91133432816715,33
D_nsga2_flc_fault_aware,dense,fault_stale,stale,,9,76840,False,True,False,False,30.000000000000004,400,2.634650997188518,15.71956431151908,89.06833528595746,15
D_nsga2_flc_fault_aware,dense,fault_stale,stale,,10,827195,False,True,False,False,65.99999999999999,400,2.9433343912084884,6.115670260819773,62.27681395410908,33
D_nsga2_flc_fault_aware,dense,fault_stale,stale,,11,891107,False,True,False,False,45.99999999999999,400,1.9966520186831196,9.839652509488916,85.73404595618472,23
D_nsga2_flc_fault_aware,dense,fault_stale,stale,,12,419585,False,True,False,False,94.0,400,2.0954201751106645,4.431290889307363,79.18808054956882,47
D_nsga2_flc_fault_aware,dense,fault_stale,stale,,13,197278,False,True,False,False,54.0,400,2.4146290997911364,7.382596712529769,68.31094041918465,27
D_nsga2_flc_fault_aware,dense,fault_stale,stale,,14,662269,False,True,False,False,104.0,400,2.940543091567303,3.582460221410097,52.88914254983625,52
D_nsga2_flc_fault_aware,dense,fault_stale,stale,,15,666954,False,True,False,False,26.0,400,1.7492527984328652,18.582255305929934,98.89718347276201,13
D_nsga2_flc_fault_aware,dense,fault_stale,stale,,16,764983,False,True,False,False,29.999999999999996,400,2.0170530068498147,10.22985571654901,90.6412103950717,15
D_nsga2_flc_fault_aware,dense,fault_stale,stale,,17,888532,False,True,False,False,110.00000000000001,400,1.8182378522095723,4.538251166664453,61.38556834192042,55
D_nsga2_flc_fault_aware,dense,fault_stale,stale,,18,155719,False,True,False,False,96.0,400,2.894746640374669,3.459970404280418,62.88135653373142,48
D_nsga2_flc_fault_aware,dense,fault_stale,stale,,19,579943,False,True,False,False,92.00000000000003,400,2.6974522797470306,6.662819033604247,41.07559534118364,46
D_nsga2_flc_fault_aware,dense,fault_stale,stale,,20,727353,False,True,False,False,104.00000000000001,400,2.497117071270302,3.547139767449981,90.96730702489037,52
D_nsga2_flc_fault_aware,dense,fault_stale,stale,,21,6151,False,True,False,False,71.99999999999999,400,1.726842389439482,6.745515828850562,72.9355043057122,36
D_nsga2_flc_fault_aware,dense,fault_stale,stale,,22,710788,False,True,False,False,86.0,400,1.539365381912118,4.830143109747358,35.25116919930669,43
D_nsga2_flc_fault_aware,dense,fault_stale,stale,,23,138531,False,True,False,False,170.0,400,1.687165768796208,6.483949019689155,95.89956153362492,85
D_nsga2_flc_fault_aware,dense,fault_stale,stale,,24,281206,False,True,False,False,66.00000000000001,400,3.8761267377181463,3.750823106916428,63.292709366042054,33
D_nsga2_flc_fault_aware,dense,fault_stale,stale,,25,90320,False,True,False,False,98.0,400,2.8372048721990035,4.011329148600617,62.45651807361733,49
D_nsga2_flc_fault_aware,dense,fault_stale,stale,,26,473688,False,True,False,False,111.99999999999999,400,1.894222608091121,3.942954277650802,90.11017593648414,56
D_nsga2_flc_fault_aware,dense,fault_stale,stale,,27,950752,False,True,False,False,28.0,400,2.337949923717232,15.314010909219292,93.11692315384146,14
D_nsga2_flc_fault_aware,dense,fault_stale,stale,,28,974050,False,True,False,False,32.0,400,2.513216076529983,14.83742674618403,95.56007522411598,16
D_nsga2_flc_fault_aware,dense,fault_stale,stale,,29,162968,False,True,False,False,84.0,400,3.3704809885793683,3.3562267618841766,39.320137641067106,42
D_nsga2_flc_fault_aware,dense,fault_stale,stale,,30,247501,False,True,False,False,76.0,400,3.9076065549986363,3.7388278357388263,81.83247691391193,38
D_nsga2_flc_fault_aware,dense,fault_stale,stale,,31,611736,False,True,False,False,98.0,400,1.8896819905927564,6.119651203961156,67.39922078450225,49
D_nsga2_flc_fault_aware,dense,fault_stale,stale,,32,202663,False,True,False,False,12.0,400,1.758626514718466,19.36,107.13630205392622,6
D_nsga2_flc_fault_aware,dense,fault_stale,stale,,33,749349,False,True,False,False,61.99999999999999,400,1.8321270375156578,7.083427902920885,65.3269823518329,31
D_nsga2_flc_fault_aware,dense,fault_stale,stale,,34,67944,False,True,False,False,86.0,400,2.4667596162269376,6.358460291476725,78.14996139730096,43
D_nsga2_flc_fault_aware,dense,fault_stale,stale,,35,667972,False,True,False,False,62.0,400,1.6818974462499598,6.137398875847867,65.41165022801898,31
D_nsga2_flc_fault_aware,dense,fault_stale,stale,,36,284085,False,True,False,False,88.0,400,2.0545181203352745,5.4811665414093165,77.90114374168692,44
D_nsga2_flc_fault_aware,dense,fault_stale,stale,,37,56648,False,True,False,False,110.0,400,2.835466203010716,2.497094179871439,91.04960123900835,55
D_nsga2_flc_fault_aware,dense,fault_stale,stale,,38,883846,False,True,False,False,46.0,400,1.675727640019688,5.152635472452957,91.63273339300109,23
D_nsga2_flc_fault_aware,dense,fault_stale,stale,,39,542999,False,True,False,False,126.0,400,1.9591573009803196,5.351190648273586,73.22451279516574,63
D_nsga2_flc_fault_aware,dense,fault_stale,stale,,40,876790,False,True,False,False,48.00000000000001,400,3.167033705913261,3.4395257546402873,72.86745008886014,24
D_nsga2_flc_fault_aware,dense,fault_stale,stale,,41,864562,False,True,False,False,32.00000000000001,400,1.6805325770631143,5.043171278390125,95.60098853907934,16
D_nsga2_flc_fault_aware,dense,fault_stale,stale,,42,110485,False,True,False,False,156.0,400,2.1851058489595405,4.892163057485804,95.75705517345541,78
D_nsga2_flc_fault_aware,dense,fault_stale,stale,,43,8300,False,True,False,False,78.0,400,2.409578948326254,17.232753679370248,77.1312544279491,39
D_nsga2_flc_fault_aware,dense,fault_stale,stale,,44,503793,False,True,False,False,38.0,400,2.932276355820482,4.076354551986278,82.28992165290164,19
D_nsga2_flc_fault_aware,dense,fault_stale,stale,,45,352372,False,True,False,False,38.00000000000001,400,2.6805105819113577,9.433051747601708,84.8745866895713,19
D_nsga2_flc_fault_aware,dense,fault_stale,stale,,46,454845,True,False,False,False,128.0,64,5.506123690827115,4.35483612757824,3.4927833744524133,64
D_nsga2_flc_fault_aware,dense,fault_stale,stale,,47,837206,False,True,False,False,56.0,400,1.7555629631068224,8.54047797891074,73.11665096755006,28
D_nsga2_flc_fault_aware,dense,fault_stale,stale,,48,834851,False,True,False,False,48.000000000000014,400,3.195975362224903,7.047352608768025,79.60283708527258,24
D_nsga2_flc_fault_aware,dense,fault_stale,stale,,49,457512,False,True,False,False,70.00000000000001,400,3.31808003185977,4.725262427425755,80.79704242418426,35
D_nsga2_flc_fault_aware,dense,fault_noise_spike_sev1,noise_spike,12.0,0,404653,False,True,False,False,110.0,400,2.4061469640617275,6.482928457541947,43.078710459989225,55
D_nsga2_flc_fault_aware,dense,fault_noise_spike_sev1,noise_spike,12.0,1,215753,False,True,False,False,482.0,400,2.825702934150325,3.8128127565469505,44.368596692001404,241
D_nsga2_flc_fault_aware,dense,fault_noise_spike_sev1,noise_spike,12.0,2,944924,False,True,False,False,16.000000000000004,400,2.6504066136338085,25.77,103.73052564900532,8
D_nsga2_flc_fault_aware,dense,fault_noise_spike_sev1,noise_spike,12.0,3,12413,False,True,False,False,32.0,400,2.217259890617849,8.696112259524876,87.360648410066,16
D_nsga2_flc_fault_aware,dense,fault_noise_spike_sev1,noise_spike,12.0,4,839153,False,True,False,False,100.0,400,2.946882086161782,7.3763976109933935,90.63427921008328,50
D_nsga2_flc_fault_aware,dense,fault_noise_spike_sev1,noise_spike,12.0,5,26206,False,True,False,False,98.00000000000003,400,2.5515187156377603,8.202502408321532,64.9927304746963,49
D_nsga2_flc_fault_aware,dense,fault_noise_spike_sev1,noise_spike,12.0,6,85702,False,True,False,False,108.0,400,2.362453489890137,6.203956708823828,91.80905674601286,54
D_nsga2_flc_fault_aware,dense,fault_noise_spike_sev1,noise_spike,12.0,7,720542,False,True,False,False,73.99999999999999,400,2.1358195097415718,6.702602645265429,57.64967980643655,37
D_nsga2_flc_fault_aware,dense,fault_noise_spike_sev1,noise_spike,12.0,8,43194,False,True,False,False,68.0,400,2.0866991220549655,4.561182952224748,61.03855457652598,34
D_nsga2_flc_fault_aware,dense,fault_noise_spike_sev1,noise_spike,12.0,9,76840,False,True,False,False,30.000000000000004,400,2.634650997188518,15.71956431151908,89.06833528595746,15
D_nsga2_flc_fault_aware,dense,fault_noise_spike_sev1,noise_spike,12.0,10,827195,False,True,False,False,113.99999999999999,400,2.5541090916071703,5.738320235006011,91.08341264589757,57
D_nsga2_flc_fault_aware,dense,fault_noise_spike_sev1,noise_spike,12.0,11,891107,False,True,False,False,45.99999999999999,400,1.9966520186831196,9.839652509488916,85.73404595618472,23
D_nsga2_flc_fault_aware,dense,fault_noise_spike_sev1,noise_spike,12.0,12,419585,False,True,False,False,96.0,400,2.418391498206846,5.129108646950841,91.54119265082586,48
D_nsga2_flc_fault_aware,dense,fault_noise_spike_sev1,noise_spike,12.0,13,197278,False,True,False,False,54.0,400,2.7435786074526405,6.7788130393083685,67.79627170318555,27
D_nsga2_flc_fault_aware,dense,fault_noise_spike_sev1,noise_spike,12.0,14,662269,False,True,False,False,103.99999999999997,400,2.273784851363544,10.090571043693195,48.84498915402107,52
D_nsga2_flc_fault_aware,dense,fault_noise_spike_sev1,noise_spike,12.0,15,666954,False,True,False,False,26.0,400,1.7492527984328652,18.582255305929934,98.89718347276201,13
D_nsga2_flc_fault_aware,dense,fault_noise_spike_sev1,noise_spike,12.0,16,764983,False,True,False,False,30.0,400,2.0170530068498147,10.272904989130854,90.64410290535781,15
D_nsga2_flc_fault_aware,dense,fault_noise_spike_sev1,noise_spike,12.0,17,888532,False,True,False,False,108.00000000000003,400,2.1115391139184227,3.7186535236467306,60.27619159525278,54
D_nsga2_flc_fault_aware,dense,fault_noise_spike_sev1,noise_spike,12.0,18,155719,False,True,False,False,112.00000000000001,400,2.086780349941039,5.445736152520966,91.93233166736147,56
D_nsga2_flc_fault_aware,dense,fault_noise_spike_sev1,noise_spike,12.0,19,579943,False,True,False,False,90.0,400,2.959596696385891,5.293900355124999,37.21351593770251,45
D_nsga2_flc_fault_aware,dense,fault_noise_spike_sev1,noise_spike,12.0,20,727353,False,True,False,False,104.0,400,3.16647563904008,6.475656667484884,90.9963251830114,52
D_nsga2_flc_fault_aware,dense,fault_noise_spike_sev1,noise_spike,12.0,21,6151,False,True,False,False,96.0,400,1.6239519805543015,6.2038279056848,87.76027751093143,48
D_nsga2_flc_fault_aware,dense,fault_noise_spike_sev1,noise_spike,12.0,22,710788,False,True,False,False,112.0,400,1.5492306989139564,4.7158023232136586,46.74653085098579,56
D_nsga2_flc_fault_aware,dense,fault_noise_spike_sev1,noise_spike,12.0,23,138531,False,True,False,False,100.0,400,2.213008582531582,5.205968342236271,37.258243004937896,50
D_nsga2_flc_fault_aware,dense,fault_noise_spike_sev1,noise_spike,12.0,24,281206,False,True,False,False,126.00000000000001,400,1.7534471882405978,3.1072753397001747,91.32187589078853,63
D_nsga2_flc_fault_aware,dense,fault_noise_spike_sev1,noise_spike,12.0,25,90320,False,True,False,False,83.99999999999999,400,1.7063618875871462,4.73137882754779,65.92786453733795,42
D_nsga2_flc_fault_aware,dense,fault_noise_spike_sev1,noise_spike,12.0,26,473688,False,True,False,False,112.0,400,3.237193013622785,4.5856744312782345,90.80593418160119,56
D_nsga2_flc_fault_aware,dense,fault_noise_spike_sev1,noise_spike,12.0,27,950752,False,True,False,False,28.0,400,2.337949923717232,15.314010909219292,93.11692315384146,14
D_nsga2_flc_fault_aware,dense,fault_noise_spike_sev1,noise_spike,12.0,28,974050,False,True,False,False,32.0,400,2.513216076529983,14.83742674618403,95.56007522411598,16
D_nsga2_flc_fault_aware,dense,fault_noise_spike_sev1,noise_spike,12.0,29,162968,False,True,False,False,84.00000000000001,400,2.314049477222165,5.181221299332688,39.221010466824545,42
D_nsga2_flc_fault_aware,dense,fault_noise_spike_sev1,noise_spike,12.0,30,247501,False,True,False,False,78.0,400,1.7082559015161254,3.784121821176367,82.40593644657133,39
D_nsga2_flc_fault_aware,dense,fault_noise_spike_sev1,noise_spike,12.0,31,611736,False,True,False,False,86.0,400,1.884083551078679,5.429358174553832,76.18743560127689,43
D_nsga2_flc_fault_aware,dense,fault_noise_spike_sev1,noise_spike,12.0,32,202663,False,True,False,False,12.0,400,1.758626514718466,19.36,107.13630205392622,6
D_nsga2_flc_fault_aware,dense,fault_noise_spike_sev1,noise_spike,12.0,33,749349,False,True,False,False,117.99999999999999,400,2.0230454139065084,4.836819624244027,54.22040755843407,59
D_nsga2_flc_fault_aware,dense,fault_noise_spike_sev1,noise_spike,12.0,34,67944,False,True,False,False,97.99999999999999,400,3.1412071455033987,5.792029950260216,53.2030847839992,49
D_nsga2_flc_fault_aware,dense,fault_noise_spike_sev1,noise_spike,12.0,35,667972,False,True,False,False,92.0,400,2.254213443849078,6.0335547284397,51.86242623936122,46
D_nsga2_flc_fault_aware,dense,fault_noise_spike_sev1,noise_spike,12.0,36,284085,False,True,False,False,82.0,400,3.292681995798612,7.353578711564737,78.81176386074914,41
D_nsga2_flc_fault_aware,dense,fault_noise_spike_sev1,noise_spike,12.0,37,56648,False,True,False,False,64.0,400,3.534990988558905,3.294069866407359,61.82117048677945,32
D_nsga2_flc_fault_aware,dense,fault_noise_spike_sev1,noise_spike,12.0,38,883846,False,True,False,False,44.0,400,3.2445490925166243,12.458647626209444,87.77349803969896,22
D_nsga2_flc_fault_aware,dense,fault_noise_spike_sev1,noise_spike,12.0,39,542999,False,True,False,False,76.0,400,3.183800944588804,8.162277177722135,45.68913526892987,38
D_nsga2_flc_fault_aware,dense,fault_noise_spike_sev1,noise_spike,12.0,40,876790,False,True,False,False,48.0,400,2.2614605883862597,4.388175630540899,76.3688405216453,24
D_nsga2_flc_fault_aware,dense,fault_noise_spike_sev1,noise_spike,12.0,41,864562,False,True,False,False,32.0,400,1.736762977722852,8.695652098797513,91.11152140499364,16
D_nsga2_flc_fault_aware,dense,fault_noise_spike_sev1,noise_spike,12.0,42,110485,False,True,False,False,114.0,400,2.121175477497173,4.38276452762837,91.88494928731129,57
D_nsga2_flc_fault_aware,dense,fault_noise_spike_sev1,noise_spike,12.0,43,8300,False,True,False,False,78.0,400,2.409578948326254,17.067712387297473,77.04837657763713,39
D_nsga2_flc_fault_aware,dense,fault_noise_spike_sev1,noise_spike,12.0,44,503793,False,True,False,False,38.0,400,2.932276355820482,4.076354551986278,82.28992165290164,19
D_nsga2_flc_fault_aware,dense,fault_noise_spike_sev1,noise_spike,12.0,45,352372,False,True,False,False,38.00000000000001,400,2.6805105819113577,9.433051747601708,84.8745866895713,19
D_nsga2_flc_fault_aware,dense,fault_noise_spike_sev1,noise_spike,12.0,46,454845,False,True,False,False,112.0,400,1.7204278465055,5.846860397459336,26.04110785355401,56
D_nsga2_flc_fault_aware,dense,fault_noise_spike_sev1,noise_spike,12.0,47,837206,False,True,False,False,54.0,400,1.684775638792783,11.288882094031012,70.04380423000435,27
D_nsga2_flc_fault_aware,dense,fault_noise_spike_sev1,noise_spike,12.0,48,834851,False,True,False,False,48.000000000000014,400,3.195975362224903,7.047352608768025,79.60283708527258,24
D_nsga2_flc_fault_aware,dense,fault_noise_spike_sev1,noise_spike,12.0,49,457512,False,True,False,False,70.0,400,2.97527860608656,8.106455794550737,77.01416006749749,35
D_nsga2_flc_fault_aware,dense,fault_noise_spike_sev2,noise_spike,30.0,0,404653,False,True,False,False,61.99999999999999,400,1.7677109633653685,9.070726518459635,59.51055097315955,31
D_nsga2_flc_fault_aware,dense,fault_noise_spike_sev2,noise_spike,30.0,1,215753,False,True,False,False,140.0,400,2.4316594565636045,8.64309135492445,7.940244642275892,70
D_nsga2_flc_fault_aware,dense,fault_noise_spike_sev2,noise_spike,30.0,2,944924,False,True,False,False,16.000000000000004,400,2.6504066136338085,25.77,103.73052564900532,8
D_nsga2_flc_fault_aware,dense,fault_noise_spike_sev2,noise_spike,30.0,3,12413,False,True,False,False,32.0,400,2.217259890617849,8.696112259524876,87.360648410066,16
D_nsga2_flc_fault_aware,dense,fault_noise_spike_sev2,noise_spike,30.0,4,839153,False,True,False,False,79.99999999999999,400,2.0482069356872903,7.588321785130923,65.335970134775,40
D_nsga2_flc_fault_aware,dense,fault_noise_spike_sev2,noise_spike,30.0,5,26206,False,True,False,False,51.999999999999986,400,2.9551868988925594,10.521540643964341,77.081162239883,26
D_nsga2_flc_fault_aware,dense,fault_noise_spike_sev2,noise_spike,30.0,6,85702,False,True,False,False,94.0,400,1.8849059934937924,6.924101078269036,75.16084327616593,47
D_nsga2_flc_fault_aware,dense,fault_noise_spike_sev2,noise_spike,30.0,7,720542,False,True,False,False,73.99999999999999,400,2.1358195097415718,6.702602645265429,57.64967980643655,37
D_nsga2_flc_fault_aware,dense,fault_noise_spike_sev2,noise_spike,30.0,8,43194,False,True,False,False,68.0,400,2.0892188337431943,4.588326507299848,61.0490535031064,34
D_nsga2_flc_fault_aware,dense,fault_noise_spike_sev2,noise_spike,30.0,9,76840,False,True,False,False,30.000000000000004,400,2.634650997188518,15.71956431151908,89.06833528595746,15
D_nsga2_flc_fault_aware,dense,fault_noise_spike_sev2,noise_spike,30.0,10,827195,False,True,False,False,66.0,400,3.5710897024124955,6.435810812217336,63.87230831075698,33
D_nsga2_flc_fault_aware,dense,fault_noise_spike_sev2,noise_spike,30.0,11,891107,False,True,False,False,45.99999999999999,400,1.9966520186831196,9.839652509488916,85.73404595618472,23
D_nsga2_flc_fault_aware,dense,fault_noise_spike_sev2,noise_spike,30.0,12,419585,False,True,False,False,94.0,400,2.6473622186540315,7.721501718404414,81.55905328848554,47
D_nsga2_flc_fault_aware,dense,fault_noise_spike_sev2,noise_spike,30.0,13,197278,False,True,False,False,54.0,400,2.729758784190859,6.688830271896289,67.84914204360064,27
D_nsga2_flc_fault_aware,dense,fault_noise_spike_sev2,noise_spike,30.0,14,662269,False,True,False,False,106.0,400,1.6639172590375433,11.215680084628595,85.74996286837893,53
D_nsga2_flc_fault_aware,dense,fault_noise_spike_sev2,noise_spike,30.0,15,666954,False,True,False,False,26.0,400,1.7492527984328652,18.582255305929934,98.89718347276201,13
D_nsga2_flc_fault_aware,dense,fault_noise_spike_sev2,noise_spike,30.0,16,764983,False,True,False,False,29.999999999999996,400,2.0170530068498147,10.261857430985007,90.63489251702367,15
D_nsga2_flc_fault_aware,dense,fault_noise_spike_sev2,noise_spike,30.0,17,888532,False,True,False,False,78.00000000000003,400,2.651279079156519,6.5338240573367585,45.08750986292077,39
D_nsga2_flc_fault_aware,dense,fault_noise_spike_sev2,noise_spike,30.0,18,155719,False,True,False,False,106.00000000000001,400,1.8622606061376663,7.152123403817624,86.29469952622232,53
D_nsga2_flc_fault_aware,dense,fault_noise_spike_sev2,noise_spike,30.0,19,579943,False,True,False,False,90.0,400,3.1193927194738835,4.877794556063519,36.72367695892599,45
D_nsga2_flc_fault_aware,dense,fault_noise_spike_sev2,noise_spike,30.0,20,727353,False,True,False,False,106.00000000000001,400,1.9795363681692821,5.339508164379175,92.06410809647258,53
D_nsga2_flc_fault_aware,dense,fault_noise_spike_sev2,noise_spike,30.0,21,6151,False,True,False,False,93.99999999999999,400,2.1068182544724694,6.050202534633815,83.64238468953874,47
D_nsga2_flc_fault_aware,dense,fault_noise_spike_sev2,noise_spike,30.0,22,710788,False,True,False,False,87.99999999999999,400,1.5276339762073647,7.007790232818167,34.40163535305718,44
D_nsga2_flc_fault_aware,dense,fault_noise_spike_sev2,noise_spike,30.0,23,138531,False,True,False,False,86.0,400,2.6223098253132973,6.774665114119836,33.85777986442485,43
D_nsga2_flc_fault_aware,dense,fault_noise_spike_sev2,noise_spike,30.0,24,281206,False,True,False,False,100.0,400,3.0424355090835022,6.15261872024545,51.890738549256746,50
D_nsga2_flc_fault_aware,dense,fault_noise_spike_sev2,noise_spike,30.0,25,90320,False,True,False,False,102.0,400,1.858580631496818,7.071583835849902,73.05123316747373,51
D_nsga2_flc_fault_aware,dense,fault_noise_spike_sev2,noise_spike,30.0,26,473688,False,True,False,False,114.0,400,2.8568861360132463,4.759516952279521,90.90852198338058,57
D_nsga2_flc_fault_aware,dense,fault_noise_spike_sev2,noise_spike,30.0,27,950752,False,True,False,False,28.0,400,2.337949923717232,15.314010909219292,93.11692315384146,14
D_nsga2_flc_fault_aware,dense,fault_noise_spike_sev2,noise_spike,30.0,28,974050,False,True,False,False,32.0,400,2.513216076529983,14.83742674618403,95.56007522411598,16
D_nsga2_flc_fault_aware,dense,fault_noise_spike_sev2,noise_spike,30.0,29,162968,False,True,False,False,102.00000000000001,400,3.2911835964576315,5.785972023012296,25.629821274581335,51
D_nsga2_flc_fault_aware,dense,fault_noise_spike_sev2,noise_spike,30.0,30,247501,False,True,False,False,78.0,400,1.7094096187571926,3.782272424568562,82.41080737014805,39
D_nsga2_flc_fault_aware,dense,fault_noise_spike_sev2,noise_spike,30.0,31,611736,False,True,False,False,88.0,400,1.7104815350540337,6.933384509563118,70.12637253184833,44
D_nsga2_flc_fault_aware,dense,fault_noise_spike_sev2,noise_spike,30.0,32,202663,False,True,False,False,12.0,400,1.758626514718466,19.36,107.13630205392622,6
D_nsga2_flc_fault_aware,dense,fault_noise_spike_sev2,noise_spike,30.0,33,749349,False,True,False,False,123.99999999999999,400,2.087935694884122,6.408846316868222,14.993630507084495,62
D_nsga2_flc_fault_aware,dense,fault_noise_spike_sev2,noise_spike,30.0,34,67944,False,True,False,False,100.0,400,3.057175804515819,5.226639962043978,44.81337459583807,50
D_nsga2_flc_fault_aware,dense,fault_noise_spike_sev2,noise_spike,30.0,35,667972,False,True,False,False,92.00000000000001,400,1.8414796370038307,7.81153748131937,48.34961569887589,46
D_nsga2_flc_fault_aware,dense,fault_noise_spike_sev2,noise_spike,30.0,36,284085,False,True,False,False,98.0,400,2.037910600451401,10.12730057881465,59.00647710783972,49
D_nsga2_flc_fault_aware,dense,fault_noise_spike_sev2,noise_spike,30.0,37,56648,False,True,False,False,63.999999999999986,400,3.890406080417123,6.666069905716202,62.780597577432914,32
D_nsga2_flc_fault_aware,dense,fault_noise_spike_sev2,noise_spike,30.0,38,883846,False,True,False,False,44.0,400,3.2419541352795513,12.433896996409828,87.83789305973896,22
D_nsga2_flc_fault_aware,dense,fault_noise_spike_sev2,noise_spike,30.0,39,542999,False,True,False,False,144.0,400,2.0113136102840334,4.444680247898413,90.99398146974951,72
D_nsga2_flc_fault_aware,dense,fault_noise_spike_sev2,noise_spike,30.0,40,876790,False,True,False,False,48.0,400,2.2598134947314583,4.633645484139467,77.39216540153922,24
D_nsga2_flc_fault_aware,dense,fault_noise_spike_sev2,noise_spike,30.0,41,864562,False,True,False,False,32.0,400,1.7015232212832212,9.417395231909007,91.14537620435061,16
D_nsga2_flc_fault_aware,dense,fault_noise_spike_sev2,noise_spike,30.0,42,110485,False,True,False,False,114.0,400,2.4917860507659313,3.9270535905360164,91.56072593027395,57
D_nsga2_flc_fault_aware,dense,fault_noise_spike_sev2,noise_spike,30.0,43,8300,False,True,False,False,78.0,400,2.409578948326254,19.494141019515542,78.02571102185757,39
D_nsga2_flc_fault_aware,dense,fault_noise_spike_sev2,noise_spike,30.0,44,503793,False,True,False,False,38.0,400,2.932276355820482,4.076354551986278,82.28992165290164,19
D_nsga2_flc_fault_aware,dense,fault_noise_spike_sev2,noise_spike,30.0,45,352372,False,True,False,False,38.00000000000001,400,2.6805105819113577,9.433051747601708,84.8745866895713,19
D_nsga2_flc_fault_aware,dense,fault_noise_spike_sev2,noise_spike,30.0,46,454845,False,True,False,False,76.0,400,3.17413008906039,6.407518828612547,56.685954680429745,38
D_nsga2_flc_fault_aware,dense,fault_noise_spike_sev2,noise_spike,30.0,47,837206,False,True,False,False,52.0,400,2.7710994612327826,10.89068696203686,75.1827683741873,26
D_nsga2_flc_fault_aware,dense,fault_noise_spike_sev2,noise_spike,30.0,48,834851,False,True,False,False,48.000000000000014,400,3.195975362224903,7.047352608768025,79.60283708527258,24
D_nsga2_flc_fault_aware,dense,fault_noise_spike_sev2,noise_spike,30.0,49,457512,False,True,False,False,70.0,400,2.7244029613952865,9.367335736288512,78.45894446342184,35
D_nsga2_flc_fault_aware,dense,fault_noise_spike_sev3,noise_spike,60.0,0,404653,False,True,False,False,70.0,400,3.7546805108480803,10.517252684782466,50.163349775976435,35
D_nsga2_flc_fault_aware,dense,fault_noise_spike_sev3,noise_spike,60.0,1,215753,False,True,False,False,140.0,400,2.0313059108219154,9.045028771625653,13.82127961883199,70
D_nsga2_flc_fault_aware,dense,fault_noise_spike_sev3,noise_spike,60.0,2,944924,False,True,False,False,16.000000000000004,400,2.6504066136338085,25.77,103.73052564900532,8
D_nsga2_flc_fault_aware,dense,fault_noise_spike_sev3,noise_spike,60.0,3,12413,False,True,False,False,32.0,400,2.217259890617849,8.696112259524876,87.360648410066,16
D_nsga2_flc_fault_aware,dense,fault_noise_spike_sev3,noise_spike,60.0,4,839153,False,True,False,False,88.0,400,3.073661364912025,6.434052258837366,61.306169458774974,44
D_nsga2_flc_fault_aware,dense,fault_noise_spike_sev3,noise_spike,60.0,5,26206,False,True,False,False,100.0,400,2.6890904330582623,9.203155576574158,46.85065327864227,50
D_nsga2_flc_fault_aware,dense,fault_noise_spike_sev3,noise_spike,60.0,6,85702,False,True,False,False,94.0,400,2.231559699808165,6.813304683132442,74.7964606972313,47
D_nsga2_flc_fault_aware,dense,fault_noise_spike_sev3,noise_spike,60.0,7,720542,False,True,False,False,73.99999999999999,400,2.1358195097415718,6.702602645265429,57.64967980643655,37
D_nsga2_flc_fault_aware,dense,fault_noise_spike_sev3,noise_spike,60.0,8,43194,False,True,False,False,68.0,400,2.075082439984671,4.595807623602151,61.04073079978698,34
D_nsga2_flc_fault_aware,dense,fault_noise_spike_sev3,noise_spike,60.0,9,76840,False,True,False,False,30.000000000000004,400,2.634650997188518,15.71956431151908,89.06833528595746,15
D_nsga2_flc_fault_aware,dense,fault_noise_spike_sev3,noise_spike,60.0,10,827195,False,True,False,False,65.99999999999999,400,2.8275349406889028,12.655786624316574,62.257106410917835,33
D_nsga2_flc_fault_aware,dense,fault_noise_spike_sev3,noise_spike,60.0,11,891107,False,True,False,False,45.99999999999999,400,1.9966520186831196,9.839652509488916,85.73404595618472,23
D_nsga2_flc_fault_aware,dense,fault_noise_spike_sev3,noise_spike,60.0,12,419585,False,True,False,False,96.0,400,2.3958827961494733,7.675971189053045,69.22910761211995,48
D_nsga2_flc_fault_aware,dense,fault_noise_spike_sev3,noise_spike,60.0,13,197278,False,True,False,False,54.0,400,2.7855765586810652,5.510782997586962,67.97965657794181,27
D_nsga2_flc_fault_aware,dense,fault_noise_spike_sev3,noise_spike,60.0,14,662269,False,True,False,False,76.0,400,2.99348363595204,16.59966491979485,60.88689513070238,38
D_nsga2_flc_fault_aware,dense,fault_noise_spike_sev3,noise_spike,60.0,15,666954,False,True,False,False,26.0,400,1.7492527984328652,18.582255305929934,98.89718347276201,13
D_nsga2_flc_fault_aware,dense,fault_noise_spike_sev3,noise_spike,60.0,16,764983,False,True,False,False,30.0,400,2.0170530068498147,10.806175329671701,90.60074707936204,15
D_nsga2_flc_fault_aware,dense,fault_noise_spike_sev3,noise_spike,60.0,17,888532,False,True,False,False,78.0,400,2.350855025915165,7.148170571496315,45.867674112865195,39
D_nsga2_flc_fault_aware,dense,fault_noise_spike_sev3,noise_spike,60.0,18,155719,False,True,False,False,98.0,400,2.4199962325914623,8.415358154664156,51.69883474382694,49
D_nsga2_flc_fault_aware,dense,fault_noise_spike_sev3,noise_spike,60.0,19,579943,False,True,False,False,90.0,400,3.583765521396338,5.092298313532281,37.08706390575441,45
D_nsga2_flc_fault_aware,dense,fault_noise_spike_sev3,noise_spike,60.0,20,727353,False,True,False,False,110.0,400,1.512023370307609,6.446162097998758,50.99563340294903,55
D_nsga2_flc_fault_aware,dense,fault_noise_spike_sev3,noise_spike,60.0,21,6151,False,True,False,False,71.99999999999997,400,1.7902665807408384,7.101553362333633,78.45747242321731,36
D_nsga2_flc_fault_aware,dense,fault_noise_spike_sev3,noise_spike,60.0,22,710788,False,True,False,False,86.0,400,2.357467462725089,8.767548043002703,35.902863614636225,43
D_nsga2_flc_fault_aware,dense,fault_noise_spike_sev3,noise_spike,60.0,23,138531,False,True,False,False,70.0,400,1.72035010546633,9.895168158727577,49.82357272366148,35
D_nsga2_flc_fault_aware,dense,fault_noise_spike_sev3,noise_spike,60.0,24,281206,False,True,False,False,99.99999999999999,400,2.8443636875527387,6.472085479983024,52.42604994354621,50
D_nsga2_flc_fault_aware,dense,fault_noise_spike_sev3,noise_spike,60.0,25,90320,False,True,False,False,83.99999999999999,400,2.3603766557076353,7.263821990920937,46.53406610179421,42
D_nsga2_flc_fault_aware,dense,fault_noise_spike_sev3,noise_spike,60.0,26,473688,False,True,False,False,113.99999999999999,400,1.54788819846544,5.052076434572726,90.85959562996973,57
D_nsga2_flc_fault_aware,dense,fault_noise_spike_sev3,noise_spike,60.0,27,950752,False,True,False,False,28.0,400,2.337949923717232,15.314010909219292,93.11692315384146,14
D_nsga2_flc_fault_aware,dense,fault_noise_spike_sev3,noise_spike,60.0,28,974050,False,True,False,False,32.0,400,2.513216076529983,14.83742674618403,95.56007522411598,16
D_nsga2_flc_fault_aware,dense,fault_noise_spike_sev3,noise_spike,60.0,29,162968,False,True,False,False,56.0,400,3.431035480701204,9.378320366378732,64.17348128826764,28
D_nsga2_flc_fault_aware,dense,fault_noise_spike_sev3,noise_spike,60.0,30,247501,False,True,False,False,78.0,400,1.7132961575958698,3.7630975541971785,82.40558346712426,39
D_nsga2_flc_fault_aware,dense,fault_noise_spike_sev3,noise_spike,60.0,31,611736,False,True,False,False,90.0,400,2.0529048776098437,6.2147895145181025,69.64672689639784,45
D_nsga2_flc_fault_aware,dense,fault_noise_spike_sev3,noise_spike,60.0,32,202663,False,True,False,False,12.0,400,1.758626514718466,19.36,107.13630205392622,6
D_nsga2_flc_fault_aware,dense,fault_noise_spike_sev3,noise_spike,60.0,33,749349,False,True,False,False,104.0,400,2.1748214670952963,6.642833580109019,39.82787342676577,52
D_nsga2_flc_fault_aware,dense,fault_noise_spike_sev3,noise_spike,60.0,34,67944,False,True,False,False,62.0,400,3.2005577751589835,7.81678644962737,68.98321354342143,31
D_nsga2_flc_fault_aware,dense,fault_noise_spike_sev3,noise_spike,60.0,35,667972,False,True,False,False,84.0,400,2.1770693643980694,7.377822358139194,45.9751655793813,42
D_nsga2_flc_fault_aware,dense,fault_noise_spike_sev3,noise_spike,60.0,36,284085,False,True,False,False,98.0,400,2.194659824811768,9.911169910196403,58.44545011088837,49
D_nsga2_flc_fault_aware,dense,fault_noise_spike_sev3,noise_spike,60.0,37,56648,False,True,False,False,89.99999999999999,400,2.0336745416175703,7.777007482068367,32.312103026744445,45
D_nsga2_flc_fault_aware,dense,fault_noise_spike_sev3,noise_spike,60.0,38,883846,False,True,False,False,44.0,400,3.139024378282716,9.486430053676917,89.49858506580168,22
D_nsga2_flc_fault_aware,dense,fault_noise_spike_sev3,noise_spike,60.0,39,542999,False,True,False,False,77.99999999999999,400,1.9261405134594802,8.160039791605346,43.10239210387386,39
D_nsga2_flc_fault_aware,dense,fault_noise_spike_sev3,noise_spike,60.0,40,876790,False,True,False,False,77.99999999999997,400,2.783331666813977,9.806522351023348,70.49906426198626,39
D_nsga2_flc_fault_aware,dense,fault_noise_spike_sev3,noise_spike,60.0,41,864562,False,True,False,False,30.000000000000004,400,3.4345185459565495,18.35739056179047,95.24101468998752,15
D_nsga2_flc_fault_aware,dense,fault_noise_spike_sev3,noise_spike,60.0,42,110485,False,True,False,False,116.0,400,2.710500761667888,3.9941270419585413,91.43211833768596,58
D_nsga2_flc_fault_aware,dense,fault_noise_spike_sev3,noise_spike,60.0,43,8300,False,True,False,False,78.0,400,2.409578948326254,17.99910671438695,78.3018679653017,39
D_nsga2_flc_fault_aware,dense,fault_noise_spike_sev3,noise_spike,60.0,44,503793,False,True,False,False,38.0,400,2.932276355820482,4.076354551986278,82.28992165290164,19
D_nsga2_flc_fault_aware,dense,fault_noise_spike_sev3,noise_spike,60.0,45,352372,False,True,False,False,38.00000000000001,400,2.6805105819113577,9.433051747601708,84.8745866895713,19
D_nsga2_flc_fault_aware,dense,fault_noise_spike_sev3,noise_spike,60.0,46,454845,False,True,False,False,137.99999999999997,400,3.0065280315336937,9.546897329346551,10.440609095448588,69
D_nsga2_flc_fault_aware,dense,fault_noise_spike_sev3,noise_spike,60.0,47,837206,False,True,False,False,52.0,400,2.1206827777938764,9.81025773751254,73.39264851445061,26
D_nsga2_flc_fault_aware,dense,fault_noise_spike_sev3,noise_spike,60.0,48,834851,False,True,False,False,48.000000000000014,400,3.195975362224903,7.047352608768025,79.60283708527258,24
D_nsga2_flc_fault_aware,dense,fault_noise_spike_sev3,noise_spike,60.0,49,457512,False,True,False,False,69.99999999999999,400,2.6223000569168935,10.437547461551548,78.86362774611018,35
